transaction_id,rotate_id,msisdn,received_time,event_code,status,amount,currency
b4ddb095-4b4f-422a-a890-34eeca2aa970,0d104503-83cc-4bf1-9181-2bfcb14ba5f1,447734540056,2026-01-01 00:03:59.000,1,FAILED,0,GBP
1f76d867-617f-4ba1-929a-e682c67a0a3d,d7897e4a-f9e5-45a1-82c2-992e50b643eb,447747638271,2026-01-01 00:21:04.000,2,PENDING,0,GBP
9508f487-abb2-47a3-a12b-1d44c494af83,1f013b07-f2fb-4b4a-9b0f-0fd72442a7e0,447729001880,2026-01-01 00:39:44.000,1,FAILED,0,GBP
83c5280c-bfbc-41ba-a1c6-51da8ccd9238,402f3967-1925-4e55-8ead-2e2253edca42,447711790860,2026-01-01 00:42:55.000,1,SUCCESS,0,GBP
a3ad294f-f1bf-468f-b846-57a649f95a55,9af90657-648f-464f-ac86-f0617750eedc,447760314807,2026-01-01 01:19:12.000,2,SUCCESS,2.49,GBP
8482b45d-9285-4877-becc-0d9140aa5461,6d6979a0-8590-4fc9-ad76-298d361d0f5d,447708215004,2026-01-01 01:52:50.000,1,FAILED,0,GBP
f98fe4cc-0b46-4284-bfcc-d51682cc0185,a11a71ec-6a90-46ad-bd7f-82cba2d27417,447714008928,2026-01-01 02:04:50.000,1,FAILED,0,GBP
078be3e6-c546-4b5d-a998-f7a721365a20,521ad28c-f950-4774-bc36-1bc650a78865,447782041003,2026-01-01 03:32:11.000,1,FAILED,0,GBP
fcf213a8-0636-4d69-91f1-a80ed020b9a1,918c36a0-6005-4002-ae2d-9a225ef402fd,447703145143,2026-01-01 03:55:27.000,1,FAILED,0,GBP
2ecc6666-1e73-4240-8f4d-4e683663758b,f22d6518-04d7-4ac8-9116-250f933507c5,447740783910,2026-01-01 04:10:04.000,1,SUCCESS,0,GBP
aba151e5-1cc6-4140-b9dc-04718a2fd50e,694c648a-6615-40ca-8485-490e2ffdd498,447720899550,2026-01-01 04:48:35.000,2,PENDING,0,GBP
9f20c1a4-31fd-4c98-b747-c7810ec7b84b,c866b53a-ee63-41d7-a6f3-8de942381044,447736424452,2026-01-01 05:27:41.000,2,SUCCESS,1.99,GBP
2977d67c-ccb2-4e0c-aabe-5e72809200af,b74f8b7c-cfde-40a6-a210-332c8205cff0,447770147046,2026-01-01 06:51:43.000,2,SUCCESS,1.99,GBP
4de91d96-9bfe-4250-a325-8cb40e13608d,5ba085e7-3939-4a94-96cd-07bc1ff8e348,447773226213,2026-01-01 07:27:12.000,1,SUCCESS,0,GBP
388bfdbe-bcce-4a7d-b940-f292133d584f,558467b7-4d8b-4eb9-a048-bbf33190dc7e,447710834088,2026-01-01 07:28:18.000,1,PENDING,0,GBP
acfd68f8-3956-47e9-a262-31a6642a300c,d6b1604d-019b-4b55-9cbe-a6f059b1e562,447703999571,2026-01-01 07:57:59.000,1,FAILED,0,GBP
fae46221-a5e1-4213-8904-2f9d86454750,04ec1ed1-657f-45db-9b3b-c26b90725ce1,447701563524,2026-01-01 08:29:34.000,2,SUCCESS,1.99,GBP
249d6fd5-b21d-417d-972b-e8928a3128ac,5e946e71-299e-4cce-a4ff-3fb3776e4d99,447794251807,2026-01-01 09:54:00.000,1,SUCCESS,0,GBP
9ad0ed7a-d747-4436-b4ea-dbf23a14c387,c15ae5dd-2ed7-4a8a-9c4b-f205d13ff34b,447781719986,2026-01-01 09:55:16.000,2,FAILED,0,GBP
0e97e9a4-f527-4858-8520-e9f7b8f5d687,5b43484a-c7f3-4dcc-9135-a24f346f69d2,447755515966,2026-01-01 09:56:09.000,1,FAILED,0,GBP
6b4badce-bede-4ab6-849d-016895b186e1,1834cddb-772b-4357-8208-6c8530749ecf,447781976545,2026-01-01 10:15:54.000,1,SUCCESS,0,GBP
0aa9408e-08db-4922-9715-0c4732ae6344,020769f7-7777-467a-96c6-cbe5be646b66,447728436497,2026-01-01 10:48:28.000,2,SUCCESS,1.99,GBP
72905433-205b-442d-9733-eef58d5e76e8,625a7bbf-e828-4b97-b2ae-6146dcd720b4,447776851570,2026-01-01 10:51:46.000,2,SUCCESS,2.49,GBP
aa2d213e-59bd-4a29-b074-ed6a22c9223f,a8a4a35c-e0f6-4fc1-89e3-94e748639975,447754158939,2026-01-01 10:59:34.000,2,PENDING,0,GBP
645e68f9-6bf9-4c09-888e-b94428c82977,96eb5211-8637-401c-86d5-f0a0cbd04f34,447763548749,2026-01-01 12:04:43.000,2,FAILED,0,GBP
7e217a6f-afb8-4b84-bd70-299b439c9557,71b12e6f-7e4d-477d-bd01-f5b6ece91258,447791132930,2026-01-01 12:14:32.000,1,SUCCESS,0,GBP
f521cea7-e879-4ef1-8358-a7c447f426e7,2d04905a-0749-4a1d-be61-24d62ad03a57,447785038842,2026-01-01 12:19:25.000,1,SUCCESS,0,GBP
7f2952b1-f8a0-47e4-8405-043c6ade8458,05a07241-bb40-42ac-9b0a-92b3f38b0f75,447733342162,2026-01-01 13:58:23.000,2,SUCCESS,2.49,GBP
3aa64444-e2a4-4d60-940c-4b2ef5e0686c,8f143e1c-6df2-458d-9c77-6355fc3b0c73,447732509316,2026-01-01 14:25:39.000,1,PENDING,0,GBP
e5a5f892-2f24-4849-adae-797c4a481f01,fb06ac49-d2c1-47c8-a0ac-ff08e5a44e17,447796283559,2026-01-01 14:35:07.000,2,SUCCESS,2.49,GBP
14ce2a9a-5138-4a0b-a8d6-883f278ebda4,a49de27d-e2c5-48e1-a028-2eaddc956256,447793773782,2026-01-01 14:52:27.000,1,FAILED,0,GBP
9ebcd0bc-641a-4a6f-9598-4f3526f38a20,9bd71541-2f88-4d89-abbd-ab23deb84e14,447799611620,2026-01-01 15:01:21.000,2,SUCCESS,1.99,GBP
91f18e8f-4d52-4c48-9d20-6ae27f2f0e0f,99f67acf-02d8-4109-888e-32616165e6f9,447758676639,2026-01-01 15:18:16.000,1,SUCCESS,0,GBP
e7cabcb1-a52e-4785-a8fc-2fffd299dd30,555c1631-fda2-44aa-84f7-243dc353e03a,447770222953,2026-01-01 15:30:40.000,1,FAILED,0,GBP
8db4129b-fd1d-4b11-873f-a83888d37f71,641c5eeb-a9ed-4093-87d4-d33940d3a017,447739272910,2026-01-01 15:41:52.000,2,FAILED,0,GBP
786a428a-fe41-4793-8d55-37429768483e,de92012f-a83c-4ecd-be6c-ecc865f4845c,447725123134,2026-01-01 16:32:29.000,1,FAILED,0,GBP
f10a5b8f-902f-4c70-b33d-47c8f53baa3a,a33fc153-0b03-46b2-875e-aaf31f5125b5,447751785761,2026-01-01 17:15:20.000,2,PENDING,0,GBP
75247455-e75c-4dcd-bbef-de8cd0b28fef,f4967b2f-a449-4bbc-a359-4e2ace88dec6,447797166738,2026-01-01 17:24:55.000,2,FAILED,0,GBP
afa2d46f-4a6e-423e-a18e-e8ff19be5de2,b486a916-086a-4526-aa0c-2b5a12f34253,447749283441,2026-01-01 17:26:08.000,2,FAILED,0,GBP
1caa5f80-14b2-4ee6-8793-e051b9ec95d0,5a8d6cbf-144e-4d59-b040-3546b8cc8e87,447718237898,2026-01-01 18:07:50.000,2,PENDING,0,GBP
79b16c13-6be4-490c-bbf8-5bdf82213659,342e7ad6-0c68-4aa8-8232-e32ec2598cbe,447789173310,2026-01-01 18:37:34.000,2,PENDING,0,GBP
682363cc-0ea3-4f87-af3a-ca94dc6759b4,11836e14-379b-494c-a5cf-e0a0cb88eba5,447794596034,2026-01-01 18:41:50.000,2,SUCCESS,2.49,GBP
11cbb395-7f50-4ec6-a777-5d41150a66ab,0602bb24-f480-4ffb-80ae-a4cf4ddacf11,447749672955,2026-01-01 18:55:30.000,1,FAILED,0,GBP
d33e4e0b-93c6-408e-b17b-f12f7ecd3bfa,c6d8a3e4-de87-4ab6-81d1-0b23c4f61491,447759569631,2026-01-01 21:28:49.000,1,FAILED,0,GBP
850dea8f-82d5-4305-8b3c-d175d6bb581f,960c8cd4-efe2-4063-8385-008fc451bbb9,447712045987,2026-01-01 22:45:58.000,1,PENDING,0,GBP
be9194a0-5944-4625-827e-721c2e858ca9,1233af19-d175-4396-b81f-8febf9d75014,447778899993,2026-01-01 23:04:13.000,2,FAILED,0,GBP
8c0f9bdf-0223-4c3a-9381-0bf622193918,70e7da41-6bff-4282-9ac2-96dcb7f97297,447744663800,2026-01-01 23:55:57.000,2,FAILED,0,GBP
794e62b6-f216-40a5-b2a4-4f7625ded85a,8e707a30-41cc-4c08-a167-a8c8a87177c6,447794550305,2026-01-02 00:35:35.000,1,PENDING,0,GBP
4c8916f7-e14d-46c1-b01f-87168b0cb69f,0c4aa351-6cf1-4365-be36-4487dc5f2b31,447782106739,2026-01-02 00:39:33.000,2,SUCCESS,1.99,GBP
36097935-d7c8-4507-aad2-e2aa9f150134,75a1ab5d-3067-489f-aecc-096d672f8906,447786591665,2026-01-02 00:56:29.000,1,SUCCESS,0,GBP
cd5f24c6-cac4-4757-980a-757fa645e304,a04bca43-0586-412f-b460-93be4040decc,447720561058,2026-01-02 01:02:50.000,2,FAILED,0,GBP
4be8ffaf-1963-42db-ba43-26bcc6155cf7,b707fa07-a428-4e5f-ac11-ec7dbe0812bc,447790812683,2026-01-02 01:42:05.000,2,FAILED,0,GBP
c7fd5580-65d5-4172-9724-c434dfd90b14,9626bdb4-fd4c-47ab-ad6d-d0029291f35b,447716377771,2026-01-02 03:18:16.000,1,SUCCESS,0,GBP
64cc2f89-f21a-44c7-a51e-30f0098c4705,5fbd2ea2-23fd-4e87-91bb-7243bf539490,447771038862,2026-01-02 04:07:08.000,2,FAILED,0,GBP
557c4f76-0eed-496f-9ba6-9db97bd0b7ce,93a9a7f4-5943-4365-9366-f3a4e19353b1,447709476204,2026-01-02 04:12:43.000,1,PENDING,0,GBP
e266d3e2-a536-4b83-931b-2226149a29ed,9464ff3b-c154-4b15-958c-84b7e4282cbf,447750695709,2026-01-02 04:28:39.000,1,SUCCESS,0,GBP
eac8e778-3ef1-40a0-98d8-e9bf25d6d556,bc7d65a5-5775-4d86-956d-25a014ffffa3,447723650135,2026-01-02 05:33:53.000,1,FAILED,0,GBP
b88e1dd9-61e2-4204-896e-0f5c48ef43bc,0e77747b-b2f6-4ba4-8e21-a4f9239ad1bb,447709840600,2026-01-02 06:05:22.000,2,SUCCESS,2.49,GBP
ac7ca10c-f3ff-4109-a498-6ab238d43afb,f9f25093-ee7b-4633-93f2-99af8694cbcb,447770960649,2026-01-02 06:06:09.000,2,FAILED,0,GBP
e6840bcb-7582-4841-940f-0e96ab0d674e,894d8d3f-eec1-47aa-9350-8c416fa5f6f7,447704167756,2026-01-02 06:29:07.000,2,PENDING,0,GBP
70962c10-8f18-4979-8183-c609eae9c7f4,4d2c46f8-25c0-4225-a736-071d22cb5dda,447700486611,2026-01-02 06:45:32.000,1,FAILED,0,GBP
87fbeaba-72e6-40e6-bb60-9c0d9382088b,3cac937b-1148-4ff2-9485-5c7bb4290dd7,447703444981,2026-01-02 08:02:56.000,1,FAILED,0,GBP
81ec3d6c-0039-42fe-ab2c-f1387e7c7b9b,517c76dc-4b98-41f0-ab0d-8c8bb8489932,447738413664,2026-01-02 09:11:05.000,1,SUCCESS,0,GBP
52bfdd6a-fabd-47bb-9f97-23151171ec98,fec837d0-4244-40e8-8503-8b352afb3027,447767686323,2026-01-02 12:16:57.000,2,SUCCESS,1.99,GBP
b287cdce-97c8-4755-ad83-d10f29edff55,699bb721-574f-4eef-9a56-17f911aab56b,447765526715,2026-01-02 12:42:04.000,1,FAILED,0,GBP
1188d0fe-393a-4391-ba22-69a2c6b14547,a5ae0593-c458-4029-8539-1b4d0363f396,447735087446,2026-01-02 13:05:42.000,2,FAILED,0,GBP
ffec8358-5129-4e4a-a0a8-73a2c4c4429b,0389d64d-b9c3-4b5d-a6ba-ff5f775415a8,447704422092,2026-01-02 13:24:18.000,1,FAILED,0,GBP
77ed8324-d558-4695-a569-44bf7b124db2,a1724490-22b3-47bb-a3cf-e18eede783a3,447763421110,2026-01-02 13:25:29.000,1,FAILED,0,GBP
4f582be8-9766-4d66-b20a-6082e70484b9,47683f0e-676e-4256-9ccc-c09579ebf521,447730655028,2026-01-02 13:28:22.000,1,PENDING,0,GBP
63b6deab-1e07-44f9-9721-7ffa88037b6d,40283dbe-af31-4567-bc92-db2480210f7e,447755179030,2026-01-02 13:37:07.000,2,SUCCESS,1.99,GBP
e4566aaf-ef15-4116-bab7-99eee8a01c0a,40283dbe-af31-4567-bc92-db2480210f7e,447755179030,2026-01-02 13:37:19.000,1,SUCCESS,0,GBP
92cb829c-7818-4f96-b705-7665bd111226,7759c601-7323-4142-b12d-2835d18b8616,447702276520,2026-01-02 14:19:38.000,2,PENDING,0,GBP
95c7b240-baf3-41c5-9c01-6bf51b56c8a3,d637381d-3bda-4499-9b4d-033f4a32ab21,447775163764,2026-01-02 15:04:57.000,1,FAILED,0,GBP
876aadb1-f5ef-424a-a8fd-259ee87e2ecb,01585d66-d8ad-4f01-aaf1-76199feae795,447722381788,2026-01-02 16:10:13.000,1,SUCCESS,0,GBP
45d616fa-289d-43a8-8aa1-ce885afdb736,f145ba3d-abdb-458b-9e0b-a735a8f1bfb8,447730232102,2026-01-02 16:47:01.000,1,SUCCESS,0,GBP
f7f963f5-9c75-41da-b276-747186f982ce,ef203520-41eb-4204-8bbe-b33efda856d2,447743466957,2026-01-02 17:32:30.000,2,PENDING,0,GBP
84415b43-6edc-4939-aa59-4de0b39984d5,42df7e3e-f0ab-429c-83c7-b00708d9b62a,447722803202,2026-01-02 17:47:36.000,1,SUCCESS,0,GBP
c888c673-95a4-4293-9abb-b2c3e30cef01,2a21119b-c858-450e-ad2a-a478c92048a1,447741840510,2026-01-02 19:12:19.000,2,SUCCESS,1.99,GBP
9b2a0683-356e-4ab5-b9bd-8d7a647ede53,026cad80-4dab-4941-86f6-c950b286dc08,447744680584,2026-01-02 19:20:15.000,2,FAILED,0,GBP
01d632d6-8d21-45e0-b53f-e8e9dd8d0245,81504b2c-5969-48ee-bce5-fe52a8defbcb,447766482219,2026-01-02 19:43:23.000,1,SUCCESS,0,GBP
23617b30-93a3-4af2-ab33-4af5d899bbda,4a5ee5c5-5571-4678-a8d7-14302220ce6e,447747087711,2026-01-02 21:22:32.000,2,SUCCESS,1.99,GBP
9f4a3121-89d4-4e2d-b2cd-f1b68f9f16f6,cbea7974-6e72-44f2-beb2-b30a09af512e,447795329078,2026-01-02 22:28:30.000,2,SUCCESS,3.49,GBP
0468da85-695d-4552-85d9-ebd9d1bc08cc,cbea7974-6e72-44f2-beb2-b30a09af512e,447795329078,2026-01-02 22:29:14.000,1,SUCCESS,0,GBP
009d67c3-4f8b-4835-8e19-e8f039d8714f,8d4af34b-cb3a-4f5f-a6b2-6c061455dff2,447727775045,2026-01-02 22:33:36.000,1,SUCCESS,0,GBP
68d2962e-8c86-406b-bd1b-9180ce22c04f,1d67f0f8-ac94-45e2-8eef-f9e60f67cfd4,447720109801,2026-01-02 22:49:15.000,2,SUCCESS,2.99,GBP
48f6a2a0-98f3-4221-a767-51e2baccbbf7,1d67f0f8-ac94-45e2-8eef-f9e60f67cfd4,447720109801,2026-01-02 22:51:07.000,1,SUCCESS,0,GBP
00d6ec06-ea30-4eeb-a23c-f0cce72ecc6d,565e92e5-3022-4600-92aa-f120c05ce984,447757584035,2026-01-02 22:59:41.000,1,SUCCESS,0,GBP
8f00566f-0fda-4ed8-ad6e-8d4b4012c57a,17311604-7b6a-4470-8435-249b44025c9a,447794297458,2026-01-02 23:09:17.000,2,SUCCESS,2.49,GBP
ae0e3617-a667-4267-ab3a-2aedd2ed0395,5e9158d7-e9ce-4db4-9ec9-21b1923c412a,447759957986,2026-01-03 00:52:17.000,1,SUCCESS,0,GBP
5b7cb0f9-53f5-4aac-9e51-49ecfd21e924,62bfcf6b-f3ed-4326-8471-cfd7c303d776,447748419630,2026-01-03 00:58:30.000,2,SUCCESS,1.99,GBP
f460bd97-e7b7-4452-804a-1ee9d981efff,f6d9afd0-c9d5-4845-849a-2dbc657e0ba5,447799708958,2026-01-03 01:02:31.000,1,SUCCESS,0,GBP
1e1fac9e-5961-4846-b989-d28c6556a146,2f6ac577-2280-45de-abd6-071b2c3eb95d,447779703171,2026-01-03 01:12:57.000,2,FAILED,0,GBP
f5f1974a-eb29-47d2-aafc-7d830ecf4cf0,c8006eb1-fe18-419a-a58d-e7d9e6013b26,447704341104,2026-01-03 01:15:40.000,1,SUCCESS,0,GBP
fedc66d3-707d-444c-b54a-5e63f142a721,a61d16e5-e3d7-449e-9207-6f7d4a0635d8,447722101323,2026-01-03 03:00:46.000,2,SUCCESS,2.49,GBP
7441c01a-3dc2-45cc-b5da-a4dc0e785a95,b1fe656b-fd18-4444-9858-806f1cbefbc0,447757885778,2026-01-03 03:02:24.000,2,FAILED,0,GBP
cf4971f7-3cf9-447d-a075-d9cad916d7da,7c31eefd-b9b8-48c0-b713-839d8bcce6e1,447726058996,2026-01-03 03:21:31.000,1,FAILED,0,GBP
0c67fdd4-f86e-4bf7-97bf-03394909c911,1c9a659a-b4ab-4aae-bd3b-f835bf05d966,447705107177,2026-01-03 03:45:45.000,1,SUCCESS,0,GBP
6b5f414e-b8f2-4815-9342-c3ad83ebc023,66af2de2-e82d-4640-b03e-4a1511c44862,447763372216,2026-01-03 04:07:48.000,1,PENDING,0,GBP
fb26a278-0bf4-4b8e-872f-73a6c677eec9,a33d9322-b7b5-46cb-863e-a42ab36521df,447745246912,2026-01-03 04:35:22.000,2,SUCCESS,2.49,GBP
6c70fe1c-4c11-4133-9f1d-751d418167a6,c03aa94c-8da8-4589-8686-9f76392b3ab9,447749419358,2026-01-03 04:43:00.000,2,SUCCESS,1.99,GBP
5b92d848-5c8d-42dd-a2ac-c2cb3350bef4,8ba971a1-fa78-44c7-b816-f69a4568a103,447740937767,2026-01-03 05:00:02.000,1,SUCCESS,0,GBP
b5fe6d6b-2682-42ae-b2c4-e652e2ab5308,19583061-4540-4924-bcc4-db3499b86253,447781899686,2026-01-03 05:04:32.000,1,PENDING,0,GBP
4335e0fa-1f10-4110-8ab6-1fb3a387d7ba,8d8e6349-4b03-4b3a-a89b-533d1b2c5beb,447749432517,2026-01-03 05:09:31.000,1,FAILED,0,GBP
50734847-5301-4199-b7a7-7afcd3e3e85e,a5e146e9-e336-4bac-b189-ecc0c9f39ff9,447715626665,2026-01-03 05:24:17.000,2,FAILED,0,GBP
b2f596aa-d3a9-4621-9c77-f295de5213dc,be31e914-1b28-436d-b4d9-c7a1f38e3428,447759317927,2026-01-03 05:25:32.000,2,SUCCESS,2.49,GBP
2ae8b205-0ded-4a87-99e7-c49337559641,f5b9e1fb-3fef-49d9-9d5c-44c0012b2be2,447737062518,2026-01-03 05:29:19.000,2,SUCCESS,2.49,GBP
3b9cc8a9-eb88-482b-b598-072d30b9314e,c96e6a30-ca67-4dbc-a77f-4b92376fa2ad,447757430693,2026-01-03 05:36:58.000,2,SUCCESS,1.99,GBP
e372e487-bb66-4bce-9670-bd07999dec28,45aaf29b-9349-4504-a9a7-b6b1d351b95c,447745046975,2026-01-03 06:17:17.000,1,FAILED,0,GBP
7f7899a0-b3c1-4454-bee8-1e06f5550f1e,7864d016-bdd6-4517-b231-84616c9757ea,447710772489,2026-01-03 06:54:57.000,2,SUCCESS,2.49,GBP
be1e958d-2102-4ec3-8731-98ad40dacf2f,b99394cb-70a9-4d5d-8a12-6bf836a9dee4,447773281482,2026-01-03 07:08:42.000,2,SUCCESS,3.49,GBP
63f40577-c84e-4195-99a4-d449cb46504c,b99394cb-70a9-4d5d-8a12-6bf836a9dee4,447773281482,2026-01-03 07:09:34.000,1,SUCCESS,0,GBP
f36717f4-6172-4171-9073-0f5ac6f2cecf,fb4fcff7-8f1d-45b7-a9ba-570a0b97cd0d,447773734495,2026-01-03 07:09:44.000,1,FAILED,0,GBP
fa843286-2f33-45f0-b6e9-b0804fc40121,6204853f-da92-4c6c-b95c-c1e6c7617dfc,447759808943,2026-01-03 07:24:54.000,1,SUCCESS,0,GBP
2374d44a-a81d-4643-898e-12976031180b,0109f587-cea6-476b-9d93-e3d7e61b134d,447747506330,2026-01-03 07:43:24.000,2,SUCCESS,3.49,GBP
d821f728-f319-4fb5-aba0-374be2d201ac,0109f587-cea6-476b-9d93-e3d7e61b134d,447747506330,2026-01-03 07:45:16.000,1,SUCCESS,0,GBP
57d38f49-26f4-4e91-a4ba-d16c2d45be1e,a81e3957-5973-4899-af9b-5cb5862ba20d,447722759715,2026-01-03 08:20:25.000,1,FAILED,0,GBP
1d1f46b2-f9a8-4ad7-9679-de281221eb8f,2df07b5c-f70b-42b4-bd38-fd6b83030a79,447747377724,2026-01-03 08:32:33.000,2,FAILED,0,GBP
0d289cf7-db3e-4b07-8fde-c00b21b3f3c0,3644f32a-9307-4b20-9a43-60a91d2f8726,447741030729,2026-01-03 08:44:57.000,1,SUCCESS,0,GBP
0ff9109b-15cc-4600-bc4a-899d395ea63b,ec730f09-a5b2-467c-9cb2-9edbf6370506,447720552542,2026-01-03 09:02:32.000,1,SUCCESS,0,GBP
594b3ab2-259d-413e-98df-e8aed5762964,89302027-656f-4454-b03b-b08f30b090ca,447746827127,2026-01-03 09:52:01.000,2,FAILED,0,GBP
18d46734-7022-44a8-bd52-cb7092334819,57a1bf6e-3a01-4633-9279-1efabd37bb92,447716828265,2026-01-03 10:45:22.000,2,PENDING,0,GBP
7f5798e6-e6e9-40fe-8bdf-390756a27ac8,eaf66cba-55ef-41e2-8bb6-c19e4697c21b,447765630621,2026-01-03 10:53:38.000,2,FAILED,0,GBP
4ce6e19f-7a91-4cf8-9c7c-b49e193e7193,dd00273b-a9da-4a1e-93ee-534f18f771e0,447772647704,2026-01-03 11:12:03.000,1,SUCCESS,0,GBP
2ea7cdac-1a48-4f86-95d0-b7dbb58613f1,56fe0d3e-1ffb-4573-a498-008c1305b88a,447786797358,2026-01-03 12:02:08.000,1,SUCCESS,0,GBP
69c4385b-5d83-48c3-b433-83f9cf391e25,aa18209e-6d72-4989-8c21-9469114ca423,447765100428,2026-01-03 12:40:56.000,1,SUCCESS,0,GBP
8897fe3b-b53f-4e78-bb66-9b03cc1103b4,a348f2a5-2d6a-42ce-80c4-7b74207b3b58,447733183143,2026-01-03 13:08:52.000,2,SUCCESS,2.49,GBP
16a3198f-a9da-486f-96d3-e2290eeae9c7,ca652b1a-8930-49e3-9847-a78f31f49fcd,447732975038,2026-01-03 13:38:42.000,1,FAILED,0,GBP
565be14f-0fd0-49ae-b981-2a4a4aa5b995,8694b48d-6884-4b12-9906-128a29156745,447750017373,2026-01-03 13:53:54.000,1,FAILED,0,GBP
9575d2a4-531a-4d5e-bbfd-542b199d76de,1a8d4ba1-7ad7-4337-adb2-ac55f627a462,447783876917,2026-01-03 14:02:11.000,2,SUCCESS,2.49,GBP
eed19fd1-b25b-4b3d-a419-a781b9e6acb4,76cf6635-be3f-45f9-a7d8-6a5632c0cb85,447754886627,2026-01-03 14:41:24.000,1,SUCCESS,0,GBP
3a2c15f9-a476-4be3-81c1-ad6bbdceb8e0,c1a59e19-d60d-4be6-9545-e590bf7d21cf,447710582596,2026-01-03 14:55:32.000,2,SUCCESS,2.49,GBP
e5158c19-1007-4f0e-9e36-32adba3b76ce,dce37385-a4eb-4683-9fd3-c15a6f747baa,447735642793,2026-01-03 15:31:36.000,2,SUCCESS,2.99,GBP
b483dd3b-4959-4b5e-9eec-f9356016ea24,dce37385-a4eb-4683-9fd3-c15a6f747baa,447735642793,2026-01-03 15:32:38.000,1,SUCCESS,0,GBP
71d0d422-5441-457f-84cc-e165e18c1136,1aa9c6c0-4f35-4d96-af30-6163e545d5e7,447757908811,2026-01-03 15:38:02.000,1,FAILED,0,GBP
120063ed-ba6f-416a-97e2-058ae6d7424b,a53b7740-126f-4f1e-b6ff-611159d03f4d,447784190390,2026-01-03 15:43:14.000,2,SUCCESS,1.99,GBP
c7bc1072-5bc3-4736-b239-2761be3f1456,644616db-c2a4-4ccf-802d-695e22867b7c,447700997753,2026-01-03 15:46:05.000,2,SUCCESS,2.49,GBP
104be22c-a073-4bbb-aea8-bf712cdfb157,3ca72112-807d-4a84-abc1-41b0725a45f9,447731909375,2026-01-03 16:01:14.000,2,SUCCESS,2.49,GBP
7be120f2-29c7-4f2c-97ce-2655cfe1e5a1,ea33e99d-e2b7-4839-bbc7-ab9beb29f925,447762075226,2026-01-03 17:09:24.000,1,SUCCESS,0,GBP
70738b79-29aa-420e-ab0a-f054cc3c6c30,c54b7a19-3918-4e64-b618-0d7dd35e2ff4,447729824343,2026-01-03 17:30:10.000,2,PENDING,0,GBP
6a73e919-0e24-4461-947d-f88ba8e48104,d2acf16b-0692-4838-b3fc-21d2087b45ed,447722894239,2026-01-03 18:02:40.000,2,SUCCESS,2.49,GBP
47b2472d-e789-483d-b45c-9571f2dcafac,88a0635e-edf9-4e75-b7c8-99ba4b26e80d,447772300095,2026-01-03 18:18:37.000,1,FAILED,0,GBP
e2983bc1-56ae-4cdc-89d0-dd0b7a8f23b0,dc19572e-3289-42b9-ac8b-0aaacd9ab978,447741880742,2026-01-03 18:19:35.000,2,PENDING,0,GBP
7bad9ca1-ba2c-4b2c-85d8-68a27d87a0b0,782664da-4ed3-4ee2-b613-c5be7c5ed17d,447726037491,2026-01-03 20:10:54.000,2,FAILED,0,GBP
159c2f40-028f-4dc2-8f5d-2b25feb8871a,da91fdf6-2d52-499c-b2ef-f70b28288f50,447754294421,2026-01-03 21:14:54.000,1,FAILED,0,GBP
5c73f05e-4444-48da-a664-fc43af3526c3,00154470-62ed-4a98-9e9a-8f6a759013d5,447732964310,2026-01-03 21:51:21.000,1,PENDING,0,GBP
f599db35-413d-41fe-bf7e-f5301d4fd7c5,2a5ae4a1-1805-4510-9fed-804cc6e841b2,447736042076,2026-01-03 22:39:16.000,2,SUCCESS,2.49,GBP
19b5919d-b815-406e-8308-02d2bd3315f6,379de0f8-ef2c-4aee-bb54-c6d5d934de44,447740025496,2026-01-03 22:45:56.000,2,SUCCESS,2.49,GBP
8baaa9ba-e51d-4e38-a391-b17f75a5815d,ca4ae707-c458-4b08-a33b-39d2abb862ed,447713965235,2026-01-04 00:09:28.000,1,SUCCESS,0,GBP
55590b7b-6828-43f0-9cad-bf85376b8359,04fa0be6-e667-44df-ae56-953c4c96a235,447709197831,2026-01-04 00:09:48.000,2,FAILED,0,GBP
be1e6131-ff0e-4749-bf9b-954cf84bd063,02a61c9f-9cfc-4376-9b8d-34ca181e44a6,447790059214,2026-01-04 00:17:11.000,1,PENDING,0,GBP
f1bb7c02-c01b-4b72-b3db-6b74d017fb37,317bca7a-3941-457f-bcf6-6feb3ca82c43,447796046416,2026-01-04 00:19:46.000,1,FAILED,0,GBP
693fe85e-fbd8-4a39-a70b-bf5ff896d15d,cc33dc4e-2eb0-4caa-9c3d-6ec16f761818,447722309045,2026-01-04 00:20:53.000,1,SUCCESS,0,GBP
d8171d91-31cf-429b-aae8-f59731a9c1f5,77b04383-f850-4092-806c-f4c3c6522a21,447710494814,2026-01-04 01:26:53.000,2,FAILED,0,GBP
e5d30e32-124d-4df1-b974-e0b4354dd946,227e4e12-98a7-4c79-a970-964c32fb9178,447725499383,2026-01-04 01:37:38.000,1,FAILED,0,GBP
dfdf2ee7-15c9-4574-af35-b9e3f94c417b,cb592188-4e50-4ffb-af93-704ebb0edc72,447727034486,2026-01-04 01:48:03.000,2,SUCCESS,1.99,GBP
37aaf8e0-273d-4bf6-bd9c-aeba04a08722,9b01634b-50cd-4af3-a8d5-3554d4012345,447799111147,2026-01-04 02:40:59.000,2,FAILED,0,GBP
26de66ea-1755-4e8e-a277-a036e66e8463,e3de6189-bcaf-40f3-a9d5-f6412ebe7107,447787104002,2026-01-04 03:18:54.000,2,FAILED,0,GBP
b708c4c1-00c3-42b2-97fe-45c904ba32fe,1f8d863d-6bc6-43b4-9f8f-3ed3e3ed4f67,447753934190,2026-01-04 03:19:56.000,2,SUCCESS,1.99,GBP
71720baa-c211-4ff3-9370-3194acfa23d3,1f8d863d-6bc6-43b4-9f8f-3ed3e3ed4f67,447753934190,2026-01-04 03:21:02.000,1,SUCCESS,0,GBP
af92d8a7-fe2e-4423-88ae-531180f2c5b2,b11c2616-9b67-46c1-a3dd-9c0cd634f983,447748825550,2026-01-04 03:28:48.000,2,FAILED,0,GBP
65db2465-1eda-4329-995f-719cd8e32cd2,49025a4f-ce5b-4000-b804-0cf9a32e85a0,447724884388,2026-01-04 03:52:03.000,1,FAILED,0,GBP
a8912ff9-fbba-428b-9de5-ae64b540018c,71e066e5-6bdc-487b-b45f-f2705463f9ec,447768171248,2026-01-04 04:05:52.000,1,SUCCESS,0,GBP
457877e5-335f-4958-9475-674acb3d408d,77f32e3f-f48d-4581-8b65-e385070428c4,447761079355,2026-01-04 04:11:10.000,2,FAILED,0,GBP
0697f1bc-0fb7-4a09-bca7-95a55fc6a0a6,23be9435-03f3-4c78-af27-373e66ef7be7,447701928873,2026-01-04 04:47:04.000,1,PENDING,0,GBP
ebcd6c4b-73ac-4f96-b321-dd69299bc08e,5b1e7597-341a-4ea8-849e-0e2853d5f7f7,447792034362,2026-01-04 05:36:45.000,2,SUCCESS,1.99,GBP
b02bd32b-8c9b-42b4-b519-dd525e697804,87199233-3709-4af9-bc81-a066ad5bfd2c,447756029033,2026-01-04 06:06:18.000,2,SUCCESS,2.49,GBP
e828a593-4253-413d-ba96-059cd61ac18e,5f4281ca-2299-465b-8b70-553378546832,447756862582,2026-01-04 06:11:22.000,2,SUCCESS,1.99,GBP
f33becef-5d56-4d18-8ed3-bf41770bd3ed,fcc5bd39-a5a2-4cb4-b738-08a26f6798a9,447785054226,2026-01-04 06:25:47.000,1,PENDING,0,GBP
ebbba932-5b7d-4e34-9378-3a3534473c2f,93a9b3d1-1a18-456c-96f9-e40d071fc96e,447776145015,2026-01-04 06:27:46.000,2,FAILED,0,GBP
e32d5f66-bd5d-40c6-9b96-729dc1136a39,ac79d1b1-f62b-461a-b678-9594aa8cdc02,447712939371,2026-01-04 07:17:17.000,1,SUCCESS,0,GBP
c98703ad-f069-40eb-8496-be4debe61060,6e539d47-3a9d-475f-8cf0-7bd9f9a1dd5f,447768676454,2026-01-04 07:26:04.000,1,SUCCESS,0,GBP
7de95eac-a021-4692-bb96-db5f44d9f34f,31e7744e-2728-443c-a48b-6c614d8fd519,447703940437,2026-01-04 07:44:24.000,2,SUCCESS,3.49,GBP
c54ef1a5-ec9c-4d50-9f3d-9a1ab048a175,31e7744e-2728-443c-a48b-6c614d8fd519,447703940437,2026-01-04 07:44:39.000,1,SUCCESS,0,GBP
766abbde-d6c9-44a2-a167-7903d1a0ede4,e386b429-c319-40dc-8374-a227596a2161,447721268350,2026-01-04 08:08:01.000,1,FAILED,0,GBP
b00e1d56-8622-4515-9ca2-a53c06226568,ce1f7de7-57f2-42d7-9493-4760a9163cbd,447717201397,2026-01-04 08:38:50.000,1,SUCCESS,0,GBP
4bec56a4-d79d-4bfd-82b7-b7bbd88598cd,8e5fc6db-189a-4763-ba2a-344a16875d56,447794306151,2026-01-04 08:55:14.000,1,FAILED,0,GBP
cf54c965-f954-4204-a786-f5add7ace469,d54f9dee-3212-4b6c-930e-1adea1a21a11,447785982837,2026-01-04 10:14:53.000,1,SUCCESS,0,GBP
69694f1d-e008-4e07-9ebd-c4217165b31f,801bcddb-55d2-4008-8000-b3ec7ef39c9d,447743305731,2026-01-04 10:46:47.000,2,SUCCESS,2.49,GBP
6d952039-e6c5-42b7-8510-86232715b350,c4dbc151-8098-4242-8c24-d57b9c8235b8,447749865857,2026-01-04 10:53:50.000,2,PENDING,0,GBP
42faed95-82ad-4499-bbab-d39b3846f5e0,07ba46f4-5182-48a5-9704-fa88e45ab317,447768075420,2026-01-04 11:02:37.000,1,SUCCESS,0,GBP
9c14329d-2646-401d-8690-bb44dce77988,1da20a75-984f-4765-acc5-1829f92a5b05,447793664766,2026-01-04 11:10:37.000,2,SUCCESS,2.49,GBP
08c30f1f-8aad-47b5-90ae-b8ec894047a5,afd31be2-ad7a-4da6-ab51-7c02f1b3e90e,447750644341,2026-01-04 13:35:34.000,1,SUCCESS,0,GBP
89911d5c-bbc1-4714-bb8d-662b9adf3347,be23e8e2-fea9-4775-b7ae-2ab37aa9959e,447769395409,2026-01-04 13:43:34.000,1,FAILED,0,GBP
2727a4e1-cfc2-40e2-8e51-530e17bf7fd1,6712876e-150e-4bb0-b953-e84b5ac72676,447778881680,2026-01-04 13:55:16.000,2,PENDING,0,GBP
1b34cce3-99bc-4d85-9e02-d0cf1f4a783e,a5b086ed-ce9e-4217-8028-12de5633ef2a,447797077590,2026-01-04 14:15:15.000,1,SUCCESS,0,GBP
dae9b653-870a-4718-8bb8-ccdd8848ceea,e473a3dd-6690-49b9-8171-d4ee0b10d301,447740804903,2026-01-04 14:38:44.000,2,SUCCESS,3.49,GBP
6046a052-67f5-469c-a4c5-5bdeb9607bc1,e473a3dd-6690-49b9-8171-d4ee0b10d301,447740804903,2026-01-04 14:40:07.000,1,SUCCESS,0,GBP
1fd74dba-d171-4933-b7c9-2219da40fa9d,962d943e-d6d9-4104-a044-3a627e680efc,447731529216,2026-01-04 15:52:52.000,1,SUCCESS,0,GBP
0391d658-19a0-4181-848d-fcf2438381ca,e94b842b-4c5f-4356-be62-2aa7e698f498,447706225199,2026-01-04 16:28:35.000,1,SUCCESS,0,GBP
2aa6e9d4-69ce-430b-a410-183dfda7c1b0,f70b4593-6d8f-4873-85b3-2a683a4c6713,447780616304,2026-01-04 17:02:00.000,1,SUCCESS,0,GBP
4a92f2fa-c0f5-4f45-8ad9-d17963d816fe,cd7205a2-2fcb-4f2c-bc66-a3e57372d063,447706817369,2026-01-04 17:10:48.000,2,FAILED,0,GBP
f3112928-03ab-4ce4-adaa-849d022d1cf7,75d128b6-22a3-4c9e-8ebd-9fc4f8d41bac,447715627814,2026-01-04 17:31:13.000,1,FAILED,0,GBP
15c97261-d252-4fa8-8e34-f347577c2af1,1d622e9c-3743-4204-977b-942b935dc0e1,447759123613,2026-01-04 17:57:26.000,1,FAILED,0,GBP
c07a62d3-29a9-4d5d-9a1c-2eec9250d24c,d314d6a2-a7b8-49e5-9386-8c337f690cbb,447722082014,2026-01-04 18:11:19.000,1,SUCCESS,0,GBP
1ad2e8ab-6e71-4dfd-8711-f8be860dc221,a2a56045-349d-4deb-b2dd-f88be8a6b7f3,447720966164,2026-01-04 18:19:19.000,2,FAILED,0,GBP
f7207147-9a6e-4388-add2-5befc0f7b4f8,d59b0e43-1008-4262-99a3-0317baeb3d45,447761494632,2026-01-04 18:19:33.000,1,SUCCESS,0,GBP
f71badd6-f614-4d55-a755-3bcb533202e6,64a102b9-cf08-4c36-801a-af9e59ef8ed3,447778971775,2026-01-04 18:40:07.000,2,FAILED,0,GBP
b9168eae-960f-431c-bc0e-9513eb382230,60eaf308-73a4-4ab9-9702-7c4d6bd2d16e,447704858322,2026-01-04 20:03:15.000,1,FAILED,0,GBP
3b80d364-a325-413b-b006-c6843e81c62c,30832f0e-44a4-4389-9aac-bb8728af999b,447725899062,2026-01-04 20:04:25.000,1,PENDING,0,GBP
5888b8cd-53f2-4bb8-bcf0-9f1cbe7d04d2,94bfd594-736e-4d1c-8839-9f0d74e173a9,447770657952,2026-01-04 20:34:37.000,2,SUCCESS,1.99,GBP
fdbc6317-ddb5-46f0-8974-ea5746ad891a,d5f290f5-e98c-4554-ab52-12b99951d22c,447799741693,2026-01-04 20:36:43.000,2,PENDING,0,GBP
234f0049-5445-4e49-89b5-12ac35b67a8e,51008534-5518-4d93-adc8-dc20df9d8479,447782203715,2026-01-04 20:59:45.000,1,SUCCESS,0,GBP
914986e6-4ddc-4e1a-817e-45a38906abd8,5c3b442f-be9d-45c9-b306-ae907134ee96,447795694374,2026-01-04 21:14:31.000,2,FAILED,0,GBP
47edd8c2-6a29-414e-971a-58d308e49bd6,884fc267-29b3-461b-8663-05ba071fee99,447780069881,2026-01-04 21:18:03.000,2,SUCCESS,2.49,GBP
1cfdc54c-62c9-450a-938b-e3c7f5aa3020,ce2a4bdc-1db0-4c4e-8824-c48a4e2d1151,447745988149,2026-01-04 21:28:57.000,2,SUCCESS,2.49,GBP
59776bc1-8911-494e-adab-83a9d7e44328,f8f5e700-c5f8-4620-9a28-42804f64ae5c,447733492869,2026-01-04 22:09:56.000,2,PENDING,0,GBP
95969cd3-a3e9-4c45-9d57-7901172f5323,9500bd27-081f-4d1f-9323-e280e370a67f,447746769246,2026-01-04 22:36:19.000,1,PENDING,0,GBP
0319eb79-1ac2-4fa0-bf75-1bdba0d939e9,81fb3f3a-2c9d-4777-be4e-8ee28591c09c,447765025705,2026-01-04 22:58:36.000,2,SUCCESS,2.49,GBP
9f022c16-4653-4e03-8525-790ca0d68a70,6621ef9c-526d-4df3-b2e8-d34a4f31c723,447731694617,2026-01-04 23:32:07.000,1,SUCCESS,0,GBP
afed5238-a93e-4a38-85dc-e31af22e3eeb,7c4adaa5-3ac8-46b0-b17f-a3b80386acad,447751409478,2026-01-04 23:36:29.000,2,SUCCESS,2.49,GBP
465e79e3-196f-4026-aa94-5a7fb84b65c6,653c4829-65ab-4349-b085-aa55699cb45e,447756596415,2026-01-05 00:20:02.000,2,FAILED,0,GBP
c0b6d4f7-5035-4077-9d4a-a72e21ebe043,2c1679aa-4058-4190-be5a-fc86abfcfe2f,447717741020,2026-01-05 00:50:18.000,1,SUCCESS,0,GBP
12113d67-217b-4958-9e94-46215cbb77b2,14b5f39c-466a-4182-89b0-fac64b2e4700,447770910174,2026-01-05 01:43:34.000,1,SUCCESS,0,GBP
a8397343-600b-4612-a43e-cd35a561a2d3,9f0c70e2-54a9-48a6-84b9-47396f35a022,447705410958,2026-01-05 01:53:17.000,2,SUCCESS,1.99,GBP
bd592b8b-4dc1-4fb2-a8d3-315240d285e3,fcae3c0e-a0ac-4224-b7d0-249ce42d157d,447778265544,2026-01-05 01:54:33.000,1,FAILED,0,GBP
d104f1bf-d8f0-4da4-a0ac-fefb10075d8c,f6ad3bd8-7536-48ad-9380-f9575395a7a7,447715699871,2026-01-05 02:59:08.000,1,SUCCESS,0,GBP
0d52abe3-92c8-42f0-9f74-ba083d13bb94,ad5e337e-5163-46ff-b876-e6a65c7dc23e,447734951912,2026-01-05 04:14:09.000,1,SUCCESS,0,GBP
3af6c9aa-b755-4b7d-bedf-bf8275173de9,5ebfbd2d-4148-410a-8215-9b6d002d70ab,447721892181,2026-01-05 04:41:41.000,2,PENDING,0,GBP
30c31c55-2ca6-4a1c-94df-84cae75c7d97,225549bb-6f72-403e-9708-52dce8250610,447721132291,2026-01-05 04:46:15.000,1,PENDING,0,GBP
1c972240-671a-4b00-8264-564bc420e0a5,a7285f6c-5980-450c-9aa2-8fb520c109a7,447733896774,2026-01-05 05:39:16.000,2,SUCCESS,2.49,GBP
8047a833-fa07-42a1-849f-373cdc246d74,5d177ec4-ee8c-40de-a4de-dbe2ed94083a,447773301442,2026-01-05 05:39:58.000,1,SUCCESS,0,GBP
c89ff1c9-3a87-4bcb-976c-7d29ae04d203,b7b8cca4-4627-407c-abd8-01f0dd8a3281,447763040981,2026-01-05 05:50:11.000,1,SUCCESS,0,GBP
84ab60fe-8018-4944-a225-cc584e2ec4de,8dd01468-68fa-4c84-9a4e-1c2806802f37,447732860242,2026-01-05 07:13:16.000,1,FAILED,0,GBP
61d243ce-545b-49b0-879f-01bb840fc152,a7bb0f14-73e5-46b4-aa31-4bd4a1d3eb94,447791015800,2026-01-05 07:55:13.000,2,SUCCESS,2.49,GBP
72875d2a-0002-4028-a095-1f6e9df956d9,8db42e84-a989-4e3e-81d4-4909829bad32,447770802516,2026-01-05 08:30:04.000,2,PENDING,0,GBP
05249b55-05c9-4831-a1bc-4dd1252948c8,c1ed949d-e8aa-45c2-a329-f45832e1453c,447752657439,2026-01-05 08:33:03.000,1,SUCCESS,0,GBP
a56903e8-2ac8-4550-aef5-d5f008aac952,c5a99806-3600-406d-a20c-91b6922c08d7,447769217845,2026-01-05 08:49:49.000,1,FAILED,0,GBP
a0606ebe-1ad7-4801-a1a6-8ad895268bee,02914f5d-e2bc-4110-96de-9948483da9f6,447754009219,2026-01-05 08:57:44.000,2,FAILED,0,GBP
ce3d6c95-616d-477c-94fa-82dcf0401ae5,91f38d71-b77b-4df8-9c31-87b70beda5e1,447760734643,2026-01-05 09:06:13.000,2,SUCCESS,2.49,GBP
61897e5c-ef0f-459f-aaa3-2f25baf94b42,999d2289-a1a5-4e44-9a53-3dc8003169cc,447739855029,2026-01-05 09:21:56.000,2,FAILED,0,GBP
6e96e952-86e8-4db7-90da-bdfaa77242d8,a006b8bb-4acd-4138-b2a8-80ec9f2a2feb,447738555946,2026-01-05 09:23:06.000,2,FAILED,0,GBP
7bc82916-2a41-4678-ad61-9441e4f7d7a3,4f80b757-d334-439c-8784-47ff3d5ad373,447751041742,2026-01-05 09:23:28.000,1,FAILED,0,GBP
11cf84f4-24ae-4309-bdf0-6c9fb4ff4148,bb8af607-1fdb-4a29-a39c-4564005b5618,447768139535,2026-01-05 09:31:17.000,2,PENDING,0,GBP
c55783a8-fe7e-442d-9535-616312d1f64b,4b68258f-0134-4a3a-969d-2940f39b4291,447794037099,2026-01-05 09:31:58.000,2,PENDING,0,GBP
0e9b3944-4021-4ead-a7d3-040d48b2ea8d,58399a60-af10-48db-9aae-99b1af95b080,447790477524,2026-01-05 09:54:42.000,2,SUCCESS,1.99,GBP
9ee7e79e-7d56-4306-9ad0-839ba1c3f93c,34f8924e-bdaf-44d7-842c-39eeac34c981,447743130287,2026-01-05 10:29:59.000,1,SUCCESS,0,GBP
33509e1f-0d6e-4dc7-87a6-803bc343eb22,a04fbb13-0f45-4ed3-937c-0deda3c720a0,447740327945,2026-01-05 10:40:33.000,2,PENDING,0,GBP
10a2ef10-3a1e-4d42-87d5-0aadf9623c0c,971f60a9-f399-4ec7-aafc-c9a403ac1046,447785532165,2026-01-05 10:59:12.000,2,FAILED,0,GBP
aded69b4-cac7-4fa0-ab22-435a1ab9e902,88fc5301-8db6-4c6c-bb42-afe9001f1c86,447707243541,2026-01-05 11:12:36.000,1,SUCCESS,0,GBP
bfcbd73d-09fc-4125-861e-faf0ce35aae2,15018743-3b37-4b6b-aaf6-a9c41e3d20df,447762031348,2026-01-05 11:13:49.000,1,PENDING,0,GBP
5687731e-a5c5-45f4-8f37-faff30fd839a,4748728e-991c-436c-a0c0-e02bef8d7d44,447750382136,2026-01-05 11:23:09.000,1,SUCCESS,0,GBP
ac5734fc-d587-44b0-83ad-d647385cc6c0,c4bdeeab-9b4a-4d30-b66c-46722da04ebe,447737761076,2026-01-05 12:24:08.000,1,SUCCESS,0,GBP
a9c46da7-9ece-4983-9f87-9da29331ea2b,8805406f-05f3-46c3-9900-e385bdc94aa3,447748587342,2026-01-05 12:25:56.000,2,SUCCESS,1.99,GBP
0e0da4ae-31ae-4369-a0d4-5e84644daee0,833cb882-027d-4aec-b75a-5cc6c3f6d32b,447772698101,2026-01-05 12:42:19.000,2,SUCCESS,3.49,GBP
37e061a9-bd43-498f-aad6-40d42255c6fe,833cb882-027d-4aec-b75a-5cc6c3f6d32b,447772698101,2026-01-05 12:42:57.000,1,SUCCESS,0,GBP
217ad484-480f-4ee8-80b3-a351141cce37,7c0ef1ec-5de6-4f01-9dce-995cd1dbda7c,447791220771,2026-01-05 13:54:28.000,1,PENDING,0,GBP
4d884b42-f084-46bb-80b8-2ebcd37a7528,0b036cbf-410e-4b17-ad71-849713e711e0,447757683606,2026-01-05 15:12:16.000,2,FAILED,0,GBP
72bd540b-ad9d-46e9-af32-078f155c7016,af3b3fa5-d822-43e0-b7a5-846e31ffa798,447786774369,2026-01-05 15:24:32.000,2,SUCCESS,2.49,GBP
3c08aa7f-f1b5-4935-96ba-9df96ea60bf5,1384685c-5e89-4af0-b517-ed3f075213a9,447768019354,2026-01-05 16:13:10.000,2,FAILED,0,GBP
683b8a00-ece6-4f9d-a76b-e8d4e0720912,5741c012-1016-4a6f-8249-1c66c3bec487,447709795738,2026-01-05 16:15:30.000,2,FAILED,0,GBP
a395c18f-7509-4bed-9c2a-848699d65454,d9c07566-3ea8-4579-8371-eb1d8f161165,447783005306,2026-01-05 16:37:31.000,1,SUCCESS,0,GBP
bc61c9fc-91d9-4feb-990f-14ee00110add,59041e32-d138-4462-8249-7c8abc9d8afa,447786527720,2026-01-05 16:53:04.000,2,FAILED,0,GBP
11dd56f0-504b-40e6-ac57-e539b4cda373,6199ead5-a3b9-4295-ac8c-ff287a6ce7fa,447796907738,2026-01-05 16:58:04.000,1,SUCCESS,0,GBP
74ae8308-2374-4264-b751-21c3689fc0c4,136709f0-585b-464b-a165-6013f81f2b03,447792335809,2026-01-05 18:07:36.000,2,SUCCESS,1.99,GBP
2783ad3f-0c89-4abf-ab0f-deb5126a9d7f,ff071499-dfb9-4265-8d87-e55443238d3a,447775188891,2026-01-05 18:59:14.000,2,PENDING,0,GBP
e6709d3f-0c16-42e9-b6dc-ca931714450f,e7370e28-35f4-4064-af30-1d43f85b4b2d,447795983450,2026-01-05 20:02:52.000,2,FAILED,0,GBP
0a7d1fd2-f95a-485f-84b5-3f1ca141473a,c9fcd36b-8a2f-435f-824a-b4b6f8841363,447705092983,2026-01-05 20:03:49.000,1,FAILED,0,GBP
890e4a0d-c202-401d-9990-e142e5f0e12f,13259501-d5f7-4588-9a49-bf8912c6ea31,447784886032,2026-01-05 20:04:51.000,2,FAILED,0,GBP
4a3ee033-7174-403c-8b6d-28ac6ba4ae85,a8f3ad90-4791-44d5-b5ef-5e4b8c4436e3,447719084167,2026-01-05 20:20:27.000,2,FAILED,0,GBP
9a518e0b-18ef-462b-b46e-d5b280aa1390,fe5a03a0-4894-4fac-a489-3cfc7c12cd92,447795159992,2026-01-05 20:25:16.000,1,PENDING,0,GBP
16a02119-8429-46d4-b32b-a405d369d292,62b248cb-d9be-4d8e-a6f4-d095f0e78a87,447749857532,2026-01-05 21:53:00.000,2,FAILED,0,GBP
d96f1b7f-5150-4867-af23-1cf453a48307,5cdd47c4-ad44-4125-8ede-6429fe64bb46,447730794451,2026-01-05 22:14:07.000,2,SUCCESS,1.99,GBP
4859050b-0d84-4257-94cc-7b9276c574e0,3bab33cc-9c63-460a-b14e-0333bda195b3,447747124319,2026-01-05 23:12:49.000,1,FAILED,0,GBP
c8b6c5ef-71ec-4ff3-87fd-64b5c7337a78,60cc7658-9e22-442d-80ec-da966076f47f,447773409743,2026-01-05 23:38:47.000,2,FAILED,0,GBP
6635d320-02d5-48b2-8599-ecdb93a1764b,27765c20-afa6-4e3e-b410-ab126cb58cda,447775949228,2026-01-05 23:47:49.000,1,FAILED,0,GBP
869101cf-043b-4ca9-bbc1-f9a399af262c,3ef51764-5184-4092-bef2-3ab05cff0a3d,447769582798,2026-01-06 00:15:24.000,2,FAILED,0,GBP
0587e3f6-0c9a-4a76-9107-cfc35949dde9,1d7fc435-0c7a-40a6-a73e-46981ac42077,447791323621,2026-01-06 01:09:03.000,2,FAILED,0,GBP
633083f0-b0cb-4ec4-b1f3-e4ea6085dc08,906765e4-2d67-49c4-a48e-907055fb712a,447739236250,2026-01-06 02:13:27.000,1,SUCCESS,0,GBP
32f1144e-7cd1-491a-8551-ebcf3c2d33d7,48c0d780-e387-4823-ad89-b5f6eaf691d8,447747872910,2026-01-06 02:26:23.000,2,SUCCESS,2.49,GBP
bccd7d32-4927-454f-ae7c-8b9a2fead077,f1c4c39c-1408-409f-92d0-95c803607f19,447759519196,2026-01-06 02:44:15.000,1,PENDING,0,GBP
7624a23f-2c52-4f72-b264-8c08fd499792,cdf66756-6c06-423b-869c-b9cb4b2a1a5a,447706126461,2026-01-06 03:56:23.000,2,PENDING,0,GBP
333de3ea-f8cf-4439-898a-25288eeb35ba,f40b1609-4515-4ae0-8429-3990886cfca9,447738591562,2026-01-06 04:05:19.000,1,FAILED,0,GBP
d528aabd-5e40-42bb-8030-ac4a92d85d43,29868b69-bd65-4d4a-83ea-13d729ba1280,447733741760,2026-01-06 04:47:37.000,2,SUCCESS,2.99,GBP
ac4ee44c-b2a8-4aca-9596-906bb09a8e04,29868b69-bd65-4d4a-83ea-13d729ba1280,447733741760,2026-01-06 04:48:01.000,1,SUCCESS,0,GBP
cd6fc1f3-0780-456c-87f7-63ee3e734596,7cc55bdb-3819-4b7b-a415-fc8f2795cf9a,447777062082,2026-01-06 05:50:58.000,2,SUCCESS,1.99,GBP
e55502f4-7c8a-4ecb-b178-0279161a1604,7cc55bdb-3819-4b7b-a415-fc8f2795cf9a,447777062082,2026-01-06 05:52:39.000,1,SUCCESS,0,GBP
fb777fbd-ef8b-4950-9a00-871e92c9aead,7322331b-b18e-4d22-b5ff-1edb7cc70c6e,447758190973,2026-01-06 06:27:58.000,1,SUCCESS,0,GBP
5b18117b-49df-436b-9407-2fff61374554,8033d7db-44d8-41e1-9e56-dbffa1733c94,447773441529,2026-01-06 06:53:11.000,2,PENDING,0,GBP
563db609-19a3-4201-b2cf-a77988367933,ce2cd8d0-4566-442f-941e-f4cb8cac78f4,447725873835,2026-01-06 07:19:20.000,2,SUCCESS,2.49,GBP
1fea35c0-0678-4886-b895-dca4cd59408b,ca0f0b1a-388e-4533-bf4d-fd69c3eef031,447751842438,2026-01-06 07:25:44.000,2,SUCCESS,1.99,GBP
37ff61c0-25e9-453e-83a1-b93940e925cc,18531b60-74a1-4ce2-add2-9a45179df7f3,447719324470,2026-01-06 07:52:43.000,1,PENDING,0,GBP
70c1a1de-c1d5-485e-9f4f-0eab148ef59b,08579c9c-0248-402b-9d99-3d449d73bd84,447706274795,2026-01-06 08:18:05.000,1,SUCCESS,0,GBP
6f1ab7db-4cb6-4c5c-b7e0-4e5de2200262,19e409b6-290b-4610-996d-0981003aa3a0,447712941629,2026-01-06 08:41:21.000,2,SUCCESS,2.49,GBP
8f550fdb-3e2b-4dcf-81f8-23b846d8b461,841df8cd-2225-4a95-ba9c-f1ecef382ceb,447740358916,2026-01-06 08:58:44.000,1,PENDING,0,GBP
8dc7574d-9e30-44ec-b487-f27f270a0346,7098a67c-840f-4dbb-b48e-baf4f2e205f1,447772931758,2026-01-06 09:10:31.000,2,SUCCESS,2.49,GBP
b70264ad-3645-4667-b8b9-cde52ad994ba,0c17332b-646e-481a-8683-f37c73bf90ab,447763645470,2026-01-06 09:12:21.000,1,SUCCESS,0,GBP
e57c49a9-ff4c-4b20-8942-71bdb3a6912e,7ae0cdff-1f12-42d5-ae65-62aa4003d635,447781614624,2026-01-06 09:19:48.000,2,SUCCESS,1.99,GBP
47803ffb-4b9d-4896-90bf-bade2c50c900,d16c930a-b84f-4b04-b745-b7739f08f3af,447797497772,2026-01-06 09:46:20.000,2,SUCCESS,1.99,GBP
fccb5555-5360-4e40-9e3f-a83f6509f31f,5873d8e6-f654-4e0e-ba88-23f3031260b1,447798629866,2026-01-06 09:56:53.000,2,SUCCESS,1.99,GBP
5e1093e1-1c76-4264-8e6d-8f1ee0d9e0a1,8441eb80-8be9-41eb-a9b3-33e2a8c49744,447730188089,2026-01-06 10:49:58.000,1,PENDING,0,GBP
7aa6cd11-7e87-41c4-9fa5-5fec09ebe1df,99bf02f1-10a5-4fd4-8641-4afc72d47844,447789609973,2026-01-06 13:04:37.000,2,SUCCESS,2.49,GBP
08ae6d1e-ae40-419e-91f1-8ca10c52ee48,05a0cc7a-88d8-4428-9974-7d4921e0a741,447772215428,2026-01-06 13:25:28.000,1,FAILED,0,GBP
2471cc1a-8903-4423-b1bc-57ad993cca69,ad64ed22-288e-4444-8918-adf7e4ed6638,447725984086,2026-01-06 13:34:10.000,2,SUCCESS,1.99,GBP
04920555-541b-4f48-bfc7-16143924f1a6,825b604c-5df2-4b7c-b136-02016832e357,447723366938,2026-01-06 13:39:03.000,2,FAILED,0,GBP
d87dd915-378d-4d8e-8a71-f8bc50dcb8c8,f752f32b-1579-429a-9efe-f177e191a320,447700287861,2026-01-06 13:40:45.000,1,PENDING,0,GBP
b62de097-db6a-468d-a2b4-dc5ec2c95d33,2082f8a4-d6a3-48a7-a859-f8b9b11e557a,447762895999,2026-01-06 13:41:27.000,1,SUCCESS,0,GBP
5b918ac8-a8f5-49e5-b4a0-91dda8a8e30e,7c223eb3-7ccb-4c63-a112-7d56ea20ab5b,447785182020,2026-01-06 14:13:20.000,1,FAILED,0,GBP
8e9c2ea2-e13e-4396-aa36-13291bc13115,2ee5474d-2bc7-46c3-8c26-380cfb7899ff,447712043539,2026-01-06 14:41:50.000,1,PENDING,0,GBP
899e5462-9132-4c52-be7a-2bddec2cff36,0ebb0953-30aa-4209-a135-ab7c832d1beb,447791960233,2026-01-06 15:32:51.000,1,FAILED,0,GBP
e7a13431-64ad-4d31-ba60-f476ea85b8cd,fdb69f7c-08a6-40ef-9b41-937675c24967,447799178460,2026-01-06 17:12:41.000,1,FAILED,0,GBP
b881c28a-224f-44d7-917a-3bda4c66bb13,de081793-a81e-4d3e-99f4-68b3096b254b,447767393078,2026-01-06 17:26:48.000,2,FAILED,0,GBP
c90c3169-8486-4ed3-9801-6ea63f8a5171,43fc26dc-d67b-4293-b85f-ba1b70100385,447731093609,2026-01-06 17:35:58.000,1,FAILED,0,GBP
f4e8eb7d-a183-4c6f-9a2c-ef261f3b364c,1aae3fb5-89c4-4188-914f-5a8806f61174,447717028262,2026-01-06 18:01:59.000,1,SUCCESS,0,GBP
da33729e-e1cf-4053-9e54-894c6edf6b3d,02b7a140-c8db-498f-ab76-1ce26138cfcc,447717273211,2026-01-06 18:09:06.000,1,PENDING,0,GBP
ab6e4a5a-1c1c-4a95-95b7-cea849bd2148,51777a26-0c88-434d-b6ab-a91616b9831b,447726330288,2026-01-06 18:47:20.000,2,SUCCESS,2.99,GBP
0fffc838-5ba2-43f3-a2e4-f79cf4f5969d,51777a26-0c88-434d-b6ab-a91616b9831b,447726330288,2026-01-06 18:49:02.000,1,SUCCESS,0,GBP
51cf1d16-2998-4727-9053-81470503443b,94b4a586-39e7-42a4-9ee9-0764e53ca5b2,447758135602,2026-01-06 18:55:07.000,1,SUCCESS,0,GBP
a7e194b4-53e6-47a9-8b4f-0c85a0881cbe,26563f36-2343-48c2-82b0-b06bf93e83dd,447745054649,2026-01-06 19:44:34.000,2,SUCCESS,2.49,GBP
96f643ce-1637-4394-8e91-b567cc68e088,a9f2e93a-e37d-4935-a2f9-553d6660a85c,447724928524,2026-01-06 19:47:39.000,2,SUCCESS,2.49,GBP
25ec441b-fb5d-41f6-a46b-63397b5a4394,316675da-ac43-4c8d-919b-8736c4881bfb,447796294413,2026-01-06 20:36:50.000,1,FAILED,0,GBP
ba85c0cb-95b7-4e3a-83d5-38504ee2e76c,1831f814-edde-4be4-a01d-08da8f7fb818,447776845199,2026-01-06 20:44:31.000,2,FAILED,0,GBP
9c19cab5-9f76-4a9c-b2b4-c853b4260918,60602d3a-19ee-4faf-8cc0-c700603dfd22,447751773993,2026-01-06 20:45:37.000,1,PENDING,0,GBP
43e25772-51cb-4a84-843f-5121e4b704a3,6a973c0b-50f4-46aa-b059-0a00122cef23,447704044297,2026-01-06 21:33:24.000,1,PENDING,0,GBP
1a038368-3b74-4bde-8d8f-422654e46636,7a20bdf2-5742-4e57-9632-a4f8f7f8d5d3,447787350697,2026-01-06 21:34:46.000,1,FAILED,0,GBP
3cfed1a4-e618-4b0e-b446-0c51a83b4aff,9e08b109-876e-4fed-8773-fe23573f4bf7,447749589949,2026-01-06 21:38:04.000,2,FAILED,0,GBP
3727df7f-2729-49bd-b4a7-c5ab58546b9e,0fd53a1d-9b7e-4b35-bcd5-ec18544761bc,447718902357,2026-01-07 00:32:03.000,1,SUCCESS,0,GBP
eb88f77c-13aa-47d6-a610-fd9d5bf44f19,4811297f-58ed-4529-9201-f8c9bd63ddc9,447794643216,2026-01-07 00:41:15.000,1,SUCCESS,0,GBP
ebf2cd55-9720-4011-b223-4eb562ab5a87,a29058dc-0f2b-492e-99c6-27d29c6c5a25,447702323115,2026-01-07 00:49:38.000,2,SUCCESS,1.99,GBP
a41112d5-73c4-431b-a001-1ffbd493b432,a15e957a-cecc-46d0-a03a-f58ac4f57ecc,447754845385,2026-01-07 01:13:47.000,1,SUCCESS,0,GBP
54ad17a9-5a34-4036-bb2e-011311bd9637,f77ff9e7-31f2-4190-bbf6-414faadc9001,447725669800,2026-01-07 01:23:18.000,2,SUCCESS,2.49,GBP
761a018a-0cb0-4810-bb00-1bab70997c26,9d0e38cb-7a14-4850-a2c0-61ad7d426eac,447733397067,2026-01-07 01:42:36.000,1,SUCCESS,0,GBP
f0a441e9-80b3-4069-8646-619635d020fa,6d2f3c5a-67bc-48f6-baa8-2246fcadcdb6,447756272400,2026-01-07 02:59:38.000,2,SUCCESS,1.99,GBP
9b7fedd7-20cb-4499-a01c-9f5a2c910671,a23502b7-7b91-45c8-b467-69d9ef6d9532,447775611792,2026-01-07 03:05:27.000,1,FAILED,0,GBP
564bdb98-fcad-4b5d-993b-2bd0accc40f6,f674113c-8d7b-414c-bdce-b73c8842b7eb,447782843766,2026-01-07 03:05:47.000,1,SUCCESS,0,GBP
c792ea87-4dad-4257-8a3f-be4c013c5540,1a1dc644-a2ac-4a65-b51e-b449800d9283,447745043374,2026-01-07 03:10:09.000,2,FAILED,0,GBP
f618d6b4-bb41-4c70-a265-6ad73a8cf81b,66d03625-ef72-49ac-9497-66d497a5c88e,447779085410,2026-01-07 03:19:00.000,2,SUCCESS,2.49,GBP
29fb0066-3fd1-4365-a7b2-ace2ab208db9,c17b7c78-7d22-4290-ab2a-417f26fad2e7,447750684249,2026-01-07 04:11:47.000,1,PENDING,0,GBP
947feada-b4c2-4c13-ad87-8de711654eee,744b25ed-d6db-461c-8860-68a68d4c968a,447729963430,2026-01-07 04:22:38.000,2,SUCCESS,1.99,GBP
1970cdae-3ca9-4be9-af4d-f769f4a8eb06,cf60e543-ff22-41ee-9edc-2942a5bf703b,447712908675,2026-01-07 04:31:55.000,1,SUCCESS,0,GBP
1bda7102-588c-4d04-b258-ec1b4e8ce724,5e946e71-299e-4cce-a4ff-3fb3776e4d99,447794251807,2026-01-07 04:49:47.000,3,SUCCESS,0,GBP
88d30471-7165-43a5-99ee-b197c90f3b51,081af7e1-4851-450c-b8a9-0b2e8f64b3bb,447762761740,2026-01-07 05:00:12.000,2,FAILED,0,GBP
79a3bf0f-6b6d-417c-a24b-cb889b907aad,e311d714-c8d6-42e2-8e91-0a137ca5348c,447717321780,2026-01-07 05:02:46.000,2,FAILED,0,GBP
241bafd6-75b8-46ad-acfd-e1e574f2c37b,f3cba6dd-413a-4094-a386-8bd4831c7f07,447715411407,2026-01-07 05:23:42.000,2,SUCCESS,1.99,GBP
cedf251e-ca49-4609-8c3d-432b95b2ce2f,499dd187-42dd-4ea5-9845-d3f285de4ee8,447749755406,2026-01-07 05:36:05.000,2,SUCCESS,1.99,GBP
fe49cf54-ba1e-49a6-86d8-f7e40cf43395,21e0b7a3-ddbc-4833-a58d-4d35ba53badc,447784420670,2026-01-07 05:57:30.000,2,SUCCESS,2.49,GBP
3cc062a6-da5b-4281-89e3-bc5383aaec23,e24286dd-2a70-4b0a-ba6e-9c7bb3abfa6f,447760972165,2026-01-07 05:59:16.000,2,SUCCESS,3.49,GBP
9dac29dc-e35d-4981-a161-93d9920964de,e24286dd-2a70-4b0a-ba6e-9c7bb3abfa6f,447760972165,2026-01-07 06:01:04.000,1,SUCCESS,0,GBP
da13b640-77a0-4190-a5fe-cf5d30156af5,cadcd5cf-e31f-4356-b3e5-804637f2580b,447740012596,2026-01-07 06:07:30.000,2,SUCCESS,1.99,GBP
6f40ddc8-7290-4eb7-bb4c-22e24058ea24,16549c45-73d8-4c43-9b75-7bc3bf869dfd,447761221686,2026-01-07 06:32:05.000,2,FAILED,0,GBP
b84a642f-d359-46be-81f3-3558f26699c0,91289e38-1e2f-40f7-b631-35917d3bfa11,447731524127,2026-01-07 06:33:40.000,1,FAILED,0,GBP
e6103fad-390b-4a3e-b445-2b739657a6fc,8cf595eb-de67-40fc-932b-021d878b5ae9,447748628139,2026-01-07 07:33:23.000,2,SUCCESS,2.49,GBP
aadf5858-0026-41fa-b805-f9c6cb6d8fc3,9d4e8672-f344-4229-8dfd-19acc2c66ea3,447741502325,2026-01-07 08:27:19.000,1,FAILED,0,GBP
c5154111-97ac-4e83-9e2d-455bd9a41f17,3be4a462-fdb1-49b0-a5a8-3bdbba3ca6e2,447747358228,2026-01-07 08:43:01.000,1,FAILED,0,GBP
7122883e-3c2e-4000-8565-8cb1590f09b5,710d8b6b-5c1d-4ecd-8acd-356f6a43567c,447748536525,2026-01-07 08:56:50.000,2,SUCCESS,2.99,GBP
48a014d3-ce88-4784-a826-cb1e77920099,710d8b6b-5c1d-4ecd-8acd-356f6a43567c,447748536525,2026-01-07 08:58:21.000,1,SUCCESS,0,GBP
52f2e6ef-9c27-4be5-b654-037fe9886165,b95b98c6-f687-4f38-b434-3f2c496e19e9,447742061481,2026-01-07 09:41:03.000,2,FAILED,0,GBP
2d156d47-e955-4a7a-971b-50ee63dbf2fc,aa795dac-753b-43b8-8289-a845924dce5e,447795298741,2026-01-07 10:09:08.000,1,SUCCESS,0,GBP
30bc7738-0e9b-4967-9203-c5bcb647d93d,6bfb2f53-d8f3-485c-b13e-cd76202d55e2,447786862317,2026-01-07 10:17:15.000,2,SUCCESS,2.49,GBP
605b02e8-5f83-4dcb-a04a-d23e911ca10f,050f0cc4-b8c8-4343-8d2b-e12b73a2b2f7,447780741926,2026-01-07 10:26:26.000,1,FAILED,0,GBP
57a7ad0c-deb9-4262-9b57-6c0ed695e09d,fd60d3f6-88ee-47cd-a209-97b9df6e5403,447737820419,2026-01-07 10:28:29.000,2,SUCCESS,2.49,GBP
b0faa59c-4094-4f93-9dc8-a7675cdaf2f0,c434318c-ac11-47dc-bf77-aee19e74abed,447772190341,2026-01-07 11:33:00.000,2,SUCCESS,1.99,GBP
47ef98f3-6f0b-44ce-9f13-52e442692f11,6b28ca2b-13a8-467b-901b-716331c00134,447785256899,2026-01-07 11:52:02.000,2,SUCCESS,1.99,GBP
8e8cad50-a9ba-435b-91bf-eada70665cc7,7f710c7f-31fe-459b-822b-7a56ee910c28,447717299703,2026-01-07 12:16:39.000,2,SUCCESS,2.49,GBP
866b5f68-aa53-42ad-95fe-4db147783eeb,655cbd16-70df-42cb-a20f-94b07f60b5b5,447739650049,2026-01-07 12:24:24.000,1,SUCCESS,0,GBP
c8b9041b-ef54-4722-920d-f343aa3aa296,b4e02b9a-4505-4a59-8e35-4c23c83e602a,447770421237,2026-01-07 12:43:39.000,2,SUCCESS,2.49,GBP
52c27674-a159-46e2-86c9-3889cfaa2b33,d183b4b7-29b5-4393-9ad2-39a7eaf1fc64,447751651493,2026-01-07 13:15:14.000,1,PENDING,0,GBP
f25b772a-9cbf-41f9-a9cf-6d085b2e1401,9143ae40-bb95-42d6-b404-62e20f556171,447774413472,2026-01-07 14:10:36.000,2,FAILED,0,GBP
6dae125e-a9a8-4821-b17f-5fcd0d2a8290,38853164-ac99-4297-a97e-0847adee00d4,447700006821,2026-01-07 15:26:25.000,2,SUCCESS,2.49,GBP
217c0a70-f5f2-4b32-9dab-dc718ae01adb,a83e66d3-e1d9-41f0-84e0-dbd706aadc13,447798806189,2026-01-07 15:53:39.000,2,FAILED,0,GBP
a007d89a-0b8b-4ec2-b705-8b71eeccbd5b,5cf643f5-766d-414d-858b-babfec379cc9,447784169016,2026-01-07 16:27:27.000,2,SUCCESS,1.99,GBP
34e9ef13-1f44-4ef4-8481-7aef0a139aaf,5cf643f5-766d-414d-858b-babfec379cc9,447784169016,2026-01-07 16:29:21.000,1,SUCCESS,0,GBP
e2ae5669-a12d-491b-8841-fa1c9b57fbbd,58419aad-e302-4f7d-9c54-a56d9787690c,447752558020,2026-01-07 16:36:37.000,2,SUCCESS,1.99,GBP
e0aad77a-725f-47c3-80fa-5d3b419688f9,3255748a-78c5-49c5-8a3c-184e1fca31af,447793525630,2026-01-07 16:53:39.000,2,SUCCESS,1.99,GBP
2022e00c-c5e3-475e-83c1-c1316d5b6e52,9eea2840-c484-4210-8cba-071096080d0a,447754881564,2026-01-07 18:44:46.000,2,SUCCESS,2.49,GBP
fc4a4288-4e3e-40e4-b705-1e04b50126b4,dbf8ecbf-a46c-4666-b5c8-47c93ad5c816,447752404345,2026-01-07 19:02:34.000,1,FAILED,0,GBP
3de3b73e-0751-4544-8828-befca30df396,e304c044-215f-4749-b630-aaff8b6120f1,447748245443,2026-01-07 20:03:06.000,2,FAILED,0,GBP
4a60cd94-2fd6-4642-84c5-501d80559ca2,36da9574-7d0a-4a1c-a4a0-9801d142655b,447787168906,2026-01-07 21:07:18.000,1,FAILED,0,GBP
50dfb0f6-c3e0-4913-aac5-180381961770,556c2970-5c51-402c-ab06-54cd29ed654a,447781735825,2026-01-07 21:12:23.000,2,SUCCESS,2.49,GBP
3d16e53a-f263-4721-8bee-600944a70c35,12fb05f8-0413-4a30-b267-27fbfe899572,447774502609,2026-01-07 21:17:28.000,1,SUCCESS,0,GBP
e7af4f8f-0db4-4cf8-9dcf-f3bbd855ce4d,ce5a81e8-7665-4790-b32f-e73c739dc3c1,447780513198,2026-01-07 21:18:14.000,2,PENDING,0,GBP
1633dd91-cfcc-4667-838f-7dc35f119928,c1607864-5f33-4c53-91f5-d3b45a91ce5a,447708654932,2026-01-07 21:35:55.000,2,FAILED,0,GBP
56f8414c-5e30-4fbb-a230-08a15b332f4a,260774c7-c10b-431b-b799-4d5a55dbfb43,447725112442,2026-01-07 21:46:07.000,1,FAILED,0,GBP
7c06530b-2ae7-4234-a605-cd161c8b093c,d9bbc51e-106f-4365-9d3e-578729f4253b,447736888202,2026-01-07 21:54:54.000,1,PENDING,0,GBP
4c92584b-f158-4fa0-a5ef-7d2eba0002ae,c775e85f-8641-4b89-8cf8-f9979647f555,447716238965,2026-01-07 22:43:50.000,1,FAILED,0,GBP
f4323a38-e74a-40d8-b76f-6ffccab2f8ea,c7d04f43-ca04-4610-9dcb-3825ef182e2f,447764913872,2026-01-07 22:54:45.000,2,SUCCESS,2.99,GBP
ca029ef1-77c6-4cf9-9c5c-fb8316e0de6a,c7d04f43-ca04-4610-9dcb-3825ef182e2f,447764913872,2026-01-07 22:56:41.000,1,SUCCESS,0,GBP
1d9a566e-920f-449e-ae5d-3cd4d8c76f9e,f98b1f08-1d83-492a-a6b6-9c09e2158a11,447798652604,2026-01-07 23:02:48.000,2,PENDING,0,GBP
e585ab85-9985-4a78-a527-c456fa6de908,38fb91a0-f3af-4475-b8ad-e79bcb119f9d,447761937331,2026-01-07 23:46:43.000,2,SUCCESS,1.99,GBP
4e5f30ec-6571-4240-b463-fe6ad0bc5986,402f3967-1925-4e55-8ead-2e2253edca42,447711790860,2026-01-07 23:51:56.000,2,SUCCESS,3.49,GBP
18f20f52-152f-41e7-a500-13ecadf6e1c3,adb844bf-6296-4550-b613-a6d3d120932c,447702773350,2026-01-08 00:01:55.000,2,SUCCESS,1.99,GBP
209982c5-77b7-4b54-b959-0fc95573e1f4,06e0bea7-104d-4fb8-9cb2-194bc173b921,447743191297,2026-01-08 00:30:32.000,1,FAILED,0,GBP
3bd561b5-19ba-4fb1-97bb-5c0ebb7b8948,e36c4319-3bbf-4714-9418-8ecb68ea6eb8,447782799947,2026-01-08 00:37:51.000,1,PENDING,0,GBP
3a4c804e-3039-4144-8736-ffaea33f63d5,de78fd28-4134-43fb-a961-9d08c2b1dba7,447785404439,2026-01-08 01:34:30.000,1,FAILED,0,GBP
0fb8e357-a37e-40ed-a53d-b4af5a7f7a5b,47805e43-0cfe-441a-99f0-7057c0de4415,447773449368,2026-01-08 01:36:14.000,2,SUCCESS,2.49,GBP
98cfda98-f7ac-4ce8-8702-1294f4b82656,5a87a86a-c8c4-4869-a7c1-327d3e19e437,447733974167,2026-01-08 01:54:29.000,1,SUCCESS,0,GBP
f91f0941-84dc-4cb9-8e81-15c239ac43ef,2cb1541e-27c5-4436-810e-61282d3857e1,447791051155,2026-01-08 02:03:31.000,2,PENDING,0,GBP
fcce513c-f2e3-48a0-b24d-421e7c913d28,56fb186f-2169-4fca-876d-04e02cf42d26,447746298907,2026-01-08 02:13:06.000,2,SUCCESS,2.49,GBP
2cbd74d2-bc23-4a30-ba4e-1c00f513de2d,f55c981f-2517-42dc-b8c8-f6c21fbd8b9a,447787359172,2026-01-08 02:15:40.000,2,SUCCESS,2.49,GBP
a5060414-6797-4880-be87-a9dcaa0d9688,c90a1998-e78f-462a-a4cf-405a09043294,447771492166,2026-01-08 03:46:03.000,1,SUCCESS,0,GBP
3476d15e-8aee-4371-a7d3-0a1064cf1f79,4bacf743-6e07-4747-91f5-12c3552131ce,447780962635,2026-01-08 03:51:40.000,2,PENDING,0,GBP
c2e19db9-293a-43cf-838a-b06574c9181a,f3fb671f-09cd-4e1f-890f-4283f98b8964,447790505905,2026-01-08 04:02:25.000,2,SUCCESS,2.49,GBP
be273a77-77d1-40cf-ba2a-4c22c8dc6f83,479170dc-3a73-4ce4-855d-93c733b064e1,447786026063,2026-01-08 04:13:33.000,1,FAILED,0,GBP
f5393a69-5f08-4cf3-bae9-a1924a1b8a9f,c5be9220-f8d0-452b-920c-ab8062fbc52a,447718067675,2026-01-08 04:27:41.000,2,SUCCESS,2.99,GBP
d0a8d89a-72ef-42e4-aaf2-82e014325d6a,c5be9220-f8d0-452b-920c-ab8062fbc52a,447718067675,2026-01-08 04:29:25.000,1,SUCCESS,0,GBP
cdce833c-b8fe-4c20-8cfd-79bc8ee57433,f22d6518-04d7-4ac8-9116-250f933507c5,447740783910,2026-01-08 04:43:13.000,2,FAILED,0,GBP
4e91ba6b-45d7-4822-b1c2-68d2a91fda22,7098c027-7c61-4ca0-b71a-5037525a7a7c,447764447952,2026-01-08 04:48:11.000,1,SUCCESS,0,GBP
7ede7d09-b57c-4719-a0b3-d5fe6b3451ee,0547d57f-d389-4955-b17e-0bc3b6c4c06e,447772558971,2026-01-08 04:49:55.000,1,FAILED,0,GBP
0672446e-4b91-4b4f-acd7-ae0a80222cd6,b8b33eef-3c4d-462b-83ab-78746be3264d,447767238242,2026-01-08 05:52:54.000,1,FAILED,0,GBP
05499bb7-ddcc-413a-8f89-1e3575bb3d93,48099980-10cb-43d9-ae8b-042411a79f5f,447768471204,2026-01-08 06:53:32.000,2,SUCCESS,3.49,GBP
f9742c50-ce82-4591-9bdd-76f061f5bbd6,48099980-10cb-43d9-ae8b-042411a79f5f,447768471204,2026-01-08 06:54:20.000,1,SUCCESS,0,GBP
7817fb5a-adc7-4b8f-8c3e-deaaa2f566e9,b134ad6c-04e5-4f0f-ac7f-474a10067117,447768412821,2026-01-08 07:17:50.000,1,FAILED,0,GBP
97d420e3-8e21-49fb-a314-ad1af9ad89e0,ce476fa3-7ea5-4060-912c-95e8a2541ca4,447768279733,2026-01-08 07:37:54.000,1,SUCCESS,0,GBP
ebafb911-3491-4efd-bd1a-d71863f7ffc9,5ba085e7-3939-4a94-96cd-07bc1ff8e348,447773226213,2026-01-08 08:21:14.000,2,FAILED,0,GBP
4270ef91-f8ad-4ba5-9dfb-e0961700c80c,317e808c-805b-472d-bb59-c4fbfc29cb34,447779260680,2026-01-08 08:48:00.000,2,SUCCESS,1.99,GBP
76b1ecae-968d-4f98-9c5f-602d93d1bc18,2f04c509-bd25-4440-a4c9-1247b79dae7e,447786562128,2026-01-08 09:01:19.000,2,FAILED,0,GBP
80085046-d896-4ae1-8f6f-ccc6d731929a,cc775bc2-f472-4908-83fc-90c9a6f06cc5,447746742109,2026-01-08 09:12:01.000,1,SUCCESS,0,GBP
fd811069-257c-463e-b05a-ccaef34dee25,4cec1aa0-7791-4625-bc9f-ce286eeb71e3,447786931059,2026-01-08 09:24:36.000,1,FAILED,0,GBP
2bd55e8c-6985-4f86-a6a3-74066dfa9f61,5e946e71-299e-4cce-a4ff-3fb3776e4d99,447794251807,2026-01-08 09:25:28.000,2,SUCCESS,2.99,GBP
acdd2a87-f691-4a4a-9ef9-c3c0048489d6,945a6695-a9c7-4f0b-a084-77be9f4af293,447782482768,2026-01-08 09:39:31.000,1,FAILED,0,GBP
a85afc18-3f02-42eb-bc6a-ee410789797d,dc0aa66d-eb2d-4283-be69-1afe384d2e21,447782542998,2026-01-08 09:50:11.000,1,PENDING,0,GBP
c6f6e30b-ef90-40fe-906d-fcc4b84b0cc8,1834cddb-772b-4357-8208-6c8530749ecf,447781976545,2026-01-08 10:39:11.000,2,SUCCESS,3.49,GBP
60fcc708-2c66-4f92-a769-59daa4a686c7,b6cd7fb8-5e74-4711-aa0b-ab968830dd74,447712909427,2026-01-08 10:40:30.000,2,SUCCESS,2.49,GBP
2e657521-984a-4b3b-b1d9-b9a1f8a768cf,3ebe600d-38fe-4cd1-822e-592395b76d77,447725994863,2026-01-08 10:41:17.000,2,FAILED,0,GBP
b8aa44d5-4ac5-4d04-a6d0-a0667658d3a8,5e286804-98c3-45ea-a5ea-02a2bbf943d8,447769762015,2026-01-08 11:27:37.000,2,SUCCESS,2.49,GBP
2af8a549-23a1-4998-abc8-5c7e8ec66e7d,c4dbc5e6-e0b5-4528-870f-b0fb9a32f757,447736413818,2026-01-08 11:37:16.000,1,PENDING,0,GBP
20a1c012-496a-48c1-bc3d-a29bbb1ecd73,76498fc3-4e6c-4c8b-af89-876488dd8f98,447734667599,2026-01-08 11:38:49.000,1,FAILED,0,GBP
352d6733-a327-4968-b48f-06ac5184963a,ca70d987-eb89-4436-b8d7-e47541c97f2d,447790637404,2026-01-08 12:09:04.000,1,FAILED,0,GBP
b5eba1e5-1408-4796-93c7-433e1a0b8339,2d04905a-0749-4a1d-be61-24d62ad03a57,447785038842,2026-01-08 12:14:46.000,2,FAILED,0,GBP
9b124262-6ff5-430f-b2f4-d453e1480636,ab5fbff5-f3b3-4af3-a707-936b3b3edbea,447756091188,2026-01-08 12:17:17.000,1,FAILED,0,GBP
9615126a-b656-4fa4-b785-a0d3c4b10f03,a8e45497-84fd-4222-a286-102f76e191c7,447761660432,2026-01-08 12:34:38.000,1,FAILED,0,GBP
76ef1070-c92a-4f99-86ce-2e9607de96cb,71b12e6f-7e4d-477d-bd01-f5b6ece91258,447791132930,2026-01-08 12:55:45.000,2,SUCCESS,2.99,GBP
31fd9a4a-3601-4e00-87d8-59127e1ba8ce,821a78cd-fcb8-49a4-832e-2687eb3e661d,447725374109,2026-01-08 13:19:04.000,2,FAILED,0,GBP
154bb6b6-0901-46cc-9029-649320c9bde5,701f45fc-36e8-4f34-b69e-7be314568f53,447793180780,2026-01-08 14:07:56.000,1,FAILED,0,GBP
1e91ddce-192d-4f92-9983-395cf016e883,99f67acf-02d8-4109-888e-32616165e6f9,447758676639,2026-01-08 14:20:51.000,2,SUCCESS,3.49,GBP
7312710b-b52f-4e01-9c4f-edf84e5e43e5,db3bede4-e72f-423a-b089-5e944423ed7e,447716749296,2026-01-08 15:33:37.000,1,FAILED,0,GBP
6465dc19-f035-4874-9c48-bcd3adca5d47,a0921e72-6b2d-4564-829a-6ee77d6d6e42,447765779047,2026-01-08 15:54:16.000,2,PENDING,0,GBP
bc7a695e-93f3-4e38-97b7-9827669c74e5,06487ae4-a894-4ce3-9ef8-7f80c3535775,447783372196,2026-01-08 16:36:24.000,2,SUCCESS,1.99,GBP
8275ac9a-42ca-4f5f-9f2b-18ad926a8684,f2739c9c-720b-4f50-9c8f-dd224ad7de06,447763971013,2026-01-08 17:10:52.000,2,FAILED,0,GBP
c8f724c3-f208-44a9-801e-c0f9830af201,d07a5c18-6eb3-4923-8ebd-68b4e178d61f,447730487371,2026-01-08 17:28:02.000,1,SUCCESS,0,GBP
71bdd36f-b051-46ea-8030-dc6abc2fe2c7,72190eb7-e6d0-4f6e-9cf6-5a83a2245052,447741211454,2026-01-08 18:27:31.000,2,FAILED,0,GBP
29c421cc-3a0b-4777-be41-9fa6a79b67ed,14dd73cd-f3ab-42bf-af9e-09825a182b68,447735119596,2026-01-08 18:48:37.000,2,SUCCESS,1.99,GBP
a40b1976-641a-4bbf-ac32-44b30e1f7f9e,e5c2feb0-1446-4934-8971-32ed1528ef95,447745619988,2026-01-08 18:55:55.000,2,SUCCESS,1.99,GBP
12d6d08e-d48a-4d1a-bf9b-5440ec9806d3,88b89fe1-b290-4452-b305-f84cc14cfbe1,447722939871,2026-01-08 19:07:01.000,1,FAILED,0,GBP
fc1eca0f-f33a-4328-8ec4-35893d533e5c,a920cf67-f054-4d85-9240-a1134ee78f09,447762442048,2026-01-08 19:18:40.000,2,SUCCESS,1.99,GBP
c11622ca-ca2e-48ea-8904-cf3f4255075d,9f7072dc-a7a4-47f2-8b43-a61a1efda22a,447737982793,2026-01-08 19:31:28.000,2,FAILED,0,GBP
76135081-4cf7-495e-905c-52776696109e,580a0057-f377-4000-9baa-f90f47d0a9fc,447726999473,2026-01-08 19:49:45.000,2,SUCCESS,3.49,GBP
8d8529a1-3f03-4263-b915-c6b45f7c1b24,580a0057-f377-4000-9baa-f90f47d0a9fc,447726999473,2026-01-08 19:50:22.000,1,SUCCESS,0,GBP
95f6b78f-9155-4368-8cd7-b1f27631b38a,a9542c8b-ae25-4e8e-8ece-d569999e566e,447752059050,2026-01-08 20:01:09.000,1,SUCCESS,0,GBP
13fa019c-2499-41c7-bf6e-c42fecae4c9b,63d9bf73-f8cf-4087-b85e-f5379d3fb49c,447766480687,2026-01-08 20:31:10.000,2,SUCCESS,1.99,GBP
fa2da9ab-dbe6-48f3-abed-5e36cfb8a533,63d9bf73-f8cf-4087-b85e-f5379d3fb49c,447766480687,2026-01-08 20:32:47.000,1,SUCCESS,0,GBP
b9cfc1ae-d447-4697-b2e6-c3da405b72b1,50cc2100-91c8-4c08-8433-1fc1f146a9b5,447712793547,2026-01-08 20:46:46.000,2,FAILED,0,GBP
d88d8746-04b9-45fd-ba50-31bf6b4079a7,25864208-88b9-4833-8e1d-67104dfed163,447788463964,2026-01-08 20:52:30.000,2,SUCCESS,3.49,GBP
f2a3913b-49cf-449a-969c-252158f9b47d,735d56b3-c906-4e02-b40b-3b921c2d8ba8,447768093611,2026-01-08 20:53:25.000,1,FAILED,0,GBP
d4b55283-5b10-45ed-b3ba-11fd0f649ddd,25864208-88b9-4833-8e1d-67104dfed163,447788463964,2026-01-08 20:54:28.000,1,SUCCESS,0,GBP
36ac8e53-83e5-4f8f-b484-c5a05e0c1185,ccabf54a-6746-4a99-9ad6-2925fa418e36,447734422809,2026-01-08 21:13:57.000,2,PENDING,0,GBP
1817df65-3861-4b15-bebc-cc93128d3b35,b0859958-5a73-4d84-aea4-5a4d80ec621f,447731830633,2026-01-08 21:26:56.000,1,PENDING,0,GBP
3ab40e48-4ba9-42c6-a0a2-85291e705420,836aafb2-8a0a-4e31-a365-f37d25b1cb9a,447782249659,2026-01-08 21:50:49.000,2,SUCCESS,1.99,GBP
ab39014c-55b6-4149-9777-a9cbb9327587,0aedc329-996d-4da5-9fc9-5c601c6f7ba7,447781109856,2026-01-08 22:51:39.000,2,FAILED,0,GBP
a5a780d0-cacb-46b1-9e45-77965d8508e5,7f6c3c80-7c32-4300-98b8-b8adfde01dbd,447722163428,2026-01-08 22:58:53.000,1,FAILED,0,GBP
3e9d6e4b-6875-47a8-9748-52b131953542,85f07c04-f740-4868-a757-32075caf8c30,447756214403,2026-01-08 23:19:22.000,2,SUCCESS,1.99,GBP
51d9fd78-ece6-45a9-a92a-fafd567c9594,c978d363-d5a3-4750-ad5a-034f27f61ba5,447753934737,2026-01-09 00:01:38.000,2,FAILED,0,GBP
16fbd08d-d966-4ebb-a66c-f40c2337ddd2,ef396dcf-2f16-4b45-a38d-0052409ea219,447757900035,2026-01-09 00:03:26.000,1,FAILED,0,GBP
35d8fc07-d17a-48be-8b10-a519e6801fe8,75a1ab5d-3067-489f-aecc-096d672f8906,447786591665,2026-01-09 00:18:07.000,2,FAILED,0,GBP
ab078c49-5ede-4d12-a6a5-52e888ba7049,fe6adfb6-eda0-45e4-8717-c578b20559f7,447758889362,2026-01-09 00:54:22.000,2,FAILED,0,GBP
da414608-487e-4432-9ed3-a66db70eb3a9,e517efe4-3ce2-44f4-a3af-9533317dc358,447705683194,2026-01-09 01:03:25.000,1,FAILED,0,GBP
342a0444-367e-48b9-97c2-c2d68e32bc48,49d46bcb-014a-4a82-acbf-28c7e4d3fa10,447700442636,2026-01-09 02:09:45.000,1,SUCCESS,0,GBP
fbe86284-928a-410f-acd3-da1058f15a24,9626bdb4-fd4c-47ab-ad6d-d0029291f35b,447716377771,2026-01-09 02:24:19.000,2,PENDING,0,GBP
5f470f4a-c163-487b-8dc3-73a5340188fb,2ad6de4b-c6a4-46fb-b0ce-50e5fcf0e108,447752570183,2026-01-09 02:31:08.000,1,FAILED,0,GBP
875ed4dc-d954-49d7-8d33-523d6600cbe7,ca127854-57ba-4a31-83b2-6fb3ed7e30fd,447743362354,2026-01-09 02:52:31.000,2,PENDING,0,GBP
87e6d7eb-6730-4c24-a4f0-bb7b505ec50c,3ce6a82a-c87e-4093-b605-d6f8cf9b336c,447721985532,2026-01-09 03:38:49.000,2,SUCCESS,2.49,GBP
02228ce8-dea6-4700-bb02-ec6dc356cac1,015d35de-35bb-49df-98a4-212012612f2f,447733830580,2026-01-09 03:44:18.000,2,SUCCESS,1.99,GBP
8c20e1b3-110a-4aeb-ab2e-24ccf34a7c89,4df9aa97-4700-4838-aa5d-0139a0264d83,447792637145,2026-01-09 04:00:02.000,1,PENDING,0,GBP
e74ad7bc-1361-4eea-b62d-ab850f8ebee0,05a52649-939e-4875-b31c-bf8ef887b862,447711191238,2026-01-09 04:39:29.000,1,SUCCESS,0,GBP
c4312fb8-4223-4c16-beb5-c1b108248951,9464ff3b-c154-4b15-958c-84b7e4282cbf,447750695709,2026-01-09 05:17:11.000,2,FAILED,0,GBP
b65cd94d-d4ad-41c1-bb00-1cf4755a07a4,dd445f01-744a-4e1d-9d7a-6a5c28e04f67,447729031010,2026-01-09 05:20:22.000,1,FAILED,0,GBP
f5717eb8-39c8-492b-a9c3-60ba8442a256,c3025947-e4f4-4067-8cd5-f5e6e6602915,447716188579,2026-01-09 05:21:24.000,1,FAILED,0,GBP
667a4c9a-2c36-4e90-83cb-7ffc5fc57b82,cdb12b8c-5037-4c4e-b56c-bd1c5a7d9b23,447744276449,2026-01-09 05:56:15.000,1,SUCCESS,0,GBP
a115b4fa-c1a7-4109-85fa-47501e045a11,3f12a266-7185-4f2a-bb56-a2a30a398c6f,447702023451,2026-01-09 06:01:23.000,1,SUCCESS,0,GBP
2d235828-4310-4e86-8520-b8d83f41ac65,e2d20cce-0e07-4594-b936-461eef902a8e,447781089799,2026-01-09 06:29:56.000,1,SUCCESS,0,GBP
f9859752-5547-4acb-9911-312c66030e3a,879ebd0b-b20c-430c-96bb-d2fe0e6a6c1f,447748707760,2026-01-09 08:08:55.000,1,PENDING,0,GBP
de8cad56-a6d4-4c5e-8c44-7bb4f86d8e76,7bd153db-af6b-40aa-adc7-8331200652d8,447717367982,2026-01-09 08:13:35.000,2,SUCCESS,1.99,GBP
5a7cbe63-d360-4502-ba76-4ac89d60599b,944387c5-239a-44db-bc1a-228e3bfa58ec,447762402659,2026-01-09 08:13:35.000,1,SUCCESS,0,GBP
bc553233-d048-45e1-b0b1-2a4cec421aed,2f10de9d-3cec-4ee9-8e2d-16de4dce8356,447756783754,2026-01-09 08:53:01.000,2,SUCCESS,2.49,GBP
8770764c-cebe-4121-9b2d-4fd60f5ab2ef,20372ac9-debc-4833-a447-82b619745885,447771012764,2026-01-09 08:55:04.000,2,SUCCESS,2.49,GBP
f4d97f8d-a791-4b62-88c4-5a9d75c51340,b7d6d4d0-5ce0-405e-bb0a-4263686d6415,447778879758,2026-01-09 09:42:47.000,1,FAILED,0,GBP
d6127b91-f51a-44ee-9583-63f26442b868,517c76dc-4b98-41f0-ab0d-8c8bb8489932,447738413664,2026-01-09 09:57:31.000,2,SUCCESS,3.49,GBP
a8453026-5850-4492-b6bd-2bde51c98d85,36a30395-2dab-41cd-a37a-3d3be1a4cc63,447799488171,2026-01-09 10:23:52.000,2,SUCCESS,2.49,GBP
c3e32fcc-40ad-4210-aeb6-e25827a52cb5,c331fb03-3227-47f9-bb0c-8ff6fe72e732,447767437735,2026-01-09 10:33:19.000,1,SUCCESS,0,GBP
c4350c2f-71e8-4290-818b-d382c67dfa59,2f6d38a2-c49c-428e-b330-3ab0532070fa,447726420551,2026-01-09 11:21:28.000,2,SUCCESS,2.49,GBP
aae0a021-64d4-43e8-a3a6-969a86100a80,6a6d0597-8522-455f-a816-f7a60907bcf2,447721923013,2026-01-09 11:22:35.000,1,SUCCESS,0,GBP
e003c437-b6be-43b3-8fbb-2dc65ce31f7b,a6b50bb1-8a25-4049-99c3-afbe7083fe41,447792266516,2026-01-09 12:11:47.000,2,SUCCESS,3.49,GBP
a5182944-cffc-43f0-be0a-0bbdc03c9867,a6b50bb1-8a25-4049-99c3-afbe7083fe41,447792266516,2026-01-09 12:12:35.000,1,SUCCESS,0,GBP
bcdfa2d3-6fb9-4d03-baf3-d25f09f94fdd,52473903-7491-4835-9a87-9012a6338e98,447786573553,2026-01-09 12:52:42.000,2,PENDING,0,GBP
d401ad18-8a00-47bb-bb99-fb0830dca294,67d21838-a51a-4ce7-acdf-3330db21615f,447704644682,2026-01-09 14:06:29.000,1,FAILED,0,GBP
9f1dfadc-c618-41ed-8bbf-28bfe62f68ea,40283dbe-af31-4567-bc92-db2480210f7e,447755179030,2026-01-09 14:10:59.000,2,SUCCESS,1.99,GBP
6ecbbd6d-ecc1-4de7-8c4c-5a33f56712fd,3028777f-132b-46df-b60a-341ab0326de6,447761616763,2026-01-09 14:46:12.000,2,PENDING,0,GBP
aa4ddaa1-1fbe-4871-b814-094a914389ee,c9e0f409-3112-4511-bfbb-027eae9a584c,447731445855,2026-01-09 15:50:47.000,1,SUCCESS,0,GBP
9e8c3da4-9149-4176-8539-50fa1d08dd5a,01585d66-d8ad-4f01-aaf1-76199feae795,447722381788,2026-01-09 15:57:11.000,2,SUCCESS,3.49,GBP
afd582e3-51d3-458d-9aad-35fb1b4c276f,02360f6c-d2f7-4494-9316-936a20428ae8,447735965951,2026-01-09 16:05:33.000,1,SUCCESS,0,GBP
0a8c130a-a29a-432e-82fc-3d76c53cb9a2,f145ba3d-abdb-458b-9e0b-a735a8f1bfb8,447730232102,2026-01-09 16:49:46.000,2,FAILED,0,GBP
982aba72-881a-4961-a7ab-c5f840a3b556,42df7e3e-f0ab-429c-83c7-b00708d9b62a,447722803202,2026-01-09 17:11:42.000,2,SUCCESS,2.99,GBP
6e4f17f4-7c1f-4768-b6c1-5146eed26d83,6eb8a835-8f78-423a-8e9c-d4aa38ff2e04,447738269316,2026-01-09 17:32:51.000,1,SUCCESS,0,GBP
d88b9ad9-d7d7-410d-b51d-db2a3179b1be,4b5972de-82dd-47cc-9435-7dbf98bd49ca,447788662694,2026-01-09 18:11:03.000,2,SUCCESS,2.99,GBP
3574bee2-bf0f-44c4-aef3-96f5b35138e7,4b5972de-82dd-47cc-9435-7dbf98bd49ca,447788662694,2026-01-09 18:12:35.000,1,SUCCESS,0,GBP
dda20e6e-4ad0-4f69-977f-4dc47a94e36d,7ed1df08-571c-4e8a-9f16-cd0e488115b9,447749386293,2026-01-09 18:22:46.000,1,SUCCESS,0,GBP
42ddf9c6-fdc0-459b-a267-1e27013cd3a3,aa481054-51ad-4952-a157-0aa9808bcf06,447768102118,2026-01-09 18:32:05.000,2,PENDING,0,GBP
82ab5ddc-ab00-40bb-a3c9-3c4e0082fdd5,146d2af5-3bb3-4cca-8777-48a8fcdf9dfd,447753038144,2026-01-09 18:44:38.000,2,SUCCESS,2.49,GBP
f2e3f72f-b1ce-491c-9d28-1372a7710d78,45508e7f-f55d-4772-b501-6b30700f5e7c,447799182671,2026-01-09 18:45:27.000,2,SUCCESS,2.99,GBP
63c9d8da-6bd1-4981-968a-65d37f74f7e9,45508e7f-f55d-4772-b501-6b30700f5e7c,447799182671,2026-01-09 18:45:57.000,1,SUCCESS,0,GBP
27200dc2-e194-4767-8ff4-98b3aecb6837,ea33e99d-e2b7-4839-bbc7-ab9beb29f925,447762075226,2026-01-09 19:32:13.000,3,SUCCESS,0,GBP
a74204f4-bff1-4799-922e-aab35bfe9c28,81504b2c-5969-48ee-bce5-fe52a8defbcb,447766482219,2026-01-09 19:33:08.000,2,SUCCESS,2.99,GBP
645bb8ac-faa6-42ba-b37d-9ac06461da44,3adf5886-0c0f-4018-9648-70d5f3934fba,447780947751,2026-01-09 19:34:41.000,2,SUCCESS,1.99,GBP
d7054a3c-ee6b-4aa2-b6c6-93fd5e086b04,3adf5886-0c0f-4018-9648-70d5f3934fba,447780947751,2026-01-09 19:36:11.000,1,SUCCESS,0,GBP
a3d4d6e1-7971-44eb-99d8-ff8f07117e16,cadc6ee4-faae-48e4-a3c2-6ef59c507887,447798939433,2026-01-09 20:58:42.000,1,FAILED,0,GBP
98de13ac-23a1-41db-9cd7-814de4bf7372,8d4af34b-cb3a-4f5f-a6b2-6c061455dff2,447727775045,2026-01-09 21:41:07.000,2,PENDING,0,GBP
5a228eda-c9a0-4899-9daf-6fdadb7af647,17bd5bfb-67f5-444e-b125-1c5009f6a806,447725009476,2026-01-09 21:41:17.000,2,SUCCESS,2.49,GBP
6cfbc01c-6c24-4ae4-b33b-5da06177a1b4,cbea7974-6e72-44f2-beb2-b30a09af512e,447795329078,2026-01-09 22:06:23.000,2,SUCCESS,3.49,GBP
3cedf484-7c18-4f91-9a1d-366a734bafe4,d109cc5f-c793-45d0-a6ca-a41c7ecf156d,447753935610,2026-01-09 22:08:36.000,2,SUCCESS,1.99,GBP
04891154-d123-4e00-8de8-cc280b3c5b65,1d67f0f8-ac94-45e2-8eef-f9e60f67cfd4,447720109801,2026-01-09 22:37:15.000,2,FAILED,0,GBP
2ffcacf9-b7c0-4390-8d2a-bd79e7ef3314,565e92e5-3022-4600-92aa-f120c05ce984,447757584035,2026-01-09 23:05:17.000,2,SUCCESS,1.99,GBP
41c4e2b9-f4c9-44dd-9c8a-f9e4c42db21a,03249ce7-473c-4971-9417-74895ae01f5c,447708286381,2026-01-09 23:07:46.000,2,SUCCESS,2.49,GBP
3350c8da-3bb7-43b2-872a-f45085e18d89,f6d9afd0-c9d5-4845-849a-2dbc657e0ba5,447799708958,2026-01-10 00:05:25.000,2,SUCCESS,1.99,GBP
67804988-4ef5-48af-a4d3-6c15f2c43314,5e9158d7-e9ce-4db4-9ec9-21b1923c412a,447759957986,2026-01-10 00:25:12.000,2,FAILED,0,GBP
9f2820a6-7597-49aa-87fa-f7a8fe9b1baf,0102aec1-2434-4cff-acc5-fb184a1ee66f,447731240034,2026-01-10 00:30:51.000,2,SUCCESS,2.49,GBP
53432df2-9dc0-4507-ad56-2bcf110a387f,c8006eb1-fe18-419a-a58d-e7d9e6013b26,447704341104,2026-01-10 00:37:43.000,2,SUCCESS,2.99,GBP
868bf52c-b57e-477b-b13e-28658e3f8366,4f0a0c27-b276-4743-8001-7661577fe87b,447798212055,2026-01-10 01:31:31.000,2,SUCCESS,1.99,GBP
c352596f-d84a-4dfd-8bc4-dcf2b57fa13c,a7182a0a-d7fb-4b22-a762-c951b3ea8812,447768146413,2026-01-10 01:53:34.000,2,FAILED,0,GBP
19f4deec-6b93-4480-b346-239ddb3a711c,a043f99a-b8c3-4214-b338-b1d9c7f07a10,447701243979,2026-01-10 01:58:38.000,1,PENDING,0,GBP
94447152-8652-4eb3-a987-a9d743d94159,391f84a6-4c87-4ed5-980c-be33c9a04408,447714064014,2026-01-10 02:03:58.000,1,SUCCESS,0,GBP
28c9ffc5-16d8-422c-b373-35d934831bb7,002863ad-0d9d-4a38-b544-2a33354cc2cb,447797052435,2026-01-10 02:32:10.000,1,FAILED,0,GBP
ede795bf-3136-4fa4-b17a-768df0f5ecbe,55c6da3d-38e2-4039-82a3-7a07dde240df,447792303349,2026-01-10 02:35:58.000,2,PENDING,0,GBP
dd9f78a9-ceb6-4a43-9420-ce21458f5f64,8ccaf76a-612b-4208-a33b-c0a01b59bf8a,447727917435,2026-01-10 03:01:32.000,1,SUCCESS,0,GBP
90236b70-749c-4f70-b860-4342d904463b,1c9a659a-b4ab-4aae-bd3b-f835bf05d966,447705107177,2026-01-10 03:20:13.000,2,SUCCESS,1.99,GBP
b9cf7afa-2472-428a-abcc-cbf46ff03eda,e1d3f52e-f5c5-49a7-864f-1fb35aa90b6d,447728842423,2026-01-10 03:21:12.000,2,SUCCESS,2.99,GBP
4ff8a1a1-d107-4322-bf22-dd53696aadc9,e1d3f52e-f5c5-49a7-864f-1fb35aa90b6d,447728842423,2026-01-10 03:21:28.000,1,SUCCESS,0,GBP
50dec77e-661d-4032-b2a5-48b927489ba3,996b9ef8-9161-4c72-9b9e-8078b4c174e7,447735872862,2026-01-10 03:32:16.000,1,SUCCESS,0,GBP
6d6e5530-11d8-4f4e-b86e-5daad1591d46,d63cc411-689c-48a1-b2ed-ee8b0287293b,447708729541,2026-01-10 03:38:11.000,1,FAILED,0,GBP
de46605f-7024-4989-8086-b07b8e583b76,7a341fe3-f201-495d-a9ab-6e4fd5706d39,447715416017,2026-01-10 03:50:32.000,2,SUCCESS,3.49,GBP
e5218ab8-f116-4ca0-b446-169f0bdc8234,7a341fe3-f201-495d-a9ab-6e4fd5706d39,447715416017,2026-01-10 03:52:07.000,1,SUCCESS,0,GBP
9a75a16f-fba3-4414-9eaf-e93d9f7ff678,58ee87a0-d384-4260-876c-72ad5ff64a0f,447704799813,2026-01-10 04:06:20.000,1,PENDING,0,GBP
bfcec538-53ff-42d8-a3bd-9a56e018111b,e005b242-b92c-4367-919e-0526ead2f85f,447746675957,2026-01-10 05:12:18.000,2,SUCCESS,1.99,GBP
831ec063-2124-4ff7-8a14-8556bbec3da2,50b4d856-c542-40b5-b016-1f02f37d0f9f,447725084301,2026-01-10 05:22:25.000,1,SUCCESS,0,GBP
141242e8-6a50-4ee5-a9b2-dc5044f6077b,2bfe333b-cfe2-4f25-abb0-f24676ec82d3,447754694997,2026-01-10 05:37:10.000,1,PENDING,0,GBP
2da00580-ee7c-4542-b4cc-0724383e2464,281bcb1b-957a-4d43-aac2-8c2ed76ee80d,447781925144,2026-01-10 05:37:45.000,2,FAILED,0,GBP
3dc3017e-d663-4f27-8538-f1d5ddbda629,8ba971a1-fa78-44c7-b816-f69a4568a103,447740937767,2026-01-10 05:50:49.000,2,SUCCESS,1.99,GBP
975fa560-4e46-4963-9abd-9a755bca1cc6,7d6eb655-9cb4-499a-995b-ff01ddb68951,447777187597,2026-01-10 06:33:27.000,2,FAILED,0,GBP
65034076-e849-4e39-8226-28c1ef0d76c5,0109f587-cea6-476b-9d93-e3d7e61b134d,447747506330,2026-01-10 07:24:09.000,2,SUCCESS,3.49,GBP
c04b23d5-1a53-4084-970b-ca94b012372e,fde8df0e-0d6a-495f-a1f0-a4f7389cfd60,447707908324,2026-01-10 07:26:04.000,1,SUCCESS,0,GBP
eae8aa61-1191-47e6-bde4-c951148e2060,b99394cb-70a9-4d5d-8a12-6bf836a9dee4,447773281482,2026-01-10 07:42:16.000,2,SUCCESS,3.49,GBP
feadab61-15c8-41ea-b53f-da4e923e5b73,6204853f-da92-4c6c-b95c-c1e6c7617dfc,447759808943,2026-01-10 07:49:20.000,2,FAILED,0,GBP
418538cc-61b1-4e6b-a267-03ed92079c47,25dd5b6a-d04e-48a0-a6a2-c920df0cbb83,447747773723,2026-01-10 08:16:26.000,2,SUCCESS,2.49,GBP
d8fea7a3-447c-4c9b-aed6-0f3178450099,3644f32a-9307-4b20-9a43-60a91d2f8726,447741030729,2026-01-10 09:03:59.000,2,PENDING,0,GBP
c9df2d26-2ba2-46a5-ab7e-8e27a1ae9ea5,1f14908a-2782-486d-9936-ee29ddc89475,447719951355,2026-01-10 09:12:33.000,1,FAILED,0,GBP
9ca5949a-7e6f-4034-ad1e-40341dff89ea,c8e14c39-c77c-458e-ba2f-e45bb77ade29,447764317612,2026-01-10 09:30:42.000,2,FAILED,0,GBP
4a7ec82e-aabb-499e-b551-32f71fd5d7fc,ec730f09-a5b2-467c-9cb2-9edbf6370506,447720552542,2026-01-10 09:46:28.000,2,SUCCESS,1.99,GBP
ae2ce02f-3d5a-4fcb-8eab-c69f13ee6691,2a70d9fd-7281-47db-8d63-4088b46ccd1b,447711141520,2026-01-10 10:03:45.000,1,PENDING,0,GBP
3c2976c9-fea9-4587-8a1a-155e0aa95fc6,446eb8d9-595b-46e2-8e57-8da28a2a7bba,447722959320,2026-01-10 10:11:27.000,2,FAILED,0,GBP
20045985-baa1-46d3-9496-2248a2af5a2a,dd00273b-a9da-4a1e-93ee-534f18f771e0,447772647704,2026-01-10 10:14:35.000,2,SUCCESS,1.99,GBP
24acc54f-5589-49d5-bbbc-e450a5f79e3d,1d2720ea-5e61-46f3-a3c5-6dc14868424c,447762857819,2026-01-10 10:17:07.000,1,SUCCESS,0,GBP
124c54fb-63f2-4121-8ca9-f21e7b5bd4a4,42d183c1-740e-4ada-be8e-b932250e88a8,447718086162,2026-01-10 10:45:48.000,1,FAILED,0,GBP
b1c8209e-d60e-4469-b699-cb258cddab2b,9959f67d-5360-48c0-920c-e060684ca954,447729391250,2026-01-10 11:19:14.000,1,PENDING,0,GBP
58e4eb3b-bf0b-44cb-92bd-a053bfade8e7,56fe0d3e-1ffb-4573-a498-008c1305b88a,447786797358,2026-01-10 12:21:08.000,2,SUCCESS,1.99,GBP
fabe99a7-54ca-4c5f-b4a5-6056fc7ac303,fb548f0c-1270-4e38-9b8b-ac2414dd4ecc,447790171949,2026-01-10 12:37:45.000,2,SUCCESS,1.99,GBP
e4a7fdca-979a-427d-a5f8-7bd5731e9a72,2aa96710-ff43-462a-ab4a-48c06daaccd5,447795358652,2026-01-10 12:44:22.000,1,SUCCESS,0,GBP
7f2abf3b-9743-4012-8d31-0f97d21a8ad0,4d40feed-10c8-478c-8ed6-c46307ab1204,447753844312,2026-01-10 13:16:18.000,1,PENDING,0,GBP
866048ae-609f-4af4-af5b-97b10db06cce,aa18209e-6d72-4989-8c21-9469114ca423,447765100428,2026-01-10 13:36:56.000,2,SUCCESS,3.49,GBP
84aea6b6-12c8-4bb0-8a60-66ce4e72a62f,14a2915d-b209-468b-a01e-f93c175269c5,447783857201,2026-01-10 14:23:41.000,1,FAILED,0,GBP
d886e615-6b04-4728-ba90-b020c5415d11,73fce66b-5434-4a3a-be5f-72835c58d514,447764093913,2026-01-10 14:33:35.000,1,SUCCESS,0,GBP
9f60c8c0-a517-4255-b2a5-54eaf0e6e3bc,76cf6635-be3f-45f9-a7d8-6a5632c0cb85,447754886627,2026-01-10 14:48:10.000,2,FAILED,0,GBP
0598f538-ea04-4046-b39e-d3eb77084751,711141df-4828-4849-8a34-67457ccf0020,447783198445,2026-01-10 15:26:55.000,1,SUCCESS,0,GBP
606d82d1-5ccd-49ff-bdc9-d2cec8a60be9,dce37385-a4eb-4683-9fd3-c15a6f747baa,447735642793,2026-01-10 15:43:24.000,2,FAILED,0,GBP
2e2915e6-8637-495b-a757-c8e819b222de,89253186-177e-4133-94f5-d77500cc4179,447705509949,2026-01-10 15:44:44.000,1,SUCCESS,0,GBP
ad23072b-33da-4bd8-973e-ca7cf4223f86,f3a83470-6559-4c4f-acca-d6186b5452cf,447704785140,2026-01-10 16:07:19.000,2,PENDING,0,GBP
ebfd461f-5b7f-4e05-974f-513609319742,3e5a5c28-b0e4-460f-ae6d-5077810e9ad2,447739593469,2026-01-10 16:07:25.000,1,FAILED,0,GBP
7905c618-cfdc-4b5e-baf3-b69850d14367,d1a97316-0e20-4b21-b571-26753c510959,447717019390,2026-01-10 16:28:00.000,2,SUCCESS,1.99,GBP
ed2c961e-eec0-4b86-b1e7-761b05c3d88d,daa58172-05a7-4796-bdb5-d042180b8d98,447706465569,2026-01-10 16:28:33.000,1,FAILED,0,GBP
89072cce-ed8f-404a-8457-5d86466a981b,ea33e99d-e2b7-4839-bbc7-ab9beb29f925,447762075226,2026-01-10 16:45:16.000,2,SUCCESS,2.99,GBP
2b81d800-ea44-40f5-8665-c050bb953b71,d78d0110-a099-41d1-9b0e-53e452dce279,447705678594,2026-01-10 17:50:57.000,1,FAILED,0,GBP
447f21a5-b8d1-43e5-8184-362d76e3999a,3c46d741-a428-49e6-8ac8-d023595970f5,447772021245,2026-01-10 18:28:42.000,2,FAILED,0,GBP
19b67d2f-968d-45da-b492-f5536d3f6749,952c743c-80b5-42eb-b3ad-6b429d6d0de7,447781861299,2026-01-10 18:53:30.000,1,FAILED,0,GBP
1e27d879-bc85-4e8b-b09e-b248fa588201,153a7086-77af-416d-a367-fd7d745ba05c,447793353438,2026-01-10 19:01:51.000,2,FAILED,0,GBP
5d420b14-602f-4716-b84d-d68db5d4a8f7,76a6987e-8f4c-44f0-9d2e-b012388cbc4a,447712572732,2026-01-10 19:02:54.000,1,FAILED,0,GBP
44e4b3a7-c28c-4bce-a54a-c9d6259159f3,c7ee5ba1-421c-4b7c-a729-ca201156e663,447758445577,2026-01-10 19:16:49.000,2,SUCCESS,2.49,GBP
20c6baf4-7e12-4820-bf46-baaf2526b32f,90bf4374-ea78-4c39-b10e-91116af7b7d5,447705455222,2026-01-10 19:26:20.000,1,SUCCESS,0,GBP
e868dcd8-fe91-4918-9df2-5320729052f7,34214383-7e6a-46e0-8523-07226dc71eb1,447752836483,2026-01-10 20:16:35.000,1,PENDING,0,GBP
ecb55e43-bfb9-457c-b3fd-960d7d956c9e,4152745c-06dc-451e-be6e-1a60b45519f3,447711861130,2026-01-10 20:34:52.000,1,SUCCESS,0,GBP
6719977b-e7c8-4304-8f00-791b206fa0b7,0e5a1b13-dbc2-40e5-a71f-a6d020dca07c,447742342760,2026-01-10 20:43:51.000,1,SUCCESS,0,GBP
9720a0eb-5541-4bdb-be9b-0337fec7670c,8ef6ff66-534d-44f3-ba1c-45dc1e62241c,447795993434,2026-01-10 21:15:39.000,1,FAILED,0,GBP
1314973a-100c-4cef-8b6c-b58ef84b7690,c6c1e226-fb34-46fe-8a5a-4eaf4cf72f31,447700286137,2026-01-10 21:15:51.000,2,FAILED,0,GBP
56e23d8d-37ba-4488-a986-0b03074a8b2e,09799c1b-4c67-4895-9d88-9f06e55839eb,447732122771,2026-01-10 21:59:51.000,1,FAILED,0,GBP
8bb9335b-da9c-4bb5-969f-30ae11804ffe,5459cf6b-ba01-4865-9cff-c94541d96aeb,447712585375,2026-01-10 22:01:51.000,1,FAILED,0,GBP
c9b4960c-006f-463d-a1ef-cd9320b50bf3,cb49b18c-f287-4cd6-9e25-3f43591deda0,447746640159,2026-01-10 22:15:08.000,2,FAILED,0,GBP
95c8cbca-a935-427a-a80f-77802b1a8996,e84e43d7-c1c7-44e8-b377-b36507179f58,447747452284,2026-01-10 22:23:50.000,1,SUCCESS,0,GBP
04781694-0a9a-4161-8a87-9d18169e1d92,8c08d992-2598-463c-bff9-4f4cacfadbfa,447760024384,2026-01-10 23:02:31.000,1,SUCCESS,0,GBP
ed96a1e9-0074-4e4c-9869-da77862c3b52,1bc097f1-8455-46a8-98eb-b811497e8839,447717748100,2026-01-10 23:04:16.000,1,SUCCESS,0,GBP
9eb2adb4-6b19-4757-bc1c-6a424ff1721d,47e8bb4d-6209-4318-82e2-e39791189f2e,447755333846,2026-01-10 23:38:03.000,1,FAILED,0,GBP
ced87919-cfc0-4bb1-8957-5e7b5682a278,570ad2f7-c60a-40a6-99c4-15ddd580940b,447778886725,2026-01-10 23:46:23.000,1,FAILED,0,GBP
5c78db78-f1f6-4065-9f83-bb3c4fbd0504,2012a98e-3a01-47b9-bd1d-c371a908f470,447744477224,2026-01-10 23:49:48.000,1,FAILED,0,GBP
4353ca07-72f3-4790-9ba7-091422f9c121,5b7aeaa4-7eb2-4ab0-9261-35e0a5e1699d,447769399674,2026-01-10 23:55:04.000,2,FAILED,0,GBP
6b635e74-c32a-435b-bb89-b5841b0410ca,ca4ae707-c458-4b08-a33b-39d2abb862ed,447713965235,2026-01-11 00:42:00.000,2,FAILED,0,GBP
7461027f-a7d8-4ad2-a2d1-000a05899699,aa7ce65f-be3e-4107-8bd3-d2a8aa70a080,447769020020,2026-01-11 00:57:33.000,2,FAILED,0,GBP
572e69fc-b1d0-4129-baac-c7e63e164319,f46b6125-66e1-45b6-ac0b-d6200669ecd7,447755112422,2026-01-11 01:01:51.000,2,SUCCESS,1.99,GBP
11bcc2b2-6290-4cfb-bab0-beb8fa7b58d1,83357403-eba2-4f2e-bea1-e01119145fe6,447726932949,2026-01-11 01:07:08.000,1,FAILED,0,GBP
8bb1f124-8ad2-4261-b107-b920f87a8cdd,b2b03726-c67a-4dbc-a244-0f2b58454af9,447708313080,2026-01-11 01:11:17.000,2,SUCCESS,1.99,GBP
160ef52e-54f5-415e-a36a-0a31798d491f,cc33dc4e-2eb0-4caa-9c3d-6ec16f761818,447722309045,2026-01-11 01:11:41.000,2,FAILED,0,GBP
3e6749de-4596-4dc7-9c0b-d462ac05f7ab,8cff2e71-761c-4381-8078-e024df6fb95d,447799074078,2026-01-11 01:19:33.000,2,SUCCESS,2.49,GBP
3250709c-1670-4e13-97f1-2c69df6195a4,75b71fcd-925b-4aa6-9c54-8879bc417a12,447729000942,2026-01-11 01:38:42.000,1,FAILED,0,GBP
1a20a341-2899-4fda-ad86-07397e01f76d,ea3668cf-8aa2-4e20-b15c-3c9c43b6bd00,447787498378,2026-01-11 01:42:13.000,1,SUCCESS,0,GBP
10f7e2dc-0c51-4048-bb6d-45d03743c42e,720ac4c4-71bf-42e7-8982-b4d696efb51a,447757243697,2026-01-11 03:18:09.000,1,FAILED,0,GBP
4fa7c3f1-773b-4c3d-902c-b1d947d50e75,a97c4f7d-1391-4564-a3ca-68c09df1d3e3,447781675816,2026-01-11 03:34:58.000,1,SUCCESS,0,GBP
7aa2fa71-022a-4b85-9cce-9afb0ade685c,1f8d863d-6bc6-43b4-9f8f-3ed3e3ed4f67,447753934190,2026-01-11 03:37:36.000,2,FAILED,0,GBP
a90732e5-880d-4aff-a547-cd8b0c710a25,8be57364-13fc-44cd-a886-852b7a3dcb90,447737683552,2026-01-11 03:48:49.000,1,FAILED,0,GBP
bf8a23c5-3899-4cd7-8480-a7100e66f7ce,71e066e5-6bdc-487b-b45f-f2705463f9ec,447768171248,2026-01-11 04:01:35.000,2,SUCCESS,2.99,GBP
9abddd63-4ca4-4d24-a461-03223db9e279,37b2588f-13cb-451a-b350-7e4485c8ece5,447785062950,2026-01-11 04:20:49.000,1,FAILED,0,GBP
b8a2da82-f5ce-4325-956f-7605bdc8aef7,ea8b7e93-965a-4db5-9360-a991d5ac96e4,447784021213,2026-01-11 04:56:52.000,2,PENDING,0,GBP
e90afc08-ac4a-4947-83fd-88d7598cbe59,a450f4e0-67a2-4a69-8de3-beff08701477,447753027777,2026-01-11 05:50:17.000,2,PENDING,0,GBP
59209f34-9391-40b0-87e0-9b684ad608b2,435c2352-c074-4f8d-b14b-cc9a3d7579b7,447746845230,2026-01-11 06:10:09.000,2,FAILED,0,GBP
5e071bd9-1218-4da5-8033-38d30ff6ee13,0bfbb091-229f-4782-b6c1-74c5327cf0aa,447730216279,2026-01-11 06:21:31.000,1,PENDING,0,GBP
355a4532-a895-4ad3-8892-27c5d9d59ee8,4844e1df-f092-4853-8b55-e1e0d3ecb60d,447727031885,2026-01-11 06:36:52.000,2,SUCCESS,1.99,GBP
2994e2c4-064d-4f1c-81fb-e110e7e87eb5,6e539d47-3a9d-475f-8cf0-7bd9f9a1dd5f,447768676454,2026-01-11 06:57:37.000,2,PENDING,0,GBP
9e1693ed-a217-4955-b3a2-0d0839d8ee98,afd31be2-ad7a-4da6-ab51-7c02f1b3e90e,447750644341,2026-01-11 07:02:48.000,3,SUCCESS,0,GBP
f42ac033-e20e-4e6d-8830-ca857682fa89,88fc5301-8db6-4c6c-bb42-afe9001f1c86,447707243541,2026-01-11 07:17:10.000,3,SUCCESS,0,GBP
ad1f9b68-e72a-4a60-8258-8b88785e8c79,ac79d1b1-f62b-461a-b678-9594aa8cdc02,447712939371,2026-01-11 07:37:50.000,2,FAILED,0,GBP
59d0303b-ea04-4419-9f04-d18e7698a230,ce1f7de7-57f2-42d7-9493-4760a9163cbd,447717201397,2026-01-11 08:08:03.000,2,FAILED,0,GBP
cb8c4aa1-4e9a-49a8-baca-a37055c03b6d,31e7744e-2728-443c-a48b-6c614d8fd519,447703940437,2026-01-11 08:20:44.000,2,PENDING,0,GBP
4942805e-30f7-48ba-95e3-c58fcd12f2be,fc27a122-2b82-4c1d-ba70-922e60f544c3,447769308132,2026-01-11 08:24:00.000,2,SUCCESS,3.49,GBP
1184f611-8091-4613-9f84-293ba2c58370,fc27a122-2b82-4c1d-ba70-922e60f544c3,447769308132,2026-01-11 08:25:35.000,1,SUCCESS,0,GBP
307a43d2-87a0-40b2-853e-f126f05b80e8,b55ab034-c2e7-41e9-ad44-1d358d86c4fe,447746581929,2026-01-11 09:17:37.000,1,FAILED,0,GBP
51981dd5-0f4a-4c9f-910d-9096a60fb7d9,d54f9dee-3212-4b6c-930e-1adea1a21a11,447785982837,2026-01-11 09:21:36.000,2,SUCCESS,3.49,GBP
77c753c2-1bbf-4d92-ace9-37a690782437,bd57df95-173e-4baf-878e-57ec5aa397f7,447775171040,2026-01-11 11:05:20.000,2,FAILED,0,GBP
1f472769-58c6-49fa-ba93-cfd5e4ce9ce6,b3ebc2a4-1e55-485b-a2a1-2c1fd7b33314,447795090835,2026-01-11 11:13:43.000,1,SUCCESS,0,GBP
244d39cb-eff1-4843-be2d-cd1191a6f118,07ba46f4-5182-48a5-9704-fa88e45ab317,447768075420,2026-01-11 11:14:14.000,2,SUCCESS,2.99,GBP
165123a7-4a43-42ac-a2c1-4528d8c4f432,d6f70d29-2f46-4873-9ef7-2f6de0debffa,447779578096,2026-01-11 11:45:35.000,2,SUCCESS,1.99,GBP
763bd5b3-2645-4800-a259-17b55b6f286d,e140bfb5-8d0b-4e2c-9784-726a32aa31c2,447742773072,2026-01-11 12:44:20.000,1,FAILED,0,GBP
f78981b9-e734-46a7-833c-6028c53ae244,1614c1d6-787a-4c2b-843e-c1310ca43118,447787551607,2026-01-11 12:50:47.000,2,SUCCESS,2.49,GBP
529f0d16-1dd0-42d5-b28e-a22c8a2e3d07,afd31be2-ad7a-4da6-ab51-7c02f1b3e90e,447750644341,2026-01-11 13:23:32.000,2,FAILED,0,GBP
c68fd209-c54d-4c71-aa3b-22599fa314f3,589d874d-f89e-4208-aae1-80e74788c26d,447752217558,2026-01-11 13:34:11.000,2,PENDING,0,GBP
6ea010f8-f2c4-4171-8aa6-2f44a3dea888,e473a3dd-6690-49b9-8171-d4ee0b10d301,447740804903,2026-01-11 13:41:25.000,2,FAILED,0,GBP
3bd8a1d8-db82-4cff-867f-3be8931c780d,d3541275-fe80-4c12-975c-fb2bf5d5f407,447763318928,2026-01-11 13:57:49.000,1,FAILED,0,GBP
80241254-b09e-46a5-a546-064590e0d03c,7d5b0045-e408-4536-af41-f1715a684996,447798594229,2026-01-11 14:20:18.000,1,SUCCESS,0,GBP
75db44a8-c9d1-4d7c-aabc-09d6fbd5697c,a5b086ed-ce9e-4217-8028-12de5633ef2a,447797077590,2026-01-11 14:35:40.000,2,SUCCESS,2.99,GBP
966e1427-36e1-4a9e-b7e7-872b18e799f0,3bbc4d44-8841-4679-a915-050b3a4e9550,447732491032,2026-01-11 14:47:19.000,2,SUCCESS,2.49,GBP
26285dec-55cf-4b96-ad23-00970781981f,4bf93bb3-4e12-44cb-b744-8400e88ceb5f,447799935849,2026-01-11 15:09:41.000,1,SUCCESS,0,GBP
e5575ac5-8ec8-4d99-a5a6-d932fcc0c5f3,fc25151a-fb25-4c54-bbe3-27cf4ce5608a,447770799102,2026-01-11 15:09:42.000,1,FAILED,0,GBP
ba42c05d-5e8e-487c-a254-c5eeb6b183be,90c68d9d-851c-41da-b055-f3fa23a2a6d9,447708079346,2026-01-11 15:32:46.000,1,SUCCESS,0,GBP
aece28ce-2f88-49e3-9717-0ea497109a96,e94b842b-4c5f-4356-be62-2aa7e698f498,447706225199,2026-01-11 15:57:33.000,2,FAILED,0,GBP
351bad47-bfe7-46e8-93eb-367fb294af6e,962d943e-d6d9-4104-a044-3a627e680efc,447731529216,2026-01-11 16:13:09.000,2,SUCCESS,3.49,GBP
3140b375-e64a-4088-beb4-2cc9f99f2e02,f70b4593-6d8f-4873-85b3-2a683a4c6713,447780616304,2026-01-11 16:44:56.000,2,SUCCESS,1.99,GBP
296571bd-f862-42a3-950e-5454f30a46af,791fb057-4838-4ba6-9233-0be531410dac,447716965667,2026-01-11 17:16:48.000,1,FAILED,0,GBP
13b432d8-c8a6-4d26-b916-ccc41f584754,d314d6a2-a7b8-49e5-9386-8c337f690cbb,447722082014,2026-01-11 17:23:47.000,2,FAILED,0,GBP
d53972bb-1912-4fe1-aed1-4be9a2e0e8c7,d8cfb10c-5f30-4511-a252-62f049666eee,447774740530,2026-01-11 17:43:55.000,1,SUCCESS,0,GBP
f18583ec-491e-4f59-8c66-0068d5a3f6b6,a465ede4-bf2b-4e0a-a6ed-e78251738497,447760626673,2026-01-11 18:06:19.000,1,FAILED,0,GBP
a1a68803-71d7-4526-b6ee-07f61733bbb7,4c1277e0-7d9a-4e80-91bc-ecbf52f3ac86,447721928191,2026-01-11 18:21:04.000,2,FAILED,0,GBP
86bacd00-9d96-40cf-aaaf-98b71f741242,f1cbbbbb-e11b-49bb-b98f-5267109d0ea9,447745880257,2026-01-11 18:27:24.000,2,PENDING,0,GBP
afadd696-c037-49db-87cd-9fa91dadcaa8,bd6bf4d3-d953-4a42-857d-da7f6a04e51c,447750523107,2026-01-11 18:32:44.000,1,SUCCESS,0,GBP
bba10437-13e3-4e41-84a4-0b75139f0249,d59b0e43-1008-4262-99a3-0317baeb3d45,447761494632,2026-01-11 18:35:32.000,2,SUCCESS,3.49,GBP
9419e5f4-ff7b-4ae3-abd6-4b9dfe3e863f,22fce4f4-02fa-46ad-b25b-a19a993eab06,447776828416,2026-01-11 18:49:13.000,2,SUCCESS,2.49,GBP
863ecf64-7b7e-4195-9ef4-346159fe45ef,ab537b5b-11b2-43dc-8368-5b9a69502fe2,447732726323,2026-01-11 18:59:09.000,2,SUCCESS,2.49,GBP
6db26cf0-6e0c-4fc2-83c5-fd16b98def04,5895d0f0-61db-4562-9406-0dac02e5f4b1,447701418292,2026-01-11 19:28:05.000,1,PENDING,0,GBP
4e1585e4-fb0f-4fbb-8e77-69f10b567116,8383176a-589d-4096-829b-85b5e55f0a36,447750629134,2026-01-11 19:43:53.000,2,SUCCESS,1.99,GBP
21d4fc88-4fd8-4bdf-b129-bd382bcfa6fc,10f48252-fdac-4c06-880d-98d9f54b2570,447734892124,2026-01-11 19:47:22.000,1,SUCCESS,0,GBP
1e00300c-1284-4c54-8b30-8dd0d17438f3,51008534-5518-4d93-adc8-dc20df9d8479,447782203715,2026-01-11 20:28:11.000,2,PENDING,0,GBP
e2687c52-3bc2-466a-9e5f-9bbca772ae34,750be2ab-b27f-4b43-83ae-2182b0e6dedd,447781427314,2026-01-11 20:31:38.000,1,SUCCESS,0,GBP
310719cf-b179-4fa6-ba6a-7bc21d9d070c,41f7cd54-a67c-4503-b4eb-9ca7aad651f6,447730160087,2026-01-11 21:47:59.000,1,PENDING,0,GBP
8a084e4f-7f1d-47c3-8f33-621e306e2e30,54384b29-fc03-4109-b977-4f6b9e14347a,447741705731,2026-01-11 22:27:06.000,2,FAILED,0,GBP
04c283f8-1f17-4c7f-9a03-053c7de1829a,da03c842-df0e-430b-bb5b-b11f293d24e4,447708145393,2026-01-11 22:41:54.000,1,FAILED,0,GBP
8e916f7f-12cb-4dbc-8567-3748c7986131,aa8649d1-2fff-4108-a3c0-7a0c561ac4ac,447769197520,2026-01-11 22:53:25.000,2,FAILED,0,GBP
e7e9db7a-6ffc-4270-8707-07a370ef2b27,b1b00af8-e25e-477d-b97e-df3dabfed822,447760583091,2026-01-11 23:04:49.000,1,PENDING,0,GBP
d096be26-9eb9-4299-8133-95c45447ec09,1eced2b0-9675-4fd8-b4e2-9338f70f0088,447723367162,2026-01-11 23:13:34.000,1,SUCCESS,0,GBP
2e100f81-2810-48b1-aff4-945cec578aa4,9f4e9507-9991-4c93-b536-a261a782f7fb,447772077175,2026-01-11 23:43:50.000,2,SUCCESS,2.49,GBP
21dd7343-e9ff-4825-ac03-c052423c52ed,6621ef9c-526d-4df3-b2e8-d34a4f31c723,447731694617,2026-01-11 23:54:53.000,2,SUCCESS,1.99,GBP
3b7a4c96-ee62-46a9-8338-1ca30c442d88,87b6a1d2-d707-481d-afa3-26571ad6484a,447754177944,2026-01-12 00:10:24.000,2,SUCCESS,1.99,GBP
3040a06a-fa3f-4417-945b-58a44bc57df1,eef2dda0-7414-4ba3-81f1-da61645b868f,447711516323,2026-01-12 01:01:08.000,1,FAILED,0,GBP
b5d0edcf-5288-452c-8e7a-5554b5ff727e,2977730e-b9f4-4d31-a445-195947cd2cab,447726506446,2026-01-12 01:03:06.000,1,FAILED,0,GBP
2a4f96e2-2ef8-49d3-b9bf-2099e66709ea,2c1679aa-4058-4190-be5a-fc86abfcfe2f,447717741020,2026-01-12 01:03:46.000,2,FAILED,0,GBP
1bca8a9e-5973-4233-abc1-2809d9758521,14b5f39c-466a-4182-89b0-fac64b2e4700,447770910174,2026-01-12 01:15:43.000,2,FAILED,0,GBP
736ed265-ce13-4d1d-957d-2a0b51f561d9,ccfa8158-fba0-4d1e-a541-c51fcf1e6112,447715752819,2026-01-12 02:11:37.000,2,PENDING,0,GBP
4d154ead-b97d-4a96-bc19-5b015af2d616,0f5d396d-9a20-432c-b618-25e94bd398ae,447796412079,2026-01-12 02:20:50.000,2,SUCCESS,1.99,GBP
7d3c8ac8-5ed4-413c-9e80-7888d52358ff,131cf272-40df-4e00-9596-caa88c195750,447773221181,2026-01-12 02:47:08.000,2,SUCCESS,2.49,GBP
171e4630-d261-4f82-a80b-c8a1e59277ef,daa29767-9461-4072-85eb-8c2393d566ce,447752786045,2026-01-12 02:52:45.000,2,FAILED,0,GBP
17111d9d-a387-4695-ace6-7131faa407bf,b72bcdfe-86e3-4532-9657-9be28616bcd6,447724180247,2026-01-12 02:56:29.000,1,SUCCESS,0,GBP
d66ee09e-51ae-4b76-8fa7-002bda79deaf,f6ad3bd8-7536-48ad-9380-f9575395a7a7,447715699871,2026-01-12 03:18:52.000,2,SUCCESS,1.99,GBP
5340f0aa-308f-479f-9459-7ff2a2d44ea9,50a433e5-ccfc-48db-adeb-1b8858979c98,447781830476,2026-01-12 03:25:42.000,2,FAILED,0,GBP
4b70749f-4e6c-4e09-89bf-2b1a9ab29d09,2c770b41-c2f4-4f0e-8c23-62377bf723ea,447792859343,2026-01-12 03:26:48.000,1,PENDING,0,GBP
6ba6f756-a6f5-457b-adb1-edf3e4b077dc,ad5e337e-5163-46ff-b876-e6a65c7dc23e,447734951912,2026-01-12 03:55:07.000,2,SUCCESS,2.99,GBP
bfe82cf9-ff7e-42a3-9d37-217c7503a842,b7b8cca4-4627-407c-abd8-01f0dd8a3281,447763040981,2026-01-12 05:19:36.000,2,FAILED,0,GBP
12cb4e4f-3360-4ac5-b910-04090b3463c0,bf702cab-2450-434a-a84f-6db2720562e1,447725381645,2026-01-12 05:27:25.000,1,SUCCESS,0,GBP
0b29f388-65da-4699-881d-0ee1342598cd,5d177ec4-ee8c-40de-a4de-dbe2ed94083a,447773301442,2026-01-12 06:03:09.000,2,FAILED,0,GBP
19c00ba7-8b0b-4075-adf1-32cafac24f19,7f62e6f5-6ab9-44b9-8ac6-455b83c7d7c0,447742236825,2026-01-12 06:07:10.000,2,PENDING,0,GBP
386d7bd7-b709-4dae-a232-91fcb7ccdb9b,ff8f5874-889c-49cb-82ee-973faf16b26e,447708887130,2026-01-12 06:09:29.000,2,SUCCESS,1.99,GBP
d92a1e14-8bfb-49e2-93c3-97d9f7f37d54,7bdabb28-471d-42b3-968e-6e9a9d7e30d5,447700258482,2026-01-12 07:01:02.000,2,SUCCESS,1.99,GBP
52adcbdd-f7e1-48c8-8735-974ff8885c6d,71b12e6f-7e4d-477d-bd01-f5b6ece91258,447791132930,2026-01-12 07:16:08.000,3,SUCCESS,0,GBP
d6013879-4840-4c55-8a46-7a99ab5d78dc,10e1fa06-b633-4e66-9cc6-da3f3683327b,447715699326,2026-01-12 07:31:37.000,1,PENDING,0,GBP
8dbdbfec-35ea-4eba-bf3c-567ac258a690,db64e91f-5da8-4e31-85fb-f7d2bffa2289,447739961442,2026-01-12 07:32:48.000,1,SUCCESS,0,GBP
addb2850-fd1d-4813-a2eb-9fb5beacd71b,1c920a34-bffa-481c-8fa2-315fe8030e84,447732461414,2026-01-12 08:04:05.000,2,FAILED,0,GBP
4de41806-65c9-4201-96f6-ac272d54eb50,c1ed949d-e8aa-45c2-a329-f45832e1453c,447752657439,2026-01-12 09:14:39.000,2,FAILED,0,GBP
0bd2120b-0fa0-49a7-82fc-88c1424763a6,e275ec4f-5832-4481-ab29-318839a17c67,447711884443,2026-01-12 09:35:34.000,2,SUCCESS,2.49,GBP
3aa907bc-f0fd-4e80-a0ef-38d3964a3869,a13b781b-1ab7-4369-addb-9f0904389476,447760552806,2026-01-12 09:37:07.000,2,SUCCESS,2.49,GBP
824644ef-0a6e-490b-929a-79686846835e,74dbe527-bace-4b29-b79d-ebf262faca42,447760264249,2026-01-12 10:01:11.000,1,SUCCESS,0,GBP
a1e84fc1-1315-4e2f-b6f5-67c1207fd17b,8ed5da65-3bf0-4cad-8d2b-df8c218bfa9b,447716904243,2026-01-12 10:33:00.000,2,SUCCESS,1.99,GBP
5108c8f5-e5ca-4392-9000-f1d916599455,34f8924e-bdaf-44d7-842c-39eeac34c981,447743130287,2026-01-12 10:51:43.000,2,SUCCESS,1.99,GBP
80ac6e9b-8b13-45e7-b538-e3807390d3cc,15d2e536-073e-4416-b912-cf73680c0f44,447729045149,2026-01-12 11:14:56.000,1,SUCCESS,0,GBP
dd4ca6a0-a66e-4277-82c7-1689c345751f,ef89bc0b-7a19-40ba-af40-b92d2927cc74,447730930568,2026-01-12 11:16:05.000,1,SUCCESS,0,GBP
df8acd7e-1008-4ed7-8f1b-ae6ce93e13b9,4748728e-991c-436c-a0c0-e02bef8d7d44,447750382136,2026-01-12 11:19:41.000,2,PENDING,0,GBP
118b35c8-6fc4-4cfc-af0c-3f79d5146f3a,88fc5301-8db6-4c6c-bb42-afe9001f1c86,447707243541,2026-01-12 11:54:00.000,2,PENDING,0,GBP
c7b71af0-e25d-4e9b-808c-7a97bc2f8784,c4bdeeab-9b4a-4d30-b66c-46722da04ebe,447737761076,2026-01-12 11:57:40.000,2,FAILED,0,GBP
50e8d2c8-6848-4224-b5ef-41113d438314,27f6d676-4a5b-4fc4-b1fe-8690895d27df,447775770896,2026-01-12 12:06:43.000,2,SUCCESS,2.49,GBP
2298596d-2a09-4f42-bc63-e2ee69ad8d2d,6d7a6f83-6cf1-4647-8859-e0896a5352e9,447736876840,2026-01-12 12:18:46.000,2,SUCCESS,2.49,GBP
8b5753d0-8b4a-42de-a800-1045ff03ef8a,969303e6-aaf6-4298-9c28-a1f571d56dfd,447710250078,2026-01-12 12:54:14.000,1,SUCCESS,0,GBP
8bb10586-5ae6-4bb9-ac23-7b1ec10363e9,833cb882-027d-4aec-b75a-5cc6c3f6d32b,447772698101,2026-01-12 13:15:05.000,2,SUCCESS,3.49,GBP
01f0faf2-f86f-4a59-b836-975135b45511,37022c07-a625-4bea-b039-3ed44d281181,447799034125,2026-01-12 15:10:26.000,2,SUCCESS,1.99,GBP
990dfce6-83ee-48e5-bd4c-63c9a69f17ad,f5512dbc-03c1-43da-b1ec-431cf01d87e4,447753451271,2026-01-12 15:17:34.000,2,PENDING,0,GBP
3bb847a8-8749-43d9-b3eb-6bf1b2172900,18973ae8-f842-49e3-915d-8a40c9d72342,447792448430,2026-01-12 15:40:37.000,2,SUCCESS,2.49,GBP
94bc2049-f635-4236-9407-89c589dbd265,d9c07566-3ea8-4579-8371-eb1d8f161165,447783005306,2026-01-12 15:56:26.000,2,FAILED,0,GBP
e3ae8d6e-bab8-4ca3-8ec8-0da2fcb2779a,690b9045-c035-4be9-81a1-524b9beed34b,447783440297,2026-01-12 16:19:34.000,2,SUCCESS,2.49,GBP
4b3c6365-015b-4f6b-90ea-9f6e3e343dbb,7785d25e-4f5a-4e9c-ae4f-29b223263583,447760393048,2026-01-12 16:27:59.000,2,FAILED,0,GBP
f539d10b-0d9b-43eb-9df8-fe514c1fab4d,6199ead5-a3b9-4295-ac8c-ff287a6ce7fa,447796907738,2026-01-12 16:30:36.000,2,FAILED,0,GBP
ae61e023-1c7f-4be3-90b6-0b1094a5096f,11507d1c-fa2b-4f5f-8216-8af28413d904,447731874570,2026-01-12 17:12:45.000,2,SUCCESS,2.49,GBP
6f5e92b4-a7ff-4a31-a68e-d3021a5c9a5a,944495c6-3c7a-420d-b6f0-dabd960f53c9,447793547602,2026-01-12 17:49:27.000,1,FAILED,0,GBP
db4af40a-7380-4fd8-a7de-18f69173d00d,05da25bd-af3d-4445-a167-c692a007eb15,447726919663,2026-01-12 18:24:31.000,1,SUCCESS,0,GBP
dfff15ee-40d7-45b5-915c-db19c02bfd54,0b33764a-af94-46d5-9369-d3b950a81ac3,447746175274,2026-01-12 19:19:53.000,2,FAILED,0,GBP
69ba8b6f-d1dd-429a-bd27-13f84ca06b9a,711b9c8e-8ad0-489b-b2a2-50e2131463dd,447783659891,2026-01-12 20:04:39.000,1,FAILED,0,GBP
01ce358a-d605-4475-b47f-4a6ad6af68d7,52ba014c-adcd-4e8a-8dfa-a611171091aa,447729638464,2026-01-12 20:56:27.000,2,SUCCESS,1.99,GBP
8236d8e1-ff43-4d43-afbc-a5a89783fe73,658693d8-841f-495a-9995-04abf7412317,447784493959,2026-01-12 21:09:53.000,1,FAILED,0,GBP
c29a60ea-2a5b-45c8-8482-dd9ceac1067f,76451382-b6f7-4ce8-ab41-4f51ab544645,447740618180,2026-01-12 22:19:25.000,2,FAILED,0,GBP
63523f5f-535e-4f5b-87a1-a031a474ff89,ff4a88b5-91af-4ada-8a46-ddd1a6ae10f6,447710002911,2026-01-12 23:13:01.000,1,SUCCESS,0,GBP
1e8d3606-2b6c-4426-a510-1a85946fb857,275f3e99-2007-4799-b6ae-b7e43e729429,447781572233,2026-01-13 00:07:55.000,2,SUCCESS,1.99,GBP
be485c15-ecb9-4035-8f24-54eea20c3f32,fd3497ca-6329-4d46-8d4c-8b503ed5916f,447755573272,2026-01-13 00:15:26.000,2,SUCCESS,1.99,GBP
e6769aca-7916-4a73-b5a5-0717a126bef6,f0bbac47-3086-4f43-8a95-bb43af141bd2,447744931923,2026-01-13 00:18:06.000,2,SUCCESS,3.49,GBP
0168c6a9-e59f-47a9-ae99-fc97702ea187,f0bbac47-3086-4f43-8a95-bb43af141bd2,447744931923,2026-01-13 00:19:49.000,1,SUCCESS,0,GBP
1dea39d2-8aac-4b8d-9fc5-2ee6d688dd32,8449d6b0-14b3-463a-acb3-dbd7d4cd3cac,447772410540,2026-01-13 00:47:43.000,1,PENDING,0,GBP
a8d5a720-4c73-4f53-8710-84c392dc81c9,5f31c1b7-2a5b-4087-bc2e-4b9d0666a977,447733360099,2026-01-13 00:49:12.000,2,SUCCESS,2.49,GBP
3fdcea91-ff32-4ff8-9493-f6493d23df94,77c117bc-181e-47a8-a436-8edc375bc45a,447744353813,2026-01-13 01:13:55.000,2,FAILED,0,GBP
8062b954-02e3-441d-aaa3-fa7cdc7d6709,f8f30e1e-44f8-4fb4-9eb4-55932d28c0d9,447735805685,2026-01-13 01:39:51.000,1,PENDING,0,GBP
a76e7467-41e4-4c6f-a027-8a5ece5ef935,906765e4-2d67-49c4-a48e-907055fb712a,447739236250,2026-01-13 02:40:52.000,2,SUCCESS,2.99,GBP
5421f114-29ba-40d4-a190-98408ac8c8ac,becb1daf-8fa3-4ab0-a51a-17a15ed3ba7e,447738816607,2026-01-13 03:13:47.000,2,SUCCESS,2.49,GBP
54e3220f-bbfa-41a2-b883-994aa32257ab,9d9f10b9-44c3-4786-b585-5b66a5171695,447776075474,2026-01-13 03:15:39.000,2,SUCCESS,2.49,GBP
ca4a0f63-0af8-4c31-a30f-eafcf52ec1e7,e73e5701-0465-424d-841d-19a576f34ec6,447753737727,2026-01-13 03:26:24.000,1,FAILED,0,GBP
4ac76ba1-a65f-4113-8bc7-266f54ae8074,911cd16e-93aa-4bfd-88a6-5770d1a60acd,447720827043,2026-01-13 04:09:18.000,2,PENDING,0,GBP
5cbeb6da-a5bb-4e55-ae06-37bdc64f1b93,29868b69-bd65-4d4a-83ea-13d729ba1280,447733741760,2026-01-13 05:13:54.000,2,FAILED,0,GBP
8cb45652-1772-4039-9155-431206dc20f7,0f99e41c-4457-4829-af60-f14e227a8629,447796119361,2026-01-13 05:14:58.000,2,FAILED,0,GBP
e0b61253-96d8-481f-8285-8bcb89154ac1,7322331b-b18e-4d22-b5ff-1edb7cc70c6e,447758190973,2026-01-13 05:37:00.000,2,PENDING,0,GBP
58f935bb-a305-4fff-b100-7d322cf90fe1,c39360b6-d615-4a8d-a65f-f2fa54f30f45,447727799718,2026-01-13 05:40:39.000,1,FAILED,0,GBP
42e86224-c2d8-440c-9c65-74f27e84ae0f,4207fa98-1e43-4bae-bcd6-2bbadde42d31,447771281539,2026-01-13 05:50:30.000,2,SUCCESS,1.99,GBP
995c56d3-053f-44b3-b7c1-d13247a0deec,4f0a74c8-925b-4e14-aa25-369f0b8baa81,447743547939,2026-01-13 06:12:52.000,1,FAILED,0,GBP
fd66b754-ad24-4228-ade7-80151dcb4575,fdf1d23a-e4c7-42a3-bfbb-a4f279e68703,447760692607,2026-01-13 06:17:27.000,1,SUCCESS,0,GBP
5959cea1-3ef4-4a09-8a78-a06f93f3b3c2,eb8dd78a-91a6-43c5-b399-0a62adeaa21a,447773058802,2026-01-13 06:18:05.000,2,SUCCESS,2.49,GBP
85f0b08f-a691-4283-8b4e-cc239694b22d,ba8bedd6-f663-41fa-a55e-9d5a4ab7ca69,447773983072,2026-01-13 06:24:29.000,2,SUCCESS,3.49,GBP
0649304c-a4df-4264-81f8-704b56b7e16d,ba8bedd6-f663-41fa-a55e-9d5a4ab7ca69,447773983072,2026-01-13 06:25:49.000,1,SUCCESS,0,GBP
7cfe4424-1c3a-46c4-abdd-97e7773a3ba4,7cc55bdb-3819-4b7b-a415-fc8f2795cf9a,447777062082,2026-01-13 06:36:02.000,2,SUCCESS,1.99,GBP
73f560f8-4a2c-4687-a554-7cec3c0f2e02,3dd28426-39da-48b2-99e3-cb334ffe3d50,447795225437,2026-01-13 08:36:48.000,1,PENDING,0,GBP
cc64eb45-a5ef-4957-b5e5-1201227a931f,e0b3a1ae-617c-4c1e-a757-e0bd9a0411ba,447718079492,2026-01-13 08:49:28.000,1,FAILED,0,GBP
949e02b6-96de-4ae6-9239-5c4dcd004609,0c17332b-646e-481a-8683-f37c73bf90ab,447763645470,2026-01-13 09:14:21.000,2,PENDING,0,GBP
f5621aac-d8c1-40f0-ab72-6808e112dc84,c0c5a035-2b97-4aae-98b8-a8e41fab6a65,447748025083,2026-01-13 09:15:19.000,1,FAILED,0,GBP
b5fc0805-fdf3-410a-a926-51cb8a62ea33,08579c9c-0248-402b-9d99-3d449d73bd84,447706274795,2026-01-13 09:17:43.000,2,SUCCESS,1.99,GBP
e0ef32ce-aa5f-4be3-be50-b460499ab513,12ba9ba8-c174-4fd7-93bc-337e156748c8,447799458536,2026-01-13 10:12:30.000,2,FAILED,0,GBP
08b8e80b-11d3-4959-a5be-c9882a54a256,459ca99c-5e61-4c8a-8b2f-4208e12c7fc4,447722201426,2026-01-13 11:48:36.000,1,FAILED,0,GBP
8d508f32-4980-45ab-82a2-cbdda5858cfc,ca6a9e3f-0419-4828-8ceb-12cfc5aca54f,447751698942,2026-01-13 12:00:16.000,1,SUCCESS,0,GBP
e1d04316-1083-47cd-809f-47fe65c87257,02360f6c-d2f7-4494-9316-936a20428ae8,447735965951,2026-01-13 12:27:55.000,3,SUCCESS,0,GBP
29a05299-e9d1-453f-9c37-06658eb79857,0aae7e70-82a2-491f-b15a-10433e728fbb,447772755708,2026-01-13 12:56:12.000,1,PENDING,0,GBP
e45358d8-08c2-441d-9d7c-3b5c9a04dd66,2c34b6b4-5706-49f8-adbe-61e6c6f0c940,447788763518,2026-01-13 13:30:27.000,2,SUCCESS,2.49,GBP
4fe6afdf-b2bf-4070-8031-e56a8e7ebf7d,ef1c60f3-e10d-4ae7-96fd-c79f55e1b12b,447734325975,2026-01-13 13:37:24.000,2,SUCCESS,2.99,GBP
07e8d94f-5c91-4e8d-b62a-cab2d5322f99,ef1c60f3-e10d-4ae7-96fd-c79f55e1b12b,447734325975,2026-01-13 13:39:17.000,1,SUCCESS,0,GBP
2873f5eb-7597-4cb1-9a1a-9021d038d3c0,2082f8a4-d6a3-48a7-a859-f8b9b11e557a,447762895999,2026-01-13 13:40:43.000,2,FAILED,0,GBP
e5e84888-c194-452c-b3c3-c75d5cc7f7c8,22e7e4ff-f699-4c1e-8712-28656e11c64d,447717678448,2026-01-13 14:59:18.000,1,PENDING,0,GBP
33f8b4aa-d3f2-4f89-b9a2-6877818782bb,e1d3fee8-e387-487b-8743-354073ca1e7f,447775642022,2026-01-13 15:07:29.000,2,PENDING,0,GBP
e75fc7c3-cca7-4196-9774-9cbcf195cb82,2390012d-7913-417a-8d2f-702fd6a4073f,447785511771,2026-01-13 15:08:07.000,1,SUCCESS,0,GBP
260a8b84-3614-45b2-a6d8-be29b8f8f71a,d5ebf428-0b3c-4af7-b0c0-89ed316d1844,447787313798,2026-01-13 16:15:19.000,2,SUCCESS,1.99,GBP
5fea8a60-5396-4ae3-b9ff-a6aac13f6d39,4f127579-4fbe-4a47-a92d-0dba15fdd539,447725791156,2026-01-13 16:29:30.000,1,SUCCESS,0,GBP
a041057f-dda2-4369-98b1-429628e77963,1aae3fb5-89c4-4188-914f-5a8806f61174,447717028262,2026-01-13 17:16:24.000,2,SUCCESS,3.49,GBP
b00ea5cd-efba-4500-a74d-2b0cbe46335c,1baa3c34-ed3d-4678-ac52-918ad290e24f,447785992380,2026-01-13 17:53:39.000,1,SUCCESS,0,GBP
577a5d3c-f21a-4dc3-8fcf-dbf6935adf4f,bff0692b-2080-477c-9200-10156a49b9d6,447759164829,2026-01-13 18:04:28.000,1,SUCCESS,0,GBP
59f97598-d984-463a-956a-5c4476e73e6d,94b4a586-39e7-42a4-9ee9-0764e53ca5b2,447758135602,2026-01-13 18:42:53.000,2,PENDING,0,GBP
7285d08b-33b3-4393-9c07-f8b55f2aaa38,51777a26-0c88-434d-b6ab-a91616b9831b,447726330288,2026-01-13 18:42:57.000,2,FAILED,0,GBP
679c07dc-91f3-44b6-a397-3012d00b6bb9,1acc8394-6ef3-48ca-bcbb-a27843e749d2,447711284547,2026-01-13 18:44:48.000,1,SUCCESS,0,GBP
0eb8765d-95bc-45e1-8ae1-762e6b5f4318,7ef2f324-e3fe-445c-a3c1-7df042f70454,447718865768,2026-01-13 18:50:20.000,2,SUCCESS,1.99,GBP
2a595a66-3ad3-4918-977f-1c9acc65db13,a5044939-c15c-48f8-a6ee-85b0f04f7936,447718998621,2026-01-13 18:54:26.000,2,SUCCESS,1.99,GBP
91c2c421-986b-49f1-b4e7-7450f086ba27,2f2b2093-bc4d-4a85-8f07-072a5f55083e,447789007100,2026-01-13 19:45:29.000,1,FAILED,0,GBP
0798a5c9-6dcd-42f2-bc03-04359b7d5485,d8df6a25-7edf-4ff9-86aa-78f2c6040dbf,447723130596,2026-01-13 20:03:59.000,2,FAILED,0,GBP
c8a330ac-2955-4968-a421-52d21c6930af,6222f7e3-066d-4bae-92b6-1d9155d9e2b4,447719543364,2026-01-13 20:10:51.000,1,FAILED,0,GBP
a2f44d29-d7ab-4ea2-a271-4bc573322ba2,cd7e0505-9a9d-4fe2-bff1-1318aff5a47d,447732779330,2026-01-13 21:03:16.000,2,PENDING,0,GBP
bae74e91-e904-40b2-b460-6d80d7e2f87b,461b5f3a-254e-4330-bef0-4b96c07db5c0,447750968846,2026-01-13 21:14:12.000,1,SUCCESS,0,GBP
85498297-ebc9-45ae-92ba-80b4fb28a001,f90105c0-3188-4d57-beef-e32a4c71fa57,447737807962,2026-01-13 21:16:17.000,1,SUCCESS,0,GBP
8e6d1786-0a68-46d9-abe1-5a7165fa0912,fef42f87-6772-43e3-8305-1a7369d53d1a,447717030337,2026-01-13 22:15:49.000,2,FAILED,0,GBP
e0b282b6-70f8-44b3-93c4-1e106942b05a,c07ebb20-f15a-4acb-8636-86c44cbd2c54,447787308898,2026-01-13 22:55:59.000,1,PENDING,0,GBP
a9556ff1-d4d0-4e42-a6cc-cef6a6d91d09,514ee052-d433-4d3a-859c-0c6ebedc61b8,447793392897,2026-01-13 23:07:02.000,1,FAILED,0,GBP
01c52b53-4cca-41a1-bd77-5f85ab6dc5d2,7deda305-d129-45d4-b6f6-5c03f6814e9c,447741033065,2026-01-13 23:39:58.000,1,SUCCESS,0,GBP
15a53e37-7dd3-4374-b782-65fd1b4bcb0c,4811297f-58ed-4529-9201-f8c9bd63ddc9,447794643216,2026-01-13 23:53:45.000,2,SUCCESS,1.99,GBP
6a76a3a1-ee99-4079-8001-3e1a21693e2f,4d8dd128-e8b5-47e2-9120-6d358aabbc6d,447740661973,2026-01-14 00:07:37.000,2,SUCCESS,2.49,GBP
14c24d83-7c4d-407e-be29-22dcff9ea14f,a15e957a-cecc-46d0-a03a-f58ac4f57ecc,447754845385,2026-01-14 00:21:42.000,2,SUCCESS,1.99,GBP
3144745e-69b7-4b3d-9ff6-925ce4fd6e11,bb97290c-9159-48f8-8863-e5ec4bf8b8ff,447737940473,2026-01-14 00:47:43.000,2,FAILED,0,GBP
465998cd-0401-4c77-9a10-0a7b4be8e552,0fd53a1d-9b7e-4b35-bcd5-ec18544761bc,447718902357,2026-01-14 01:10:02.000,2,FAILED,0,GBP
4d350ab8-ea46-474b-a3b6-07af172d83e2,106c79a3-b694-4e8e-a960-7837372d63ca,447717198225,2026-01-14 01:28:35.000,2,SUCCESS,2.49,GBP
a18ebd7c-9113-4476-85e9-1f51f5a80957,22e78bab-f0d1-4713-bfe9-fedbfdc86862,447719111134,2026-01-14 01:53:17.000,1,PENDING,0,GBP
63fd2090-062a-407e-b5a8-1890688d4638,9d0e38cb-7a14-4850-a2c0-61ad7d426eac,447733397067,2026-01-14 02:18:41.000,2,SUCCESS,1.99,GBP
4950ecbb-a25a-4071-b2d2-5c10041125c9,f674113c-8d7b-414c-bdce-b73c8842b7eb,447782843766,2026-01-14 02:24:54.000,2,SUCCESS,3.49,GBP
97463df8-4aaa-4d10-9a36-f05334307c12,71f051a6-1679-4135-8cf5-000753fe8f9e,447718562942,2026-01-14 02:32:01.000,2,FAILED,0,GBP
1d766e6b-634c-4a1e-88f0-c9158d663825,ec46c860-74b9-49d2-88a7-cf1ae541f11e,447731178676,2026-01-14 02:58:09.000,2,PENDING,0,GBP
6bf7fcf5-bbd9-462b-87a6-8744dfbd2dfc,b704ec2c-5403-4718-9bcf-795923cab49f,447709983167,2026-01-14 03:13:51.000,1,FAILED,0,GBP
b4b2537c-b8ec-4145-99c7-8a9de54ed869,cf60e543-ff22-41ee-9edc-2942a5bf703b,447712908675,2026-01-14 03:32:52.000,2,SUCCESS,1.99,GBP
e4a329ee-f849-46cb-94f3-f03651e6b040,1cc81420-6bdb-4b40-b941-1ff753906a16,447777460714,2026-01-14 04:22:09.000,2,PENDING,0,GBP
c03e07c8-ed72-4b55-9308-98abdb11e24d,f9b52d85-d5e7-41de-ab7d-b3dc6995bbd7,447705324195,2026-01-14 05:27:39.000,2,FAILED,0,GBP
f3aa5806-34df-4c91-9d01-0177470376ba,e24286dd-2a70-4b0a-ba6e-9c7bb3abfa6f,447760972165,2026-01-14 05:36:32.000,2,FAILED,0,GBP
6a3cc4b1-07b6-43e3-b424-224fe7c569e4,f4be5b5e-921e-4022-a86a-a16ccd83ada0,447777851734,2026-01-14 05:40:58.000,2,FAILED,0,GBP
69bea8a9-fd21-4c51-a7f3-b2f497b039dd,a0ac225d-ffa3-423d-8372-7a8bfe5e089e,447778235177,2026-01-14 05:43:50.000,1,SUCCESS,0,GBP
b9b2cc2f-48d4-4344-970f-97df3c1e7406,7eb758b8-966d-4b49-a42b-f10604c947ce,447715797961,2026-01-14 05:45:24.000,2,SUCCESS,1.99,GBP
655a437e-0ae8-47c2-acce-9c16284ece52,d94de60e-2dc9-4bfd-86f2-880dbd89414f,447748518869,2026-01-14 06:25:25.000,2,FAILED,0,GBP
0ebac6ae-568c-4657-90a4-407a2ae423b7,be3de8f1-02a6-4fbd-a499-b1f8d7ac21e0,447727715582,2026-01-14 06:25:52.000,1,SUCCESS,0,GBP
ec4f8784-674d-4aed-b295-d24294c5559f,058e5f70-2360-4e61-acf6-c42346c8fabf,447784843358,2026-01-14 07:18:22.000,1,SUCCESS,0,GBP
f446aef6-ed86-416c-89ae-9469e9144ed2,57fb3588-e513-45b2-a3e9-ec72302f27a4,447727499787,2026-01-14 07:30:17.000,1,PENDING,0,GBP
ef85f23c-6273-4ed7-ba4d-de0604d3b1c1,57e82c86-652c-4d78-a725-89c86b4c06b4,447738465774,2026-01-14 07:39:38.000,1,FAILED,0,GBP
0ca2e6b9-75a4-4f41-bb12-25140d6c8476,9df00515-f0f7-4511-9820-ee7ab8dad4ac,447798599290,2026-01-14 07:44:45.000,2,FAILED,0,GBP
3fa7593d-e84c-4d57-b48f-dcc04aacd8ca,2b07b397-f8ac-4317-9a4e-cb9eb5fdfef2,447710203401,2026-01-14 07:57:13.000,1,SUCCESS,0,GBP
c6a444f6-4021-4cab-be82-7ddd522bd8b7,23270c1c-0ace-402f-8ac7-ef97847f9db8,447769789230,2026-01-14 08:26:39.000,1,SUCCESS,0,GBP
8db143ce-f089-4ec2-91ab-c6a4c5cd7ee6,dfc3bf19-11de-41ad-a2bf-3d26d2ffc6ef,447784950925,2026-01-14 08:38:53.000,1,FAILED,0,GBP
4bebc9dd-ed06-438c-9cf4-63aa8a758810,833f569d-84b4-4785-ae4b-80286ea65b09,447797157599,2026-01-14 08:57:01.000,2,SUCCESS,2.49,GBP
f7a87e70-ce9e-4644-b572-ca4489de2b90,a75e5835-5a5c-48aa-b873-918d7d37eca7,447750100864,2026-01-14 09:41:57.000,2,SUCCESS,2.99,GBP
b9bbd924-47f4-40fd-8d1c-56345ebf368e,a75e5835-5a5c-48aa-b873-918d7d37eca7,447750100864,2026-01-14 09:43:04.000,1,SUCCESS,0,GBP
867c3ef2-73e5-452f-8bbf-3bc9f06f29c4,710d8b6b-5c1d-4ecd-8acd-356f6a43567c,447748536525,2026-01-14 09:56:21.000,2,SUCCESS,2.99,GBP
e4cbb05b-93b5-47fc-99bf-4ba3707451bd,aa795dac-753b-43b8-8289-a845924dce5e,447795298741,2026-01-14 10:09:32.000,2,PENDING,0,GBP
12e42ac1-dc7a-4a96-a42b-10b9279a85a9,ab6f21c1-588e-485d-be98-168060613cb0,447747169717,2026-01-14 10:11:12.000,2,FAILED,0,GBP
74b337d2-d333-40db-9d65-f3378229a6f6,9f4b0110-1eff-47c8-94f1-5e8fcd652db3,447721361738,2026-01-14 10:45:45.000,1,FAILED,0,GBP
d2b0a9ef-98e5-4318-aa91-b90ed2a76d3f,3f01e91f-7ae9-49e3-abb1-54783a145891,447702507322,2026-01-14 11:13:34.000,1,SUCCESS,0,GBP
8bf1d46a-1ae0-409f-9674-377b4846767d,5abd9a8d-6825-45b6-8f0b-be574d013147,447703177067,2026-01-14 11:37:54.000,2,SUCCESS,1.99,GBP
ddd46d5d-486c-4fe0-94a1-7d8ab9af89f8,a73e75d0-b145-4957-ab42-2ac2b81c8171,447771375549,2026-01-14 11:38:13.000,1,SUCCESS,0,GBP
553b1c16-343e-417f-8b9f-e181e2bd47c3,5abd9a8d-6825-45b6-8f0b-be574d013147,447703177067,2026-01-14 11:38:36.000,1,SUCCESS,0,GBP
8995b152-4df7-4295-bf36-278b63f0d51a,975b122a-58d8-4bed-8850-7497e3fdb401,447756287324,2026-01-14 11:52:55.000,2,SUCCESS,1.99,GBP
e0b114b0-5a5f-4ad4-81cf-c6474a865857,39cbb30c-5f57-4131-8381-2653b17329b4,447731121418,2026-01-14 12:23:30.000,2,SUCCESS,2.49,GBP
c8d5426b-1046-46fa-b3bd-0cbffbb8b1cc,927bf587-0280-4017-af53-de237ae155a8,447776984297,2026-01-14 12:28:50.000,1,PENDING,0,GBP
8408f748-0e83-444e-a345-bb4671f3409b,ac3ba3e3-62b1-4d5c-abdd-a5b1efc79091,447770019765,2026-01-14 12:39:42.000,1,FAILED,0,GBP
84bcda88-0045-4e8c-9e9b-b91b21582777,72daa07f-a30e-47a2-a8cd-db09fcda85de,447758065670,2026-01-14 12:57:10.000,2,SUCCESS,1.99,GBP
2e0999f6-207f-4160-aa26-5cc02aec99c1,655cbd16-70df-42cb-a20f-94b07f60b5b5,447739650049,2026-01-14 13:16:33.000,2,SUCCESS,3.49,GBP
b3f62ed0-40cf-40f0-8c7a-ee294a89feb9,c4abfbba-f404-42d4-a0bd-dba62867d712,447746623800,2026-01-14 14:43:17.000,2,PENDING,0,GBP
4fd0d015-b7a4-4733-943f-a2dad5eff51a,e7f5af5d-c4e2-47a9-8f12-1ec9e7bdb9f9,447769771282,2026-01-14 15:05:50.000,2,SUCCESS,1.99,GBP
3caa719b-0a4b-4bee-8428-99b7e201b03e,c49ffecc-15ef-431a-b1ce-8f236d015e40,447753273710,2026-01-14 15:21:22.000,2,SUCCESS,1.99,GBP
6f7a9007-beb3-4e65-9f3f-c9bcd3bf83e8,918f0bd1-9239-4309-be79-dd4f36ca6f86,447799683436,2026-01-14 15:29:53.000,1,FAILED,0,GBP
5b4b51cd-2100-4dbd-84f7-96ffbc5d139d,83563322-a323-4efd-b74c-9cb1a26a0c98,447790920265,2026-01-14 15:36:25.000,2,SUCCESS,1.99,GBP
38d198fd-9fbd-4ef4-921f-63389297bab9,1b27b748-04ca-4c93-a494-6f2e59b8d902,447704575629,2026-01-14 15:37:01.000,1,SUCCESS,0,GBP
a048fe5d-8096-4b1f-ab2f-8bd7fa383cf7,5cf643f5-766d-414d-858b-babfec379cc9,447784169016,2026-01-14 15:37:53.000,2,PENDING,0,GBP
9abb909f-d97b-461e-81c9-5624eddbe04f,ba08fae9-1650-4533-a9be-1ed60b81ccab,447762578744,2026-01-14 16:19:53.000,1,SUCCESS,0,GBP
50e33532-f225-4d37-af1b-b170c9f7604a,e1f9067f-6e6e-4af5-81f6-bf5448619ed1,447738493835,2026-01-14 16:23:17.000,1,PENDING,0,GBP
3a07caab-890d-4974-acd0-7464e85efa1c,d76254bb-9116-451a-a2c9-ab851a6db7c6,447761392941,2026-01-14 16:49:24.000,1,FAILED,0,GBP
09594b24-1cac-42e2-8a72-377b36573638,03f73436-d840-4de4-81f2-2b7dc476b98e,447798498682,2026-01-14 18:17:54.000,2,SUCCESS,1.99,GBP
c8cb5772-fd04-4b8b-9334-0ab20268f7ed,80891b67-e4aa-4dc7-9dab-4bffc04f622e,447797659759,2026-01-14 18:46:23.000,2,SUCCESS,1.99,GBP
81486723-00d6-4cc7-b526-a82e2733c67c,72e43333-a984-4dd4-9197-522eb437f64b,447715849017,2026-01-14 20:02:41.000,1,SUCCESS,0,GBP
44269039-5ce8-4495-8b57-b6d1da7cc04a,8414f995-441c-4c86-9771-b993372f3b78,447704022869,2026-01-14 20:08:04.000,2,FAILED,0,GBP
5c3bfdd1-06bb-480f-9bef-a0414d825989,e8c1d5ac-a64d-4768-bda1-a8391510885b,447735426258,2026-01-14 20:11:14.000,2,FAILED,0,GBP
81b5ba84-dbc9-4526-843b-7e0e8ce3ce97,8a967144-dd0b-40fe-aff4-7a186150a7e6,447754997294,2026-01-14 20:13:57.000,2,PENDING,0,GBP
487aa1d3-a06a-4212-8b51-4055d2f29f4d,7cb50602-1ecc-45ad-8adb-1fdadd6987ba,447795684931,2026-01-14 20:26:29.000,1,SUCCESS,0,GBP
f1603648-918e-4e70-af7d-80538530f4d2,8d48bb63-73c7-44c1-99a9-f195d7093540,447717174355,2026-01-14 20:29:07.000,1,PENDING,0,GBP
c5147bda-e07d-4b2a-903b-902816100166,1f8d863d-6bc6-43b4-9f8f-3ed3e3ed4f67,447753934190,2026-01-14 20:38:49.000,3,SUCCESS,0,GBP
40d051d7-121b-4c4f-871d-cab8bbda078f,31d01256-6881-4050-86f7-c493cdb46789,447709884183,2026-01-14 20:57:37.000,2,FAILED,0,GBP
d96a3e49-6e91-484b-97e4-0e11fdbba20a,12fb05f8-0413-4a30-b267-27fbfe899572,447774502609,2026-01-14 21:13:21.000,2,SUCCESS,1.99,GBP
30c2913c-d869-4abb-8726-28b9d4e3e3bf,0492c4b3-884d-4cc1-a69a-b4cc8d3f58c3,447741858482,2026-01-14 21:54:51.000,2,SUCCESS,3.49,GBP
8bd2e186-7f6f-4551-b4b0-6b7b3c6929a1,0492c4b3-884d-4cc1-a69a-b4cc8d3f58c3,447741858482,2026-01-14 21:56:14.000,1,SUCCESS,0,GBP
5f64e6ed-37e5-4804-9c17-28789092648e,608b0c04-88aa-40d5-9077-7ac3974c54d1,447735592376,2026-01-14 22:00:20.000,1,PENDING,0,GBP
f00d3e43-660d-4560-ae48-0f12ea0312d5,35d873a4-bc22-444d-917e-3e37e3578613,447755624726,2026-01-14 22:15:05.000,2,SUCCESS,1.99,GBP
8b187d71-0905-4187-af7b-f08c462f057d,0196611c-5080-4067-a373-414b16032cb4,447727593123,2026-01-14 22:18:39.000,1,SUCCESS,0,GBP
2b396eef-bdf6-492c-9fb3-f48b49be4011,c7d04f43-ca04-4610-9dcb-3825ef182e2f,447764913872,2026-01-14 22:54:08.000,2,SUCCESS,2.99,GBP
22b1f179-8019-4348-9177-f123b3e192e7,0e2dab7c-479e-4ffe-b5e2-4c22f5ab34be,447753314406,2026-01-14 23:21:28.000,1,PENDING,0,GBP
45fa6825-2350-4c78-ba50-ce0c0055bac9,4179818a-2953-4893-b2f5-eecfadf0059e,447790367154,2026-01-15 00:06:40.000,1,FAILED,0,GBP
32642b63-9b69-4ae9-85d4-f1cf5171e837,883fed07-b84b-46bd-ae91-c23d813eeb27,447768273896,2026-01-15 00:40:53.000,1,SUCCESS,0,GBP
43b05937-f0e1-4183-9c88-63246ba6a62c,402f3967-1925-4e55-8ead-2e2253edca42,447711790860,2026-01-15 00:56:03.000,2,SUCCESS,3.49,GBP
ce276eed-56bd-4fc4-8d28-0d2ac16587d3,5a87a86a-c8c4-4869-a7c1-327d3e19e437,447733974167,2026-01-15 01:31:47.000,2,FAILED,0,GBP
f85e40d2-61c6-42e1-8a93-a868adad2db2,557dc88c-0f5c-475a-b27b-119b2a9349da,447709487711,2026-01-15 01:44:21.000,2,FAILED,0,GBP
9402fc7d-ba4f-48dd-865f-c7de3ae2358e,90d548c6-0ab3-44c9-ae62-9eace767c482,447752380105,2026-01-15 01:49:10.000,1,SUCCESS,0,GBP
be92b60a-a281-4036-8ba5-5bad917d7a5e,7f227cf7-482f-45cc-8616-58f0f4ccf3be,447731615387,2026-01-15 02:07:54.000,2,SUCCESS,1.99,GBP
85f3606f-d13d-42d6-8ae8-977efd2b01f9,be69830d-2ffa-47d8-8a39-631c88462655,447775111736,2026-01-15 02:15:24.000,2,SUCCESS,1.99,GBP
fcf90cee-becc-4738-99c4-f39e8d68f6ef,f45ab182-42ad-4f4f-8b3c-1e685659152e,447763337926,2026-01-15 02:36:37.000,2,PENDING,0,GBP
14dd641d-4ae4-48f7-a02a-53d84a99ebf1,f62f9499-6f21-435f-a607-348748b66a15,447715084086,2026-01-15 02:40:08.000,2,PENDING,0,GBP
b1a8bfb4-1bf5-4c22-9972-bb39c176fd57,b2e1e4a7-f1ad-4f0c-8604-4f8e40755d25,447745988531,2026-01-15 02:43:52.000,1,SUCCESS,0,GBP
928cfdb6-6103-44be-86ca-0def5bf08c37,d7c16e52-eef7-4da5-9654-71e5343e2edb,447782666451,2026-01-15 02:54:19.000,1,FAILED,0,GBP
676c220b-0729-4b73-8335-4511cb18f159,9e8e21d5-bb2d-4ad3-a4ce-3d651edb94e2,447793828224,2026-01-15 02:57:58.000,2,PENDING,0,GBP
47ce8b1c-09b3-4a1f-af41-812fc6201a1a,9681f701-8325-4a15-9b8b-cf654afc08df,447783052838,2026-01-15 02:58:17.000,2,SUCCESS,1.99,GBP
b905c4a5-d1e6-4e3c-89ad-a0a7e6559182,93ca11e5-3bc1-4766-af76-e3f93f677c28,447729811889,2026-01-15 03:01:57.000,2,SUCCESS,2.49,GBP
5e24687a-e421-4ba1-811f-67f353f7b932,f22d6518-04d7-4ac8-9116-250f933507c5,447740783910,2026-01-15 03:18:55.000,2,SUCCESS,3.49,GBP
aeb7d3e8-d1fe-43e4-9318-37027fde7651,634eb730-61fd-40ec-8280-bdb4325411ad,447738746511,2026-01-15 03:51:37.000,1,SUCCESS,0,GBP
fd8ad744-fb6f-4402-a755-44cfcba2049e,c52be5cf-af92-4fef-94d2-f0bff9bcb064,447781972671,2026-01-15 04:02:30.000,1,PENDING,0,GBP
9f09627b-5bc6-4844-a364-6e482401ad16,d1b0dd5f-de90-4408-bb4c-f00fa317d3ae,447768553033,2026-01-15 04:04:44.000,2,SUCCESS,1.99,GBP
a20958a9-ec7d-4e29-b628-81a74e61795d,c90a1998-e78f-462a-a4cf-405a09043294,447771492166,2026-01-15 04:19:44.000,2,FAILED,0,GBP
a3d369bc-1dd8-426d-84dd-3e18a2d6d133,8c70fe05-2493-4aed-80d9-94c987ae2a32,447763260704,2026-01-15 04:23:26.000,1,SUCCESS,0,GBP
f17bf358-c21e-42de-84bc-fecf77825c14,7098c027-7c61-4ca0-b71a-5037525a7a7c,447764447952,2026-01-15 04:33:29.000,2,FAILED,0,GBP
2453a46f-7876-405a-bdf0-f8f638d5d823,c5be9220-f8d0-452b-920c-ab8062fbc52a,447718067675,2026-01-15 04:34:30.000,2,PENDING,0,GBP
8fde0f7c-56ab-462c-bd05-4ab8b375c4cf,4c39bb4f-b837-47a4-8adf-f3ec6c3aa4fa,447703416554,2026-01-15 04:36:26.000,2,FAILED,0,GBP
e0c8789b-a040-4c8d-840b-7bdacbf144d6,31daa7e3-6578-4abf-ba08-dce9c791549a,447735268854,2026-01-15 05:21:52.000,2,SUCCESS,1.99,GBP
4af01317-3650-47f5-a990-5322b38e9952,84b7a5bd-3da3-4441-be94-42b7262fe194,447797063105,2026-01-15 05:32:42.000,2,PENDING,0,GBP
a84389c5-8c48-4d24-8b88-b7c40cbfc136,d972a7a8-2bce-40d2-810d-b746990f6675,447724921334,2026-01-15 05:50:35.000,2,SUCCESS,1.99,GBP
35eee64c-c2a6-44bd-89e1-885037b4bbfa,33d37361-2c05-4d12-9fd0-b69c5feef60e,447765568844,2026-01-15 05:54:45.000,2,FAILED,0,GBP
e52bb61f-9bd9-4b25-8440-a29f67510149,c701fb63-ae9e-4437-a1e7-821f41379669,447724085250,2026-01-15 06:09:36.000,1,SUCCESS,0,GBP
6d68386a-d349-419a-9f88-e564d5333f17,4cb5cbc9-5709-4767-8a74-2d4c1b99d954,447759403392,2026-01-15 06:27:16.000,2,SUCCESS,2.49,GBP
050da49a-6a0b-4568-8a62-74aec533eb2d,48099980-10cb-43d9-ae8b-042411a79f5f,447768471204,2026-01-15 06:29:59.000,2,SUCCESS,3.49,GBP
69e27b98-9f6f-4978-ac9a-0ebf94fd5e87,5ba085e7-3939-4a94-96cd-07bc1ff8e348,447773226213,2026-01-15 06:49:28.000,2,PENDING,0,GBP
19d91c65-449e-45d3-ae50-53c545a23149,c589e150-aaaf-4de0-8272-bf95183eaa64,447789268443,2026-01-15 07:09:19.000,1,SUCCESS,0,GBP
34b8bf5a-a07d-4887-b4ff-34a367708ffb,e062e949-09a2-4649-8ab7-775eceda2fa6,447750563048,2026-01-15 07:10:29.000,2,FAILED,0,GBP
76c2b6ef-bd16-46c3-935b-21fa89bca2b2,b72d8e31-5224-4178-9e2d-80d10f25b9aa,447761445558,2026-01-15 07:24:14.000,1,FAILED,0,GBP
1e2b2cc6-7e74-4d0f-b682-5de431d0ae08,ce476fa3-7ea5-4060-912c-95e8a2541ca4,447768279733,2026-01-15 07:28:40.000,2,SUCCESS,3.49,GBP
59378935-b3d6-4147-848a-9198861e1e9d,797d08ca-e0ba-49f3-a8d9-b8ead033dbda,447728378846,2026-01-15 07:31:58.000,1,FAILED,0,GBP
fc62bd53-34b4-4939-b328-cc8bccd008c1,1c075a63-acc0-40b7-80b0-dd180dbd115a,447764277208,2026-01-15 07:38:32.000,1,FAILED,0,GBP
37fa5903-7755-443e-9ac0-0bf1efc9b0d6,30f16372-5cea-4c07-b8a0-b89fd2ebb341,447754506392,2026-01-15 07:38:42.000,2,PENDING,0,GBP
dc943d2c-81a8-4d89-ab10-a75771135dcc,85527e99-49f5-4785-8102-438e68450dae,447760864315,2026-01-15 07:54:47.000,1,FAILED,0,GBP
b3f6c723-5cdf-4378-9a20-89e4a6124e9d,bae91ed5-ad5a-4a0d-b1c4-558e00f4f4b9,447753635419,2026-01-15 09:20:55.000,1,PENDING,0,GBP
2b43c14f-0520-477a-beca-2da187baa4fa,cc775bc2-f472-4908-83fc-90c9a6f06cc5,447746742109,2026-01-15 09:42:50.000,2,SUCCESS,3.49,GBP
ecc6bdb8-b4f1-41b8-b5ca-70ce8c654830,ebefa932-79e1-422f-8212-33dfbd748192,447772455076,2026-01-15 10:30:50.000,1,PENDING,0,GBP
a0402d6e-1687-496f-8892-405cc93b2fe9,6ad919bb-3100-47c0-bc26-8e9043586792,447748407826,2026-01-15 10:45:53.000,1,PENDING,0,GBP
0539a122-75ab-4eb9-94d0-ddfdd2b756a0,a6594cb5-b3a4-4d21-bb8d-9e6b6dea7f73,447780120675,2026-01-15 11:19:40.000,1,FAILED,0,GBP
3db6dc89-b9d0-4099-899d-4a3abd509518,77a06a7d-4aa2-4d13-8a20-7bdb9c8a7ab7,447754488780,2026-01-15 11:39:09.000,2,SUCCESS,1.99,GBP
cc72efba-448b-4699-ab12-ba81738eb828,71b12e6f-7e4d-477d-bd01-f5b6ece91258,447791132930,2026-01-15 11:41:38.000,2,FAILED,0,GBP
481e98ca-ac5d-4fff-a23e-5d0396e1be41,cb1ee94f-af59-4708-bc09-3735936c8162,447750766347,2026-01-15 11:53:39.000,1,FAILED,0,GBP
49a8923a-03a1-415b-b3a4-ea61bc38d494,dd5f61b5-3ec7-4c6e-bcf1-c7b60ec49aa6,447738831423,2026-01-15 12:42:44.000,2,FAILED,0,GBP
75081262-f7cb-4994-b669-62b71f8a2cec,2d04905a-0749-4a1d-be61-24d62ad03a57,447785038842,2026-01-15 13:05:43.000,2,SUCCESS,1.99,GBP
fd5f3164-4348-49d2-8a97-e6067cf32cd7,cf2df953-ee4a-400c-b744-7ebbd3aa35d1,447720848359,2026-01-15 13:52:18.000,1,SUCCESS,0,GBP
d2cbc9f8-2893-40ce-9153-b801432c161d,a4798736-0bf2-42bc-bec9-898f28750468,447731215627,2026-01-15 14:35:50.000,1,SUCCESS,0,GBP
eb838129-e92a-4ce6-875f-2f256b9b7ea2,e371b491-36bf-4f81-bdae-f24dc362a47e,447772537851,2026-01-15 14:49:03.000,1,SUCCESS,0,GBP
f6f9cd50-ef4e-4ff8-ad67-0c965629f4d0,fc622290-5db3-473a-8e70-4ba11502f68a,447729204122,2026-01-15 14:53:07.000,1,FAILED,0,GBP
15a43fcd-f255-4872-a284-69bbecca4fbc,294b3846-34e5-451a-864d-c282817ca6b0,447730222198,2026-01-15 15:10:01.000,2,PENDING,0,GBP
8d911547-efbf-493c-a5ae-d0561e465d8c,7df3e16a-941e-48b3-a05f-51ad60b7b151,447751098980,2026-01-15 15:23:00.000,1,FAILED,0,GBP
ded445b8-e3bc-4c91-b822-d1c9e33dff27,0cfb9fa9-076e-4259-a05e-22215812dff8,447735056585,2026-01-15 15:23:22.000,2,FAILED,0,GBP
85c7e1cb-fb1d-4cc3-8940-d17e0d2304be,d751dbe9-fe1d-4635-b381-24381ed589dd,447764495668,2026-01-15 15:39:40.000,1,PENDING,0,GBP
10a3f921-4d09-44ff-be5e-f475a7658411,1a6a8db9-1c11-4d7c-8d75-69067413ef43,447722330427,2026-01-15 15:48:51.000,2,SUCCESS,1.99,GBP
6f61553c-c0d6-4db3-a0b3-fec5635e3003,99f67acf-02d8-4109-888e-32616165e6f9,447758676639,2026-01-15 15:55:07.000,2,SUCCESS,3.49,GBP
d79e1023-c4a8-4dd8-b16e-fcf2ca5909a1,59f49cbc-0b8c-4faf-9a60-473dd30722ca,447719745581,2026-01-15 16:42:59.000,1,FAILED,0,GBP
64a8aa74-bea9-4454-ae70-b95e65546027,b6115aef-07ca-4862-9b1c-42f84960ee67,447797419560,2026-01-15 16:58:54.000,2,SUCCESS,1.99,GBP
b7c545dd-fec2-4f78-845b-d03ba0a6d2d9,90667df5-052e-4163-a22f-4297c01de4fa,447746516063,2026-01-15 17:29:20.000,2,FAILED,0,GBP
63f23245-5298-4c09-a0ee-03519dab140f,d07a5c18-6eb3-4923-8ebd-68b4e178d61f,447730487371,2026-01-15 18:14:42.000,2,FAILED,0,GBP
79996ea4-01c0-4de9-8195-00062ed03551,a9542c8b-ae25-4e8e-8ece-d569999e566e,447752059050,2026-01-15 19:01:25.000,2,SUCCESS,2.99,GBP
006acb92-36bb-4d45-90b5-0c20b07ff9b5,580a0057-f377-4000-9baa-f90f47d0a9fc,447726999473,2026-01-15 19:08:04.000,2,FAILED,0,GBP
e2d00591-2704-4ab8-8dac-4e219d964d62,223ce236-b6c5-4f4a-b8c8-5277742c92e7,447743250730,2026-01-15 19:18:59.000,2,SUCCESS,2.49,GBP
e017c980-6521-4c11-866d-a6991c0e3acc,c961f0eb-ba10-4029-b5a6-3b0d437888aa,447726884931,2026-01-15 19:31:00.000,1,PENDING,0,GBP
45d1df01-3457-42b0-8ecf-0972d7000bca,63d9bf73-f8cf-4087-b85e-f5379d3fb49c,447766480687,2026-01-15 20:09:30.000,2,FAILED,0,GBP
ff735e9b-5eb2-478b-9ed4-2937d0a3b58f,af6007de-9b0d-4cea-8c74-e3c9bfd39f4b,447755602912,2026-01-15 20:10:15.000,2,FAILED,0,GBP
58663508-1c57-4d9f-8767-802e57c09122,17a1d511-d515-4b75-a1e6-232a1a01658b,447710970240,2026-01-15 20:51:20.000,1,FAILED,0,GBP
0bf7b975-10eb-484f-a8eb-5ef5f96d8a53,51a886d8-2bb5-41a5-bc49-33efee09d164,447742777522,2026-01-15 21:06:20.000,2,SUCCESS,1.99,GBP
71d8b869-d855-455c-9589-4d3fb2c4defa,51a886d8-2bb5-41a5-bc49-33efee09d164,447742777522,2026-01-15 21:08:01.000,1,SUCCESS,0,GBP
7dced6d9-a1bd-4088-8725-daa907494931,d8ec0932-78e8-4bf1-b25a-6e19fad11db1,447706334872,2026-01-15 21:18:11.000,1,PENDING,0,GBP
734c6a59-7746-4a91-8a4e-a4514fd41b78,d4f5120a-ea08-498f-b2c1-e7228e2aa119,447723364581,2026-01-15 21:22:16.000,1,FAILED,0,GBP
9dcf9533-595f-4409-bf6c-31e86fad1619,1e609a17-f1c4-4c17-870e-d4b66586e13e,447779834428,2026-01-15 21:34:01.000,2,FAILED,0,GBP
b9cad972-059e-414d-9da5-0bbab731a41b,25864208-88b9-4833-8e1d-67104dfed163,447788463964,2026-01-15 21:46:41.000,2,FAILED,0,GBP
5d02d644-4062-4be9-999c-1f60c5efed74,8c3a6781-1e0f-4cd0-b487-b6b0061ae5f0,447760539079,2026-01-15 21:53:21.000,2,SUCCESS,2.49,GBP
6521475d-6dd5-4864-b813-b16edd6f219d,32f806ff-a572-4efa-b1e2-eb03585b71b5,447736621604,2026-01-15 22:11:22.000,2,SUCCESS,1.99,GBP
1afbe62c-0999-4268-80bc-9646016e690e,32f806ff-a572-4efa-b1e2-eb03585b71b5,447736621604,2026-01-15 22:12:45.000,1,SUCCESS,0,GBP
07752300-372e-42c5-8c17-4a9988392594,95971ef8-c57d-496d-8e1d-4f86fa0693f4,447784933959,2026-01-15 22:14:34.000,1,FAILED,0,GBP
d9915a38-5b35-4198-a917-e4655bd45872,33e58c1f-2e76-40e5-afcc-19ca8cf3dc08,447746240715,2026-01-15 23:11:56.000,2,SUCCESS,2.49,GBP
294b14c9-2f7c-4497-aee1-1c697c1c65b4,de50cac2-05db-4722-85d1-49fa621a114a,447744946095,2026-01-15 23:15:57.000,2,SUCCESS,2.49,GBP
a6c383e9-7c1a-4843-ba49-ec2469590c8f,c434fb82-fdc5-4a99-99ea-b25e6f44cbff,447713798509,2026-01-15 23:28:19.000,1,FAILED,0,GBP
e41701ec-5777-4c8a-9c41-9c66ecc4e004,65830f01-53c5-4d35-90b3-67ed6db8971d,447734627995,2026-01-16 00:24:16.000,1,FAILED,0,GBP
3343d6e7-15c2-42f0-8fb7-1b906e8584dd,e0623c3b-ee96-4323-bfaa-dd9ff236cdee,447736487538,2026-01-16 00:26:40.000,1,SUCCESS,0,GBP
d60e20ef-a406-44e7-8824-c5e2d4991ab2,f015dbb0-088b-42dc-88a0-0e19829c653e,447752655906,2026-01-16 00:34:20.000,1,SUCCESS,0,GBP
c677b49a-d1ae-4339-be4f-2cc3d428b32a,4833692e-5d40-401c-bada-a78837b3ef74,447741430031,2026-01-16 01:07:36.000,2,FAILED,0,GBP
a5a43c1b-f9ec-48cf-af49-ab65a9d20231,c725e53d-0172-4395-95f9-d25b415e5ca3,447781399503,2026-01-16 02:03:48.000,1,SUCCESS,0,GBP
41ace04e-c05b-46fa-9c0f-abbdebeaf801,77682153-7a50-4316-b7d1-fa2d9ecffb07,447726326556,2026-01-16 02:08:25.000,2,FAILED,0,GBP
68aeeb35-8407-4c12-975f-a2e83092ac1c,a2876406-1fb0-4d9f-82c6-63366123d18e,447792022126,2026-01-16 02:21:21.000,1,FAILED,0,GBP
9dc22fac-14c4-49c2-9b8d-04bbe14393c6,79cd8a79-27de-4da9-8415-94caf66771b3,447758682668,2026-01-16 02:31:22.000,2,PENDING,0,GBP
cb5f0b4b-39c2-4356-9575-98095da85826,469b22d0-7613-43ba-bd53-7dc20777e12a,447745968577,2026-01-16 02:37:28.000,2,SUCCESS,2.49,GBP
d11be02f-46ce-4b08-b288-2c6078479a33,49d46bcb-014a-4a82-acbf-28c7e4d3fa10,447700442636,2026-01-16 02:41:44.000,2,SUCCESS,1.99,GBP
8fd4e997-e51d-4738-878f-5a7a10a1d0e6,c78c320d-c603-4f71-b0d5-6b222ed17088,447786533506,2026-01-16 02:53:22.000,2,PENDING,0,GBP
699f72de-163b-4486-9400-b87350e36d9f,cdbda2f3-09bc-47e5-81f6-0ba091737e6b,447706396405,2026-01-16 03:11:55.000,2,FAILED,0,GBP
47726157-c768-4124-8b72-927f42cf908e,9626bdb4-fd4c-47ab-ad6d-d0029291f35b,447716377771,2026-01-16 03:17:19.000,2,FAILED,0,GBP
63a84db8-ddce-4200-9bad-a8b423bd2378,aaf39cf8-6dc1-4d00-a922-65609631ea0f,447772225100,2026-01-16 03:20:14.000,2,FAILED,0,GBP
432ab7ae-19eb-4841-a900-902abd4234b8,5477531b-06b4-4112-8de2-e3e42da46eeb,447798115148,2026-01-16 03:36:13.000,1,FAILED,0,GBP
82e41681-4e46-4609-8cc1-4660fe9b3c82,05a52649-939e-4875-b31c-bf8ef887b862,447711191238,2026-01-16 03:50:12.000,2,FAILED,0,GBP
f599a965-9e7e-4a59-ad3c-4c9a076d949e,9464ff3b-c154-4b15-958c-84b7e4282cbf,447750695709,2026-01-16 05:11:04.000,2,SUCCESS,1.99,GBP
f9b463bb-73d6-4744-a860-970b3db30c48,5ab8f4b8-304e-4c65-95db-6991a3dbab13,447787646698,2026-01-16 05:15:17.000,2,SUCCESS,1.99,GBP
c957419d-000e-4b04-ba6f-d05511580e85,c129a7f6-ed6a-42eb-9309-1ae67f2d1590,447777898263,2026-01-16 05:17:02.000,1,PENDING,0,GBP
3bc3ab21-e2c4-4ea0-82f0-d5532ef72239,3f12a266-7185-4f2a-bb56-a2a30a398c6f,447702023451,2026-01-16 05:24:46.000,2,FAILED,0,GBP
4476b900-ca78-4f95-8966-bfb7059da196,cdb12b8c-5037-4c4e-b56c-bd1c5a7d9b23,447744276449,2026-01-16 05:35:28.000,2,SUCCESS,1.99,GBP
f5942045-a201-43d3-9172-6d946e57ec34,ddcff15f-b052-4135-a610-f944d76b5ccf,447711428703,2026-01-16 05:48:41.000,2,SUCCESS,2.49,GBP
1d83710f-71ba-489f-be71-d8e7b1b69c0d,e2d20cce-0e07-4594-b936-461eef902a8e,447781089799,2026-01-16 05:55:01.000,2,FAILED,0,GBP
4259befe-858a-4674-8b6b-711a538f651e,6d84bcf2-1d34-43d0-92ba-c198cf1b4d07,447709560033,2026-01-16 06:02:07.000,2,FAILED,0,GBP
0d6139f8-900f-4d60-88a3-643774a69c70,bda3fc23-2cff-497f-b7a5-443af257bcda,447719734325,2026-01-16 06:23:34.000,1,FAILED,0,GBP
8f2425bf-f25f-4376-ae20-4ddce0f037b3,50368f62-1e52-45e7-9ecb-c04ccb25a233,447748416221,2026-01-16 06:23:59.000,1,SUCCESS,0,GBP
dcb4ed9a-4b31-4065-bf88-297224607437,428b2a06-226c-46ec-b63f-cd160f2c9669,447728922923,2026-01-16 06:34:23.000,2,SUCCESS,1.99,GBP
fd983ea5-155b-4a47-8ad1-03d4bf36c92d,15440396-87b1-4347-b0b6-a6f08108a56b,447761992958,2026-01-16 06:49:16.000,2,SUCCESS,2.49,GBP
a6e2df5b-e3d2-467a-a8d3-81b0877ac15f,ea3668cf-8aa2-4e20-b15c-3c9c43b6bd00,447787498378,2026-01-16 07:30:58.000,3,SUCCESS,0,GBP
73e55b47-2871-4c0f-9d05-a6ab3cc6e0f5,56a4d2bb-dfc6-4640-a220-dbd500ce7cd5,447765565597,2026-01-16 07:32:28.000,2,FAILED,0,GBP
db9c3c69-e9c8-4a39-89d4-fc9c983e249e,944387c5-239a-44db-bc1a-228e3bfa58ec,447762402659,2026-01-16 08:05:01.000,2,SUCCESS,3.49,GBP
89c96571-60a8-44e5-b7a0-4c67960d2b6e,517c76dc-4b98-41f0-ab0d-8c8bb8489932,447738413664,2026-01-16 08:38:10.000,2,SUCCESS,3.49,GBP
1f20b760-48cd-4a2e-b597-847fbc88986f,12ac4852-629b-4c32-a691-444c221adc58,447737976300,2026-01-16 09:17:54.000,2,FAILED,0,GBP
9f06ca6a-64b0-4901-96f4-7c1afb59d07c,c331fb03-3227-47f9-bb0c-8ff6fe72e732,447767437735,2026-01-16 09:58:43.000,2,PENDING,0,GBP
b33c0ad9-846b-4d5a-98cf-132ee13f9544,ebc02fbc-dc25-4dce-aa75-964908c33dbc,447795474341,2026-01-16 10:07:05.000,1,SUCCESS,0,GBP
9ea7db62-1170-4e58-9be9-ac205a5b73f3,79840397-7413-4f8d-b82c-6fc328a4404f,447700586896,2026-01-16 11:01:10.000,2,SUCCESS,2.49,GBP
f9465029-2643-4b3b-8f0a-af94a7a27130,3455e47f-bfb4-4f9d-b748-1f8118e4e19d,447798795650,2026-01-16 11:15:14.000,2,SUCCESS,1.99,GBP
b30b6e84-dc55-4e4f-94e8-41768bacf09c,a6b50bb1-8a25-4049-99c3-afbe7083fe41,447792266516,2026-01-16 11:37:54.000,2,FAILED,0,GBP
cbbde23d-e323-423e-9d83-5f72de5a2b1f,00e2784e-97ed-417b-a2b2-23ef82c79345,447759829814,2026-01-16 11:55:11.000,2,FAILED,0,GBP
228fd4ce-9920-4424-891c-23e99c5fb8b0,51cdff8f-bcdf-407d-9b3c-3a9fc3df9b14,447749679891,2026-01-16 12:04:23.000,2,SUCCESS,1.99,GBP
98cc37c4-8e7f-4806-a7ef-6e451c960699,6a6d0597-8522-455f-a816-f7a60907bcf2,447721923013,2026-01-16 12:07:54.000,2,FAILED,0,GBP
6e719679-8efc-4595-a60d-2e2ee09d9b1d,5b0fbddc-1159-45b7-a340-b14395864df3,447703746612,2026-01-16 12:32:02.000,1,SUCCESS,0,GBP
0b07cacc-486b-442c-9c2c-c5f2d49b6b35,40283dbe-af31-4567-bc92-db2480210f7e,447755179030,2026-01-16 12:55:27.000,2,SUCCESS,1.99,GBP
46825cd5-4376-4eae-ac14-45aa87a8dc54,c2d6b686-fdbb-44cb-9cd6-942e3b3968d6,447701608040,2026-01-16 13:36:58.000,1,SUCCESS,0,GBP
29bfd97c-c36e-441d-82b7-e710fde76c96,f3b7247a-5dc5-4ebe-b695-45a90b8031ef,447799231281,2026-01-16 13:40:11.000,1,SUCCESS,0,GBP
6ad0dfac-6dbf-468e-b4e2-6cef5ad643f2,d2e5275a-f209-4954-8659-e9b5ebc57ebd,447706581403,2026-01-16 13:40:48.000,1,FAILED,0,GBP
ea19fe31-b549-4503-8581-277ea86484e4,fef80e62-d006-4455-8b26-4600b3ecd08e,447760919327,2026-01-16 15:17:58.000,1,FAILED,0,GBP
e2f93cd9-ed59-4a1d-97f2-72cf06a435db,e7abb5a0-0588-4a68-bbbb-fff1daf6ffa9,447771312233,2026-01-16 15:40:03.000,1,FAILED,0,GBP
e4260fe9-6a4a-4121-b1b8-ac3b8b77a33f,c9e0f409-3112-4511-bfbb-027eae9a584c,447731445855,2026-01-16 15:40:38.000,2,FAILED,0,GBP
72ec2b86-dd0b-4f4a-b6fd-87852e067d01,01585d66-d8ad-4f01-aaf1-76199feae795,447722381788,2026-01-16 16:12:08.000,2,SUCCESS,3.49,GBP
29de237d-142f-4fa2-84a9-18e9287c5ca6,25dabecd-e13b-498c-97ba-2ea0ba850ab9,447776366816,2026-01-16 16:12:47.000,2,SUCCESS,1.99,GBP
ff48bff3-7013-4d8f-b798-8746329a3b5b,6b4855dc-4fbb-45d8-9720-074e2065e589,447750493921,2026-01-16 16:39:39.000,2,SUCCESS,2.99,GBP
746e5df1-2744-4182-bc83-8512a9fe4bf8,02360f6c-d2f7-4494-9316-936a20428ae8,447735965951,2026-01-16 16:41:01.000,2,PENDING,0,GBP
4866fa3b-093c-4f6a-9d21-f33a87e87bcd,6b4855dc-4fbb-45d8-9720-074e2065e589,447750493921,2026-01-16 16:41:27.000,1,SUCCESS,0,GBP
8d610ebf-7f73-449c-9219-1faf0f04cf67,8153b7ce-f1a8-49d6-9116-d7957f0331a5,447753865433,2026-01-16 16:41:38.000,2,PENDING,0,GBP
d8976909-f921-4663-8fdf-f75973e70e25,7ed1df08-571c-4e8a-9f16-cd0e488115b9,447749386293,2026-01-16 17:42:16.000,2,SUCCESS,3.49,GBP
1f50c374-ca62-4738-ad58-c3341cd3cce2,6eb8a835-8f78-423a-8e9c-d4aa38ff2e04,447738269316,2026-01-16 17:47:37.000,2,SUCCESS,2.99,GBP
5df60e54-ed91-487a-82c3-6f807910e84f,e5a1071d-6f83-4998-b6a5-b611fa7cb20a,447742475082,2026-01-16 18:08:36.000,2,SUCCESS,1.99,GBP
da1f79e9-a835-40c1-9b6a-71453134e56a,2f8774a5-8c27-4563-bde5-bd9de5021c05,447791483012,2026-01-16 18:58:08.000,2,PENDING,0,GBP
34f41803-b102-408a-825c-12f10c7de53d,4b5972de-82dd-47cc-9435-7dbf98bd49ca,447788662694,2026-01-16 19:02:11.000,2,FAILED,0,GBP
bda68a04-bcd4-4676-8760-a95f98c502e3,45508e7f-f55d-4772-b501-6b30700f5e7c,447799182671,2026-01-16 19:38:06.000,2,SUCCESS,2.99,GBP
7cc8d61f-c05d-4ccc-9aac-38a98acc1d18,3adf5886-0c0f-4018-9648-70d5f3934fba,447780947751,2026-01-16 19:41:30.000,2,SUCCESS,1.99,GBP
4a4946d6-d6a7-4799-989a-7d9d1652a23e,81504b2c-5969-48ee-bce5-fe52a8defbcb,447766482219,2026-01-16 20:20:43.000,2,FAILED,0,GBP
c70e7f86-672c-4777-a0da-1638107d4f93,7a8965bb-a942-4343-ab94-6ecb3bf9e8cc,447721815890,2026-01-16 20:53:10.000,1,FAILED,0,GBP
2897a06e-8168-4bc7-8803-5cc78339d0b8,3c9e053e-de2d-4b7f-a8e9-e99fdc4cab79,447731077008,2026-01-16 21:11:34.000,2,PENDING,0,GBP
cc8738a5-b66f-44e7-ab20-4105727d9614,c9b7a2d8-15e8-4c90-a8a0-dad69df49142,447777496616,2026-01-16 21:31:50.000,1,SUCCESS,0,GBP
4e7d14cc-3dd2-4c11-a3e2-544e3dbc449e,cbea7974-6e72-44f2-beb2-b30a09af512e,447795329078,2026-01-16 21:45:33.000,2,SUCCESS,3.49,GBP
98ee4fda-d9f8-417a-a716-3d4c67f77c11,52fc43da-ba19-4027-ae24-cd578a932180,447782526070,2026-01-16 21:59:04.000,1,SUCCESS,0,GBP
e20052c9-bf01-4bba-933d-a5ab4afd38e7,945b3909-7e1b-4178-9dca-f428a49b7edc,447799197470,2026-01-16 22:18:31.000,1,SUCCESS,0,GBP
aa570ff4-1e39-48a7-be3b-ebd0ecbae5eb,8b121e67-52f9-4fc0-a9b2-ebeea9104f1d,447700525272,2026-01-16 22:20:35.000,1,SUCCESS,0,GBP
76f161c8-f6ba-4e0e-9583-632a9f3167ea,3c2a242c-837d-4ad1-8943-6efe578d38b7,447792912647,2026-01-16 22:20:54.000,1,SUCCESS,0,GBP
5caddf6d-1263-488d-9d8c-5ef7dd9161d6,565e92e5-3022-4600-92aa-f120c05ce984,447757584035,2026-01-16 22:29:53.000,2,FAILED,0,GBP
924a4d11-65bb-44ce-ada7-7a4802ceff29,8d4af34b-cb3a-4f5f-a6b2-6c061455dff2,447727775045,2026-01-16 22:53:40.000,2,FAILED,0,GBP
9c1d4107-7455-4c74-911f-d988193e0ddb,045a93f2-716a-4429-a087-76483a8323e2,447707335176,2026-01-16 22:57:28.000,2,FAILED,0,GBP
a80b9954-50f3-4955-8fc3-58eaf3e4b500,1d67f0f8-ac94-45e2-8eef-f9e60f67cfd4,447720109801,2026-01-16 23:23:59.000,2,SUCCESS,2.99,GBP
72beaa36-9f81-4cca-bbc4-683fa781c1d0,499b6817-dc90-4c25-98f9-d0e0b04de863,447771084036,2026-01-16 23:35:36.000,1,SUCCESS,0,GBP
27d46750-e7e1-4074-baa0-6b23b08349e3,3ef81a77-9ab0-4055-9c2b-79c04aabb14e,447780187864,2026-01-17 00:05:52.000,1,FAILED,0,GBP
1349941e-9a90-408e-b97c-9fb568e2aebe,896ee48e-ac89-4baf-a7b7-a0878f51c888,447760136290,2026-01-17 00:20:22.000,1,PENDING,0,GBP
fea5eee0-e9b5-4c44-b78b-8632a7f7fc4c,7eeb1c79-0edc-4995-a8dc-6db3ca5fb3bf,447727435977,2026-01-17 00:23:13.000,2,SUCCESS,3.49,GBP
ba125656-fdc4-4091-bf03-21a031514854,7eeb1c79-0edc-4995-a8dc-6db3ca5fb3bf,447727435977,2026-01-17 00:23:25.000,1,SUCCESS,0,GBP
01c15159-0322-4de0-95ca-b27d3871ffc1,f6d9afd0-c9d5-4845-849a-2dbc657e0ba5,447799708958,2026-01-17 00:25:36.000,2,SUCCESS,1.99,GBP
fe8b4ecf-8154-49b1-8172-721247701ccb,5e9158d7-e9ce-4db4-9ec9-21b1923c412a,447759957986,2026-01-17 00:28:52.000,2,SUCCESS,2.99,GBP
e21bc9b2-1cb4-4769-ba92-02bb75a70c08,1a0d82a0-70d7-4420-805a-cd8f3264a7ea,447721254824,2026-01-17 00:43:03.000,1,SUCCESS,0,GBP
12cd1f0a-7189-49ef-b950-b4f144627ed3,391f84a6-4c87-4ed5-980c-be33c9a04408,447714064014,2026-01-17 01:07:27.000,2,SUCCESS,2.99,GBP
7492541f-c2d5-4b98-ad34-91368a42603f,0abe6de3-7797-49f9-9b59-83fd7e7afa1a,447795410561,2026-01-17 01:11:53.000,2,PENDING,0,GBP
fdd1b30e-5290-44b3-b88b-fd33c18279e8,059928eb-a5ee-43eb-bd16-f315647c90ca,447753386615,2026-01-17 01:18:26.000,2,FAILED,0,GBP
1af96547-91a2-414f-813d-6c4c77b2b421,c8006eb1-fe18-419a-a58d-e7d9e6013b26,447704341104,2026-01-17 01:18:40.000,2,SUCCESS,2.99,GBP
078150c0-fb4e-4e7a-aa11-e4dcaa60f2b7,c40b085a-333e-4949-a343-876410ec647e,447797357975,2026-01-17 01:47:06.000,1,FAILED,0,GBP
c469ad6c-d170-49c4-8da6-da60d618af53,f13ede4c-d419-4c65-ad1a-c0c943310e3a,447739861261,2026-01-17 02:17:09.000,2,SUCCESS,1.99,GBP
6c3e0136-7580-4958-a77d-3e2a012d13f9,8ccaf76a-612b-4208-a33b-c0a01b59bf8a,447727917435,2026-01-17 02:19:17.000,2,SUCCESS,2.99,GBP
6ca2c58e-64b5-403d-b0d3-ccdc6b763fa7,ac70492e-1f05-4971-94ed-e168c4a48b1d,447723538324,2026-01-17 03:15:44.000,1,PENDING,0,GBP
9fe00340-7898-4dc4-810e-17745ac5c9e1,7a341fe3-f201-495d-a9ab-6e4fd5706d39,447715416017,2026-01-17 03:15:53.000,2,PENDING,0,GBP
d8e542bc-abb6-44f5-ac17-718356b755f8,15f79999-bd91-45ac-9d56-f98a57313ccb,447768189543,2026-01-17 03:23:04.000,1,PENDING,0,GBP
ec1d586b-0e20-446d-b6cd-5e7139a1eb52,996b9ef8-9161-4c72-9b9e-8078b4c174e7,447735872862,2026-01-17 03:27:18.000,2,SUCCESS,1.99,GBP
386b3ef8-5b1b-4293-8b03-0087a2c9b65b,0a42589f-a2dd-4fb0-ab45-5a3453593f4f,447766801500,2026-01-17 03:34:21.000,1,PENDING,0,GBP
ae803799-5cb8-4ed7-aa62-1afbdac05c5b,f40b149f-0069-4ab7-9d85-6f3cc4cc49d4,447743158639,2026-01-17 03:56:40.000,2,PENDING,0,GBP
cbbfbab5-2985-4ad3-81a8-299e1aba8067,856066a0-196f-46ec-93de-55f19b6ebdc5,447707013813,2026-01-17 03:59:54.000,1,PENDING,0,GBP
ac53458c-17bb-43c9-9d23-42958d756548,e1d3f52e-f5c5-49a7-864f-1fb35aa90b6d,447728842423,2026-01-17 04:00:51.000,2,FAILED,0,GBP
d448ba9a-959f-4501-b80c-90e9ec557e98,0dac5e5a-de01-4a9f-9f84-1cb03d954c65,447745246115,2026-01-17 04:06:52.000,1,FAILED,0,GBP
72de7d18-9e55-4d0d-8425-f7b6d25221e5,8ba971a1-fa78-44c7-b816-f69a4568a103,447740937767,2026-01-17 04:19:00.000,2,FAILED,0,GBP
f860d3d5-ddf7-4d58-92f9-05367e09beaa,3eeeaf11-8756-49c5-9c2f-7a0f7689b1e0,447700704043,2026-01-17 04:20:11.000,2,PENDING,0,GBP
5d1d33fd-045c-4ece-8ebd-8979c338c485,11456977-ae96-4bca-ab6d-fa362f24209c,447755409128,2026-01-17 04:32:41.000,2,SUCCESS,2.49,GBP
9e650d37-0fa2-4495-9fca-e0c9f3874543,d37f9ba8-057d-4857-a341-1a5142ec0530,447722238753,2026-01-17 04:41:00.000,2,PENDING,0,GBP
7d09cb55-3f60-4573-b96f-96d5d01cdbda,fd59d163-9506-4bf3-bab2-0e24a6b5064e,447773210252,2026-01-17 04:56:22.000,2,FAILED,0,GBP
538e2c6b-269e-47bc-9439-e0d4e7b0ee4e,70a9e980-08c8-434b-93b3-259e518d3790,447752310070,2026-01-17 05:30:56.000,1,FAILED,0,GBP
ce8533cf-29a4-4607-85d3-3fe6e6ed4ac2,50b4d856-c542-40b5-b016-1f02f37d0f9f,447725084301,2026-01-17 05:50:53.000,2,PENDING,0,GBP
db1f1860-9cca-453a-9c6c-93149b80f8be,a8da398b-b102-4c52-96ca-ce18c5b7c58c,447713718489,2026-01-17 06:22:32.000,1,SUCCESS,0,GBP
cb40b2b2-cca1-4cee-9139-f864724ce873,68e27534-e919-4ecb-b8f5-9f164e09b3d6,447775306558,2026-01-17 06:24:02.000,2,SUCCESS,2.49,GBP
4b8f0a08-acbd-4821-b6b0-2c573f9836a8,6204853f-da92-4c6c-b95c-c1e6c7617dfc,447759808943,2026-01-17 06:39:00.000,2,SUCCESS,1.99,GBP
77d1de41-09b7-40ae-8571-01aa3a6f30ea,b99394cb-70a9-4d5d-8a12-6bf836a9dee4,447773281482,2026-01-17 07:02:35.000,2,SUCCESS,3.49,GBP
240da4a4-8b14-4e2e-98d5-44a8bc8f3a3a,f251c8ab-71f6-4008-9bfb-5bdba98aebe0,447750738755,2026-01-17 07:21:38.000,1,PENDING,0,GBP
e78b9609-fbf9-46a5-9182-686cbd9085ec,fde8df0e-0d6a-495f-a1f0-a4f7389cfd60,447707908324,2026-01-17 07:27:44.000,2,PENDING,0,GBP
764acfef-d9e8-42bb-a8b6-d503e57824b4,4ba9b5b2-1031-4876-a7d7-2fb36d855abc,447781366836,2026-01-17 07:44:18.000,1,SUCCESS,0,GBP
c603d594-e5ce-45a8-845a-ca2abdde3ca2,f63545c9-7274-4e39-b7d2-b5e2e1c01c3e,447707752126,2026-01-17 07:50:28.000,2,FAILED,0,GBP
543eb434-2dac-4901-a40a-9c9c25b30c93,0109f587-cea6-476b-9d93-e3d7e61b134d,447747506330,2026-01-17 08:23:41.000,2,SUCCESS,3.49,GBP
61948612-f78d-4d6c-a19f-ed6b68a8aa3f,0cf137dd-851a-4e75-96f4-96ed3f0f87f1,447773307962,2026-01-17 08:27:02.000,2,SUCCESS,2.49,GBP
cb6c6678-fc40-4a8f-9efa-4b146c586aef,ed615a3f-b3e5-4101-a5dc-3526f247f957,447788685344,2026-01-17 08:46:54.000,2,SUCCESS,1.99,GBP
c0f7c231-3e2c-4fdc-9b9b-3cf6759739ba,9ab58d47-6ae3-4e6b-9946-d90b836efdb8,447746633691,2026-01-17 08:49:33.000,2,PENDING,0,GBP
fee0be82-e940-4814-83c1-50fd1bfa06f7,3644f32a-9307-4b20-9a43-60a91d2f8726,447741030729,2026-01-17 08:55:12.000,2,SUCCESS,3.49,GBP
132a40e5-08cb-43cf-8a91-df6a6aa3c711,4754908c-2f85-4dd4-84ec-27b157eb7d24,447745600149,2026-01-17 09:24:53.000,2,FAILED,0,GBP
e6c54e04-0ac9-4e01-93be-30959741a03d,ac4ad75a-21c8-4a58-b9a5-a7924745c162,447743176937,2026-01-17 09:28:47.000,2,FAILED,0,GBP
0d56927c-4ba2-4848-a7bb-7129db49dcdc,1626024d-c4e6-47b8-91e5-02077c254f3c,447705927296,2026-01-17 09:32:02.000,1,SUCCESS,0,GBP
f9922cd7-519a-40f3-846d-c648d2934af1,edfa6898-fb1e-4caa-bcd7-0c7e9adc15b7,447707220733,2026-01-17 09:45:32.000,2,SUCCESS,2.49,GBP
bff9a376-0123-4753-9028-b1cbe2a625a8,ec730f09-a5b2-467c-9cb2-9edbf6370506,447720552542,2026-01-17 09:56:14.000,2,FAILED,0,GBP
3dbdbe9e-97ba-4823-9993-dd2ca3de6be2,1d2720ea-5e61-46f3-a3c5-6dc14868424c,447762857819,2026-01-17 10:21:23.000,2,SUCCESS,1.99,GBP
132896d6-e374-40d8-9920-9c2ced10ada7,dd00273b-a9da-4a1e-93ee-534f18f771e0,447772647704,2026-01-17 11:10:51.000,2,FAILED,0,GBP
6568cc02-2896-4a52-b96d-3550b00ed7b2,e2cba9dd-c74e-429a-b3bd-2b4dd6a6c3db,447736130187,2026-01-17 12:08:55.000,1,FAILED,0,GBP
e828e213-4e63-4778-bc06-5bd8c9fbe7db,e304d1a4-3f12-4034-aa47-ba6d2a4ac404,447727908811,2026-01-17 12:23:19.000,2,SUCCESS,1.99,GBP
80fe2608-941a-4a22-a61c-a331be8ac384,e36cb804-403b-4153-b8a3-96f63159f604,447798703803,2026-01-17 12:31:38.000,1,SUCCESS,0,GBP
aaecf4d7-7ce5-4670-b549-be7a9611865d,76eb47d0-7d5d-47eb-b346-3737415a097b,447725094299,2026-01-17 12:53:07.000,2,SUCCESS,2.49,GBP
8ee1eb3b-3141-4ceb-8d1f-7a3b20434d2d,757406d1-7833-4e70-bc08-607d1d59499f,447723363058,2026-01-17 13:01:34.000,1,FAILED,0,GBP
b40bfd54-3aea-452e-9361-916f771b8c04,0f8d46bd-4015-4742-bf17-9395187d8c79,447776540868,2026-01-17 13:02:06.000,2,FAILED,0,GBP
1e1afd0e-36ca-4159-add1-c0d808b7de36,2aa96710-ff43-462a-ab4a-48c06daaccd5,447795358652,2026-01-17 13:04:52.000,2,FAILED,0,GBP
e920ecd4-3591-48df-b65b-b155d03809da,3eae3016-b8cf-4af4-a68b-4e63f2ea0108,447741719202,2026-01-17 13:45:30.000,2,FAILED,0,GBP
d0fe128e-ec9b-49dc-9a9e-82fed18ecadd,055ce0c2-6088-40a0-8104-7e65cabc7070,447777009530,2026-01-17 14:01:14.000,1,FAILED,0,GBP
1c9e9c9e-a7ee-4974-aaef-9af2cb3bb7b3,76cf6635-be3f-45f9-a7d8-6a5632c0cb85,447754886627,2026-01-17 14:07:25.000,2,FAILED,0,GBP
efc47b93-f69f-41a7-bd54-2e36b0f61df3,73fce66b-5434-4a3a-be5f-72835c58d514,447764093913,2026-01-17 14:30:34.000,2,SUCCESS,3.49,GBP
8ff7faa7-1502-49b8-b41f-683cce796fd0,dce37385-a4eb-4683-9fd3-c15a6f747baa,447735642793,2026-01-17 15:04:07.000,2,SUCCESS,2.99,GBP
d4ec3b53-83b8-4ed0-8f47-5bbf1f15804f,22d4efe7-d4d0-4bee-b35c-d65ba391ac06,447791504679,2026-01-17 15:18:33.000,1,FAILED,0,GBP
c0f05ccf-2a52-4edc-9001-72f63ee7fafa,c6d14744-da04-43ba-bde2-52d5dbe3adf4,447715132415,2026-01-17 15:32:40.000,1,FAILED,0,GBP
0be07e76-d736-461f-af43-44c64d4759da,89253186-177e-4133-94f5-d77500cc4179,447705509949,2026-01-17 15:33:58.000,2,SUCCESS,2.99,GBP
1e476a0e-c53c-4511-a9be-5f4c72d4029c,711141df-4828-4849-8a34-67457ccf0020,447783198445,2026-01-17 15:55:28.000,2,SUCCESS,2.99,GBP
4fd9190f-c700-48f4-a6b8-1ac49b9d12ac,804fefad-21bd-48e5-b639-a4887afb9beb,447774705995,2026-01-17 15:59:34.000,2,PENDING,0,GBP
00c544a6-394c-4572-af44-71b59035fd5f,ad9c2d17-e829-4d37-95cf-c48f961e368b,447748921104,2026-01-17 16:09:53.000,2,SUCCESS,2.49,GBP
bf3c3272-3d91-4fb0-aaff-aebb2036ee6d,b2c2766e-04db-4c67-8399-16e3289b3770,447798926697,2026-01-17 16:13:08.000,2,FAILED,0,GBP
4f72b197-ff9a-43c9-8716-42028d21dd9b,ea33e99d-e2b7-4839-bbc7-ab9beb29f925,447762075226,2026-01-17 16:19:38.000,2,SUCCESS,2.99,GBP
a40abf6f-90c5-4cb0-b2d6-b6f746f240ee,ba8a72a2-3514-43de-ba47-0cd85aa834e0,447788085109,2026-01-17 17:20:01.000,2,SUCCESS,1.99,GBP
a8adebab-ae9f-4424-8e14-28f628307243,bf702cab-2450-434a-a84f-6db2720562e1,447725381645,2026-01-17 18:02:57.000,3,SUCCESS,0,GBP
ca991176-92fc-4a78-b8aa-c8c4a2842c5d,2170f0ab-936f-47d6-8b08-8bc0a5dc05b7,447766750637,2026-01-17 18:08:07.000,1,SUCCESS,0,GBP
ee93d875-d043-4028-a715-13bc669c109a,71ea94db-3e0b-410f-8e85-3da58fef5fc6,447751504761,2026-01-17 18:59:42.000,2,PENDING,0,GBP
138406e4-f2a6-4367-8eef-c9e440a80b75,84759c0d-c628-4eb1-ba67-d6d66d741751,447762993322,2026-01-17 19:10:22.000,2,FAILED,0,GBP
2d7a1957-adb0-4ef6-988e-7bc6d052ed7b,90bf4374-ea78-4c39-b10e-91116af7b7d5,447705455222,2026-01-17 19:11:43.000,2,FAILED,0,GBP
01de20e8-32b8-43ad-84b3-ce567bf72020,0a9a57d9-81ca-4904-84d2-a0e035a28d34,447726902350,2026-01-17 19:36:06.000,2,FAILED,0,GBP
d1890d8b-286c-4f26-a366-6b3e5b4b0e9c,79f6757e-96a9-4400-8436-1de371b4c765,447736047061,2026-01-17 20:39:33.000,2,SUCCESS,1.99,GBP
2095b510-f13d-452d-b94c-855e5e548ec8,53e1b168-280d-420f-8d85-afefdd49b97c,447794856273,2026-01-17 20:41:44.000,2,SUCCESS,2.49,GBP
88048e7b-e62a-4a85-abdd-b3ad6d6c501c,f5d39b07-a0ba-4029-b9a3-a669f71f85be,447769238283,2026-01-17 20:50:34.000,2,SUCCESS,1.99,GBP
f06c67af-cfd6-489c-8552-6c1d5f978405,0e5a1b13-dbc2-40e5-a71f-a6d020dca07c,447742342760,2026-01-17 20:51:38.000,2,SUCCESS,1.99,GBP
a3d3b62a-d6f4-4650-a10b-544aebd7cf9a,71225db4-1210-4525-b913-3f90f3b6700c,447730934336,2026-01-17 21:02:02.000,2,FAILED,0,GBP
874dcf6c-a5f6-4cbd-a021-b554fec17d70,bca3ebbd-4743-4bd1-90c3-240c2ebeb6cd,447727979432,2026-01-17 21:19:29.000,1,SUCCESS,0,GBP
64bc6580-4430-498c-8b45-0050b5f0f438,4152745c-06dc-451e-be6e-1a60b45519f3,447711861130,2026-01-17 21:30:57.000,2,SUCCESS,3.49,GBP
cd9891e6-87d9-4bf3-ae75-1b1a0ab2f3b0,a424a922-f6d1-4e07-9d0f-5ca9c3f3fde3,447732210817,2026-01-17 21:47:53.000,1,SUCCESS,0,GBP
e97719ab-7de9-4a6b-bf21-79be6278a3ab,d3d62ad4-4bcb-40e1-b8ac-4d3501a5b911,447740968214,2026-01-17 22:08:38.000,2,FAILED,0,GBP
9ae81c38-4e4a-4408-96c3-190cd161c663,4f3cb7f9-a4c9-43f0-9c3d-76faf52b8fa2,447796141276,2026-01-17 22:10:29.000,1,SUCCESS,0,GBP
8e4dfd33-ade2-4dc7-8b09-87f569beadac,e84e43d7-c1c7-44e8-b377-b36507179f58,447747452284,2026-01-17 22:17:56.000,2,SUCCESS,3.49,GBP
f3963661-cb74-416c-83cf-eb4dfe2e1787,1bc097f1-8455-46a8-98eb-b811497e8839,447717748100,2026-01-17 22:27:23.000,2,FAILED,0,GBP
64999bfc-485e-4506-bd5e-a59465895a78,df20a326-532e-4d71-8a45-d9f1da35bb8a,447779350053,2026-01-17 22:42:43.000,2,FAILED,0,GBP
f41542ae-c5fc-4e69-8f46-8708adddf2cf,96f3a250-0c34-4e2b-ad39-de7002e39c3d,447722020097,2026-01-17 23:02:28.000,2,SUCCESS,1.99,GBP
74ad1b38-a99c-4f39-8840-caddbbb4f4f5,5f466b17-0be9-42b3-b71a-b0388691e866,447794825112,2026-01-17 23:21:30.000,2,PENDING,0,GBP
f195bdc7-fa20-4816-a06b-7dcae0487f5d,e70a6bfe-7919-436d-aeea-976bedc4c64a,447712841683,2026-01-17 23:32:01.000,2,FAILED,0,GBP
546392e1-d6ca-40fa-a386-1fde8fd22079,8c08d992-2598-463c-bff9-4f4cacfadbfa,447760024384,2026-01-17 23:36:39.000,2,SUCCESS,2.99,GBP
97ee3e9b-7370-48f0-a147-dba4097e7809,ea3668cf-8aa2-4e20-b15c-3c9c43b6bd00,447787498378,2026-01-18 01:04:52.000,2,FAILED,0,GBP
4087de0a-d5ce-4180-8961-0c59e4c1eac5,cdd91de2-868b-4fdf-a28b-b8899e0ee918,447728133733,2026-01-18 01:13:06.000,1,PENDING,0,GBP
9ada18e2-2bab-4efe-ad22-724b8ad36598,4a50b576-204a-4de4-b88b-57996ac10c55,447777037380,2026-01-18 02:06:46.000,2,SUCCESS,2.49,GBP
253b7ff9-6e40-48bf-9697-5fb5239b7831,7ce35b69-7c04-4180-8ffd-4eb5638d05a1,447752034833,2026-01-18 02:30:56.000,2,FAILED,0,GBP
989c062f-11a3-40ad-acd7-0285f7d0fe17,87ec4b77-14a1-430e-9535-cba4213364ae,447731224713,2026-01-18 02:47:33.000,2,FAILED,0,GBP
2930e868-0f59-4efe-bd8c-15ba4a8308ca,91a56ade-2c09-41fe-9cdf-ddd7a8423b08,447706291715,2026-01-18 02:53:43.000,2,PENDING,0,GBP
674ab4ea-bfc8-4933-a912-a7efc4568dc1,1f8d863d-6bc6-43b4-9f8f-3ed3e3ed4f67,447753934190,2026-01-18 03:16:37.000,2,FAILED,0,GBP
2227b15f-4070-4f2f-96a2-1294d5cb4ced,f89c9e95-933d-450e-8f20-0ce5fb1e5d43,447792460024,2026-01-18 03:21:13.000,2,FAILED,0,GBP
71f4011b-6ad5-431b-a00e-5f05dbeba252,43ab45a6-4537-4d7f-b55c-0a04876506c4,447754229961,2026-01-18 04:08:11.000,2,SUCCESS,2.49,GBP
a89e2a3a-6c08-46ec-a5cd-39b0aab60656,36d7d90c-213e-4109-9cd8-8500258c59ef,447760623929,2026-01-18 04:19:28.000,2,SUCCESS,1.99,GBP
13575cf9-96fd-454e-b147-e8c52a76cd20,36d7d90c-213e-4109-9cd8-8500258c59ef,447760623929,2026-01-18 04:19:50.000,1,SUCCESS,0,GBP
ecda90c7-2a4d-4f3a-b0e1-01326338e62f,f1ec35cc-7093-4936-8a62-64cd3d4cb6d5,447728599722,2026-01-18 04:24:00.000,1,SUCCESS,0,GBP
7c5d1a66-711d-4efb-835b-069e01480762,f14e280d-3e03-4744-aaeb-d4100998a0e9,447750666082,2026-01-18 04:25:19.000,1,FAILED,0,GBP
7458734c-0791-4633-8955-c0aac5940119,a97c4f7d-1391-4564-a3ca-68c09df1d3e3,447781675816,2026-01-18 04:34:15.000,2,SUCCESS,3.49,GBP
4380d10a-fc01-4fbf-b774-82690f0e4c39,e2170df4-3475-4e22-9b0b-cc05d6ad9aec,447777841872,2026-01-18 06:02:00.000,1,FAILED,0,GBP
fa9366be-7af0-4ed1-bde8-2737364b591a,463c634d-295b-45d4-81f3-a8f41e5fa98e,447770684582,2026-01-18 06:19:47.000,2,SUCCESS,2.49,GBP
24e71ad2-e722-48eb-8698-87117badd560,ac79d1b1-f62b-461a-b678-9594aa8cdc02,447712939371,2026-01-18 06:37:34.000,2,SUCCESS,2.99,GBP
703df6b0-0e2f-4877-871e-2a3160af9a4b,40fcc075-0719-4c2d-b5f4-e1e422446505,447778376399,2026-01-18 06:52:28.000,2,SUCCESS,1.99,GBP
83b24466-e84c-4bc7-ab10-26bd020677a1,ba844378-f549-4ea3-aa77-f1e852a14118,447739559749,2026-01-18 07:34:10.000,1,FAILED,0,GBP
b25934b2-4247-4eda-9ae6-3f4c0288ab32,ba17b342-a92e-4ba9-8b8f-adee121d3e98,447707390568,2026-01-18 07:56:56.000,1,FAILED,0,GBP
2f9efe08-1d9c-46c9-9d2a-994068c69ea8,fc27a122-2b82-4c1d-ba70-922e60f544c3,447769308132,2026-01-18 07:58:10.000,2,PENDING,0,GBP
581c9443-42af-458e-9549-a82af49ac3b6,6e539d47-3a9d-475f-8cf0-7bd9f9a1dd5f,447768676454,2026-01-18 08:17:41.000,2,FAILED,0,GBP
8f1f52c1-1faa-4c27-8edc-dde780e4d8c0,b04a170a-c181-4ce2-8903-4ef62de19383,447791118780,2026-01-18 08:26:37.000,1,SUCCESS,0,GBP
1ab42ce3-37ca-4fb0-b0d7-5fc9e0d94757,31e7744e-2728-443c-a48b-6c614d8fd519,447703940437,2026-01-18 08:40:32.000,2,SUCCESS,3.49,GBP
3fce7281-de2d-407b-b83a-f0c67b2bec8b,09704fae-ebd3-427b-a74a-3e60ed7ade1f,447741535377,2026-01-18 08:48:02.000,2,FAILED,0,GBP
cad5beab-0d27-4e6c-9427-a429483d31fa,ce1f7de7-57f2-42d7-9493-4760a9163cbd,447717201397,2026-01-18 08:53:10.000,2,FAILED,0,GBP
df774a46-3754-493f-a9df-c70d21a3134e,aeaad74b-e91d-46cf-bcc5-af89b0f28d28,447721481689,2026-01-18 08:53:13.000,1,FAILED,0,GBP
e058c10e-4e88-49d8-bcd7-fc0155282175,7bf8c8fd-43d6-41cc-aae4-18c6f4371573,447752868860,2026-01-18 09:26:09.000,2,PENDING,0,GBP
c85128e9-682a-4e67-95a9-c9fd70229463,8e4f7782-01b8-4ff0-bc32-d900453e4cfb,447703340342,2026-01-18 09:57:48.000,2,SUCCESS,1.99,GBP
cb420848-ae0d-45f1-8039-a1c5f16c6f44,9a5649e9-57f2-4fea-bb8f-9a8f79746db5,447774907616,2026-01-18 10:02:09.000,2,SUCCESS,1.99,GBP
56e2c9a9-57f5-47b5-ba57-f44553604c1e,07ba46f4-5182-48a5-9704-fa88e45ab317,447768075420,2026-01-18 10:21:28.000,2,FAILED,0,GBP
b0589f33-0c1d-4e6e-8093-6c9670e9e94a,b3ebc2a4-1e55-485b-a2a1-2c1fd7b33314,447795090835,2026-01-18 10:44:04.000,2,FAILED,0,GBP
27de1a6a-7c58-4f82-b9e0-e5c9a61c8f77,286fe72e-ac4f-47ac-8ae0-7fdcd6eea49b,447779987356,2026-01-18 10:54:06.000,1,FAILED,0,GBP
58f67efb-c554-425c-b392-72c3f55f7768,1503ae56-2810-4c23-8ac8-9b2288227672,447710065776,2026-01-18 10:59:29.000,1,SUCCESS,0,GBP
af728472-8442-4bcf-b233-ae5304f9c99c,d54f9dee-3212-4b6c-930e-1adea1a21a11,447785982837,2026-01-18 11:00:22.000,2,SUCCESS,3.49,GBP
8bbf9907-71fb-49a2-a876-4900cbeb682f,91c30cc0-bf22-4823-af75-ea4f21517883,447724969585,2026-01-18 11:49:36.000,1,SUCCESS,0,GBP
e455590f-f87f-4687-b19f-e0a2157fbc60,7ff5f448-23f8-402a-963b-e1b0ea8c7f2d,447757659492,2026-01-18 11:54:32.000,2,FAILED,0,GBP
881a4a96-650e-4142-89cb-f67f504bf1a2,6ccb0b91-1515-4a05-9392-df632badae52,447761209672,2026-01-18 12:18:28.000,1,SUCCESS,0,GBP
84f6f741-56e3-4b89-964f-cde9c13f90e9,e1099196-155c-40af-ba9e-6d83c6d84f4c,447730382331,2026-01-18 12:28:38.000,1,FAILED,0,GBP
3e5fe5cf-cc98-4fdb-93fc-c2dc1f0a4ded,245a347a-599d-42e9-bc33-b6ff826e36aa,447797611274,2026-01-18 13:09:38.000,2,SUCCESS,1.99,GBP
194e13e5-4e8b-4985-8a8d-22b1f636312a,ad5e337e-5163-46ff-b876-e6a65c7dc23e,447734951912,2026-01-18 13:25:50.000,3,SUCCESS,0,GBP
99a7cc29-98f2-46e2-84e8-1e109e750720,afd31be2-ad7a-4da6-ab51-7c02f1b3e90e,447750644341,2026-01-18 13:28:48.000,2,SUCCESS,2.99,GBP
d5a0d07a-6b09-4704-9e9d-a6dda4b11dc0,a5b086ed-ce9e-4217-8028-12de5633ef2a,447797077590,2026-01-18 13:45:40.000,2,FAILED,0,GBP
71613a7f-e6d0-4b24-9484-82a32fd98823,87eadcad-2c46-4722-b20b-900a2dd124e9,447770836023,2026-01-18 14:02:46.000,2,FAILED,0,GBP
156fc036-f338-404f-b197-93f72ac277fa,7d5b0045-e408-4536-af41-f1715a684996,447798594229,2026-01-18 14:29:42.000,2,PENDING,0,GBP
0ea700c9-fc6d-48fc-9b94-92c59c154aea,e473a3dd-6690-49b9-8171-d4ee0b10d301,447740804903,2026-01-18 14:31:21.000,2,SUCCESS,3.49,GBP
8dadf655-e89c-490b-aeaa-8d36b9802f7e,858e08ef-0404-4be8-ba50-94efd4a98b52,447722770448,2026-01-18 14:51:51.000,2,SUCCESS,2.49,GBP
f5e8a730-3055-43e7-ad78-73630e036283,e4f06d26-6d68-43b3-8788-8f5f162bbd6a,447704367194,2026-01-18 15:24:50.000,2,SUCCESS,1.99,GBP
acf06a63-7a1f-425c-9174-6a2ff0a040ae,d41a203f-962c-4395-815c-1bb1b54ce2a1,447741432920,2026-01-18 15:31:27.000,2,FAILED,0,GBP
b5eecb00-3e35-4728-8821-199ee01f9430,238e813f-82be-4ee0-b38f-bbb08511c637,447749912011,2026-01-18 15:35:59.000,1,FAILED,0,GBP
572fa94f-dff8-41f1-a739-06f82373d774,962d943e-d6d9-4104-a044-3a627e680efc,447731529216,2026-01-18 15:41:52.000,2,PENDING,0,GBP
2161eef3-a366-492a-9854-fdaa51783c35,effa34bf-e8c1-4f24-a04c-24560ff8a11d,447759701604,2026-01-18 15:58:54.000,1,SUCCESS,0,GBP
797580e8-b5c2-4ce8-bab9-a08b1e3870f4,4bf93bb3-4e12-44cb-b744-8400e88ceb5f,447799935849,2026-01-18 16:08:31.000,2,PENDING,0,GBP
c9dba670-de79-487d-b7e2-e2badb81f1d4,528c18d4-acff-4fa4-acb2-9b3cdb1c2fb8,447786599006,2026-01-18 16:25:20.000,1,SUCCESS,0,GBP
a78ed3c9-0e3e-4f94-9b42-58501a275708,86c118bf-fc36-4931-a7a6-462619e568ee,447789247069,2026-01-18 16:27:37.000,1,SUCCESS,0,GBP
61490da9-edaa-4fe4-98d2-b3d9d692492e,90c68d9d-851c-41da-b055-f3fa23a2a6d9,447708079346,2026-01-18 16:28:40.000,2,FAILED,0,GBP
7667a89f-ac65-4020-9288-4b31aa44bc0a,81ada3e9-94f0-4473-aeba-22bee0cdb1b2,447722416546,2026-01-18 16:44:16.000,1,PENDING,0,GBP
bc566455-1f00-43ec-8fc4-1e64c393cb3c,e94b842b-4c5f-4356-be62-2aa7e698f498,447706225199,2026-01-18 16:44:23.000,2,SUCCESS,1.99,GBP
fb0fb06a-6a86-4bd6-92d7-3941fff415f5,f70b4593-6d8f-4873-85b3-2a683a4c6713,447780616304,2026-01-18 17:13:27.000,2,FAILED,0,GBP
cc65d425-c71c-4431-ae5a-5d9d481531b1,d8cfb10c-5f30-4511-a252-62f049666eee,447774740530,2026-01-18 17:14:33.000,2,SUCCESS,1.99,GBP
289cf436-811e-465c-9a79-00dee3046551,9f7a5d48-a093-4ec8-b9c0-74aafd36719a,447710483839,2026-01-18 17:33:31.000,1,PENDING,0,GBP
07209121-96ba-4fc1-8993-15b4f41cdc27,d314d6a2-a7b8-49e5-9386-8c337f690cbb,447722082014,2026-01-18 17:51:22.000,2,SUCCESS,2.99,GBP
4edc538e-3e5e-4d9d-a255-602b0a77eed6,7de23542-fe22-48e4-a947-1074207bdc56,447788455472,2026-01-18 18:05:42.000,1,PENDING,0,GBP
111e78a0-68c9-4759-a1cf-36ffdc596781,6f8f1697-ea4d-49bb-a9ed-6d139b7fa58c,447748312017,2026-01-18 18:13:23.000,1,SUCCESS,0,GBP
54c0c534-5bf7-4cfc-926e-54e0615e5e5d,bd6bf4d3-d953-4a42-857d-da7f6a04e51c,447750523107,2026-01-18 18:19:17.000,2,FAILED,0,GBP
1d813066-e02c-4f35-bfa8-ecc1c3afc8c6,812de41c-b8bd-4073-839f-92f6a549c79c,447728253329,2026-01-18 18:54:27.000,2,SUCCESS,1.99,GBP
29a3a5e4-d00c-4cc4-9c55-cc5f8052f571,d59b0e43-1008-4262-99a3-0317baeb3d45,447761494632,2026-01-18 19:05:20.000,2,PENDING,0,GBP
f9a15b58-c273-42b2-9956-b65f6a1ca1f2,0ef59aef-3653-4432-aa24-695a00c62153,447777344674,2026-01-18 19:10:43.000,2,SUCCESS,2.49,GBP
66004dad-2d9a-4fa5-9f9a-2cf1983681ae,0da51dfe-569e-438b-bf73-8a188352d3cb,447771788169,2026-01-18 20:02:14.000,2,SUCCESS,2.49,GBP
3cdb9bf6-3fdb-45bc-9877-6eb3adaee193,10f48252-fdac-4c06-880d-98d9f54b2570,447734892124,2026-01-18 20:10:41.000,2,FAILED,0,GBP
a160ba52-87e6-4f1d-91ec-0b532e83d65e,507aea1e-574e-41db-873f-49cfe4c556f3,447701426740,2026-01-18 20:37:45.000,1,SUCCESS,0,GBP
74c88c2d-1a7c-4fc1-9a40-076ddcc38231,b5878dab-1224-473b-8e38-0bee7d8937e2,447712362608,2026-01-18 20:40:15.000,2,SUCCESS,2.49,GBP
fcaadfe1-1a6b-4b0d-b45f-8beeda505e7d,750be2ab-b27f-4b43-83ae-2182b0e6dedd,447781427314,2026-01-18 20:45:23.000,2,SUCCESS,3.49,GBP
48ab93b9-7180-41ae-a36a-afde45e5d501,e4555fcd-8b92-407b-bacd-cf4045bd04ce,447772134453,2026-01-18 21:13:13.000,2,SUCCESS,1.99,GBP
b90fa1c1-1704-4e43-870d-838ea4934eca,51008534-5518-4d93-adc8-dc20df9d8479,447782203715,2026-01-18 21:21:45.000,2,FAILED,0,GBP
116a3ea5-ee4f-406a-9fdf-50aa6c32c5e2,b9b02d76-c8c9-4fe2-af78-a6fd39185d1c,447731779424,2026-01-18 21:40:34.000,2,PENDING,0,GBP
f1cfe8e0-82c2-434e-bf34-6cbadc412d48,0b1d3c63-1583-45b5-b737-5fd0f6f6a21e,447767454578,2026-01-18 21:49:19.000,2,FAILED,0,GBP
9988d2d9-aa64-4a0f-8d58-70eb6390d57a,8715367a-ba39-4855-a92a-dbba04cdba65,447752131030,2026-01-18 21:50:13.000,2,PENDING,0,GBP
f7be299f-256c-428c-b25a-9cab1c0316f2,05da25bd-af3d-4445-a167-c692a007eb15,447726919663,2026-01-18 22:19:50.000,3,SUCCESS,0,GBP
480def10-e3d7-4cca-910b-8915281346e2,2c50b6ac-5e29-4420-8c56-1e1b1e4bf447,447714382103,2026-01-18 22:26:32.000,1,FAILED,0,GBP
5e5c7161-e01d-428a-ad86-12bac7254ebf,e4236e73-b4f5-4bdd-8638-94431eff33d6,447725769858,2026-01-18 22:40:27.000,2,PENDING,0,GBP
6f46e824-8e1c-4680-9de9-f64ecd5d2621,1eced2b0-9675-4fd8-b4e2-9338f70f0088,447723367162,2026-01-18 23:01:29.000,2,SUCCESS,1.99,GBP
6609d90c-d54d-4d01-b8cf-5d3e9ebfec57,a46c77a7-bd50-44a3-801b-accc4bf0dec4,447712532064,2026-01-18 23:07:34.000,2,PENDING,0,GBP
9d6bc959-294e-447e-8342-521fbcc7061f,07a05023-4890-453d-8e80-3b11b3d48adc,447796648237,2026-01-18 23:24:35.000,2,SUCCESS,1.99,GBP
ca5c983b-9073-435e-9ccb-db62d53e8e62,c945843e-8b71-4d0c-b7a1-1ccb2d8aee8d,447731202280,2026-01-18 23:29:08.000,2,SUCCESS,2.49,GBP
1689230e-fd87-4b74-a73b-c092e8d14102,6621ef9c-526d-4df3-b2e8-d34a4f31c723,447731694617,2026-01-18 23:51:18.000,2,FAILED,0,GBP
c9594956-202a-4e03-b5cf-71c8acbe34c1,6eddc403-e5ea-4e6a-a6f0-457833c4d70d,447711360955,2026-01-19 01:15:36.000,2,SUCCESS,2.49,GBP
69784bb3-04a0-41a8-839f-62a2c401e1c8,38dc58f7-4a75-41b8-b12d-d4f3cfda13be,447752789874,2026-01-19 01:18:25.000,1,SUCCESS,0,GBP
118043b4-9aab-4c66-b4f2-585b4747c904,2c1679aa-4058-4190-be5a-fc86abfcfe2f,447717741020,2026-01-19 01:24:12.000,2,SUCCESS,1.99,GBP
308ffae4-c74f-4f1a-ae2f-dc3408f5ac5a,231839b7-5a81-41b1-a826-2492d80f6071,447707188389,2026-01-19 01:55:19.000,2,SUCCESS,2.49,GBP
2c03d93c-7f6a-4721-bbc6-8876591196fe,91afbabc-16d3-4b92-8ce5-9927c7d85b1b,447737867810,2026-01-19 01:57:25.000,1,SUCCESS,0,GBP
ee41d55d-1854-41f0-a0b6-b40982f05361,02d8b435-f7be-40d8-8feb-2ca1320e6937,447793678377,2026-01-19 02:11:01.000,2,SUCCESS,2.49,GBP
3e725d52-6942-4107-93b4-ab649daa6398,2dc95d52-88f5-4a04-aaef-53515a97b027,447786438380,2026-01-19 02:22:10.000,2,SUCCESS,2.49,GBP
cbb0494d-879a-404a-8b82-8102d1659d5b,0f38f653-59da-4931-9cb7-951db76fa9c4,447719168628,2026-01-19 02:46:48.000,2,FAILED,0,GBP
be069f19-4baf-4883-81ed-7fc759fb6c2a,eb826051-5019-44c3-9c0b-ed4bd2428314,447748321292,2026-01-19 02:52:51.000,2,SUCCESS,2.49,GBP
8d68135f-c116-43fc-be35-238207c23083,b72bcdfe-86e3-4532-9657-9be28616bcd6,447724180247,2026-01-19 02:54:19.000,2,SUCCESS,2.99,GBP
2232d79b-0607-4acd-b3e8-fcc65fdbcd0f,f00a7d41-48de-418f-96b4-970eee5fc04c,447744417200,2026-01-19 03:26:36.000,1,FAILED,0,GBP
3d463a2f-3b51-4e28-83e6-286e65c26bfa,f6ad3bd8-7536-48ad-9380-f9575395a7a7,447715699871,2026-01-19 03:38:05.000,2,PENDING,0,GBP
1238654e-e343-4a4d-8c7d-252742c56163,0872e7cb-d845-4926-8083-07bac341f872,447750390869,2026-01-19 03:43:04.000,1,SUCCESS,0,GBP
215974d2-2293-4105-a7f1-03d4bfdd2e2b,debd2341-deb6-470b-9a34-a70a32816452,447709273745,2026-01-19 03:47:52.000,1,SUCCESS,0,GBP
84440a60-b577-4d9b-84f2-707337a3d07a,6f124371-0262-4f14-8760-f8635082bdb6,447742674367,2026-01-19 04:14:47.000,2,SUCCESS,2.99,GBP
447e9858-2452-44d2-a659-73cb01138843,6f124371-0262-4f14-8760-f8635082bdb6,447742674367,2026-01-19 04:14:54.000,1,SUCCESS,0,GBP
464bbf27-5527-448b-a373-41df9515f3f5,2af2a6bc-e759-4ff5-ba6b-12e6e1c4a8b0,447773559266,2026-01-19 04:21:30.000,1,SUCCESS,0,GBP
50fbd76d-d87c-4882-aa76-3a6b0ca6dad3,ad5e337e-5163-46ff-b876-e6a65c7dc23e,447734951912,2026-01-19 04:53:19.000,2,SUCCESS,2.99,GBP
08438b24-ef34-4f2b-b7d3-08bd2b3a6f62,4cc4ddbf-1068-4b2b-afd9-6c64472ec873,447795471270,2026-01-19 05:06:18.000,1,SUCCESS,0,GBP
1e7a48af-284e-4dab-b231-7328350eb5e1,bf702cab-2450-434a-a84f-6db2720562e1,447725381645,2026-01-19 05:13:59.000,2,SUCCESS,2.99,GBP
88d09616-edc4-4322-b4c6-177da0062094,e5914678-0033-4271-80d4-6c0b3a8e60a0,447728587870,2026-01-19 05:32:11.000,1,FAILED,0,GBP
e07eceae-63df-4772-a7cb-6eae63c3c98b,ea058098-e1bb-4184-8a1d-f277aeb4820f,447743837721,2026-01-19 05:34:16.000,1,FAILED,0,GBP
8668e83f-47c6-4030-83f3-2d92b5452c0b,61d727b1-f9da-4eb8-8943-fb30fbfb214a,447770866935,2026-01-19 06:05:44.000,1,FAILED,0,GBP
9c425922-e924-4873-926f-c39b44ed5952,b7b8cca4-4627-407c-abd8-01f0dd8a3281,447763040981,2026-01-19 06:12:11.000,2,FAILED,0,GBP
7d8e79d0-d162-4c2d-81f6-0d35074d5251,5d177ec4-ee8c-40de-a4de-dbe2ed94083a,447773301442,2026-01-19 06:12:15.000,2,PENDING,0,GBP
18204790-c037-47f0-baa7-a7c867558d32,db64e91f-5da8-4e31-85fb-f7d2bffa2289,447739961442,2026-01-19 07:20:25.000,2,SUCCESS,3.49,GBP
858a8a83-a7e2-499d-a37a-fe0a677953c4,c1ed949d-e8aa-45c2-a329-f45832e1453c,447752657439,2026-01-19 07:50:46.000,2,SUCCESS,1.99,GBP
4f93cda7-b0e0-4576-9811-2a6c9c72e9d8,e17efff0-718e-4f53-8482-12bccf82dd4b,447742605611,2026-01-19 07:51:16.000,1,SUCCESS,0,GBP
9843f52b-ab36-43f9-ae28-b84c08efb1f1,6db2b0ca-a124-43d1-8be2-f75417b8d5e8,447722341047,2026-01-19 08:39:59.000,1,FAILED,0,GBP
f272dffc-36d6-4315-ad35-7fe511ce1bab,9f57ee1e-93a5-4b16-96c4-31102506c5e5,447786236284,2026-01-19 09:03:17.000,2,SUCCESS,2.49,GBP
a6bfc8e3-a67f-4714-afb9-51ca8125b473,dfe5599a-da05-4cc4-8ad4-63963ddff985,447722961766,2026-01-19 09:09:20.000,2,SUCCESS,3.49,GBP
352ef818-fdf6-4ec0-8679-4c0761c38eeb,dfe5599a-da05-4cc4-8ad4-63963ddff985,447722961766,2026-01-19 09:09:43.000,1,SUCCESS,0,GBP
b037f291-aa17-4c9f-96f7-2026a6562337,4498200d-7172-447c-9637-7ff864d8d832,447749155421,2026-01-19 09:13:35.000,1,SUCCESS,0,GBP
89331a53-73cf-46bd-8473-6c14468110dc,34f8924e-bdaf-44d7-842c-39eeac34c981,447743130287,2026-01-19 09:40:51.000,2,FAILED,0,GBP
6ac70766-d11b-4ced-b326-829bf068b737,74dbe527-bace-4b29-b79d-ebf262faca42,447760264249,2026-01-19 09:50:23.000,2,SUCCESS,2.99,GBP
93d4f112-3165-4606-a39c-9fb636915f92,ba08fae9-1650-4533-a9be-1ed60b81ccab,447762578744,2026-01-19 10:21:48.000,3,SUCCESS,0,GBP
b971ff58-d0b1-4c37-9718-618e100dc33f,9f009670-5399-4f9e-9014-ded96d8f3848,447788114590,2026-01-19 10:46:56.000,2,SUCCESS,1.99,GBP
1de63cda-821e-434d-a70b-a949bc559f80,ecc58932-cdb2-4714-ba26-ccaa490cd2f8,447766178331,2026-01-19 10:53:21.000,2,SUCCESS,2.49,GBP
9a060e2a-c6af-4fc5-8ee2-9400f8564885,e4b232fd-20d1-4895-b35a-c12414d201ec,447729814382,2026-01-19 11:18:00.000,1,PENDING,0,GBP
c8c5ee70-233f-4ca8-bb0a-5c435d8e3c15,370cbaa9-e08e-47cb-91eb-ae22abd20935,447735724518,2026-01-19 11:31:27.000,1,SUCCESS,0,GBP
544944db-8b7b-4976-b580-e81821bae6ae,fb253dc2-1f34-43ba-968a-a4c8a12e3d2c,447746654278,2026-01-19 11:39:29.000,1,FAILED,0,GBP
af51cdfa-8281-4a03-badc-06ccca6c71c9,ef89bc0b-7a19-40ba-af40-b92d2927cc74,447730930568,2026-01-19 11:47:25.000,2,SUCCESS,1.99,GBP
cd14fc81-1e95-470c-b33a-38ba6fdea4c4,15d2e536-073e-4416-b912-cf73680c0f44,447729045149,2026-01-19 12:02:11.000,2,SUCCESS,1.99,GBP
209d8144-5540-4baf-a646-6f096a9f313d,88fc5301-8db6-4c6c-bb42-afe9001f1c86,447707243541,2026-01-19 12:02:25.000,2,SUCCESS,3.49,GBP
c24c4a08-2ddd-42e1-abb2-ba02ccd7ec23,3b9c5669-e0d0-439a-9dd7-eec4f45d832a,447774073296,2026-01-19 12:11:13.000,2,SUCCESS,1.99,GBP
ee1cee8d-e526-481f-9ab5-c6e940cc852f,09194c65-213f-4b47-a735-d83e5d4280a8,447719218474,2026-01-19 12:26:48.000,2,SUCCESS,1.99,GBP
ec3e82a7-c37a-4fdc-9355-5df15bd09553,98fed7e1-ec25-443c-b152-ed463d8d9327,447785492898,2026-01-19 12:27:11.000,2,FAILED,0,GBP
be438e97-e520-4ac7-9ff0-682424c2299f,06b106b3-440b-4ff2-a985-e9f5283e2ec6,447711319336,2026-01-19 12:32:48.000,2,FAILED,0,GBP
fa9a31e9-323f-4857-9da6-bf99f1f9b690,c4bdeeab-9b4a-4d30-b66c-46722da04ebe,447737761076,2026-01-19 12:51:18.000,2,SUCCESS,1.99,GBP
98c5947e-1e9d-4d33-80dd-6fefb5b8262a,80187740-2805-4b48-86ac-afb410c49a73,447764308392,2026-01-19 13:19:08.000,2,SUCCESS,2.49,GBP
323eb089-2fc4-4f18-87d9-5d75e8243030,969303e6-aaf6-4298-9c28-a1f571d56dfd,447710250078,2026-01-19 13:21:55.000,2,FAILED,0,GBP
f4732092-49da-4a09-938f-9d2788aba241,c1c4dd5a-b177-48db-b360-17a11e0676d0,447792481372,2026-01-19 13:30:41.000,1,FAILED,0,GBP
869429cc-c999-4296-a577-f028254093e0,833cb882-027d-4aec-b75a-5cc6c3f6d32b,447772698101,2026-01-19 13:42:06.000,2,FAILED,0,GBP
663cca6f-cd99-49ab-b4bb-eb949b7da86b,ebf51e92-220b-4532-a91b-8d131b1ae25d,447720803423,2026-01-19 13:45:29.000,2,SUCCESS,2.49,GBP
37a65b2c-c18b-44f8-b29e-d0c65d4b8c9e,0634a4bd-05d8-43a0-9d71-dc7c90326fbc,447750724570,2026-01-19 13:55:46.000,2,PENDING,0,GBP
8b20285e-be91-4b6a-b478-23161227d62e,1617ee1e-3579-475b-99a0-6183602510ee,447760903621,2026-01-19 13:59:28.000,2,SUCCESS,1.99,GBP
b78a52e0-9caf-43ff-aa16-42940248375e,54b6d52f-c05c-4921-9e67-8c1505cb5564,447702775857,2026-01-19 14:01:21.000,2,FAILED,0,GBP
16b7c6fe-70a4-425e-99ae-1041d605dda2,13a677a8-bfc3-40b0-84d3-0d8420034e2a,447782416075,2026-01-19 14:56:52.000,2,FAILED,0,GBP
d2974d76-6e82-42e9-93d8-56d7d66d5775,efdcd704-1a13-4ef1-8928-a336a04f19d1,447704799438,2026-01-19 15:30:31.000,1,FAILED,0,GBP
a600165f-dbe2-4dd9-9453-607b85f2ded6,d9c07566-3ea8-4579-8371-eb1d8f161165,447783005306,2026-01-19 15:44:35.000,2,FAILED,0,GBP
0b61fcf8-2c9a-4776-960e-b439f2f0e6a1,239a2c69-5367-410e-866b-7128807bd9b7,447798507556,2026-01-19 16:20:18.000,2,FAILED,0,GBP
67ed7d79-17e1-4882-a7d2-ffb5ec34b60a,06be13b0-8769-42bf-9496-0ea93120c422,447715019211,2026-01-19 16:28:45.000,2,PENDING,0,GBP
c69540ff-46be-490d-bcae-88db649e6faf,6199ead5-a3b9-4295-ac8c-ff287a6ce7fa,447796907738,2026-01-19 16:29:44.000,2,SUCCESS,1.99,GBP
c23e9608-a9fa-4fe8-a6a0-a55294d5dd45,5f77acb2-a1dd-49d1-9d64-b66274b72af1,447704429834,2026-01-19 17:14:19.000,1,SUCCESS,0,GBP
89c254f0-7b41-4c2d-b52b-65259c5a6b7b,0fa22ab9-b41f-42be-95e1-57876b91534d,447793961943,2026-01-19 17:25:29.000,1,FAILED,0,GBP
0d6c1f30-3f4e-440e-b6b8-c2e1c06cb881,ecac4fd4-0383-437e-bd21-3447bb44a858,447799815660,2026-01-19 17:37:24.000,2,FAILED,0,GBP
87657028-be87-47bf-9764-d9c82ab334c8,05da25bd-af3d-4445-a167-c692a007eb15,447726919663,2026-01-19 18:13:21.000,2,SUCCESS,3.49,GBP
c6fa1b03-8291-4b81-a9db-0ebd03d8d3be,3f12a266-7185-4f2a-bb56-a2a30a398c6f,447702023451,2026-01-19 18:14:37.000,3,SUCCESS,0,GBP
09cc4339-fb4a-4048-828c-2571d6b1ab0a,11477279-6ae4-4f09-8f71-02fd9d2a4aff,447716313213,2026-01-19 19:16:13.000,2,SUCCESS,1.99,GBP
7a533ec8-d228-46b4-b694-db60396e76f2,3cc9bed1-c369-45c9-a9fc-37cfbfa55cf1,447765052916,2026-01-19 19:24:11.000,1,FAILED,0,GBP
6f817865-610a-47a9-b546-38684c3b88f2,e0c8747b-d9b9-4bcf-9073-deca5944ea21,447779868447,2026-01-19 20:35:04.000,2,SUCCESS,2.99,GBP
df451928-289f-44d0-b373-5f6f6cfc8890,e0c8747b-d9b9-4bcf-9073-deca5944ea21,447779868447,2026-01-19 20:35:44.000,1,SUCCESS,0,GBP
7e0cc890-f2ba-4464-807d-a8e4083149e8,bf95deea-8101-4611-9a28-e8c10284ace5,447706764740,2026-01-19 21:23:09.000,1,PENDING,0,GBP
7203002b-fd82-41dc-b0bd-a248f8f9cda2,24c272c8-926b-4c62-88f7-17abe04feda5,447744115338,2026-01-19 21:50:06.000,2,SUCCESS,1.99,GBP
7d10be1d-1cbf-4fd8-ac5f-967bd3531ed6,f83e1413-a783-4e4c-b5dd-f583fdee04e4,447718564779,2026-01-19 22:06:12.000,1,PENDING,0,GBP
ccf2e9ff-09b1-4bbc-836a-57d24e839cca,d95418e9-8b26-417b-8b26-af24c48b58e4,447724083680,2026-01-19 22:11:30.000,1,FAILED,0,GBP
6bcfad35-cec5-4400-a1b0-4914bf851aa5,06a8d15d-ce17-4b54-b386-1eff0d863a28,447735659479,2026-01-19 23:13:53.000,2,SUCCESS,2.99,GBP
5c74bf75-b770-4d86-bce7-25af379a8431,06a8d15d-ce17-4b54-b386-1eff0d863a28,447735659479,2026-01-19 23:14:24.000,1,SUCCESS,0,GBP
2dfdebbc-4756-41f3-8b1b-c0bf46fe31e2,e8c48ca8-cd74-4d32-86c8-38730d966a1b,447722443320,2026-01-19 23:23:34.000,1,FAILED,0,GBP
3b600ec3-1a6c-4418-9283-1c1cbd7024e9,acf48251-7e11-4ef9-af3f-0ed9eb6d5089,447782536017,2026-01-19 23:49:09.000,1,FAILED,0,GBP
ae5c4f90-05b0-41b2-baff-55f3f17876e4,e3bc30ca-909e-4efc-bbac-1d1770e034ba,447730922596,2026-01-19 23:53:19.000,1,SUCCESS,0,GBP
aa9912da-defe-4bb7-9345-47b889479ac8,387b8b48-eba3-413c-9586-c2d214fda0d3,447781865233,2026-01-19 23:55:31.000,2,SUCCESS,1.99,GBP
7170db2a-018c-4dd9-bad8-1568b74d97c4,ff4a88b5-91af-4ada-8a46-ddd1a6ae10f6,447710002911,2026-01-20 00:05:32.000,2,FAILED,0,GBP
8b6a10f5-1a53-48a6-9c5a-a95aefb63403,f0bbac47-3086-4f43-8a95-bb43af141bd2,447744931923,2026-01-20 00:18:48.000,2,FAILED,0,GBP
22d2f752-d7fd-41d6-bcf9-2e1ba541c57b,906765e4-2d67-49c4-a48e-907055fb712a,447739236250,2026-01-20 01:42:00.000,2,PENDING,0,GBP
a7a1cfa2-2ab1-4f63-87be-01662d7da7cb,49c9ccfd-62e9-4caf-a5a8-69bc4bfec21c,447754631351,2026-01-20 02:40:10.000,1,FAILED,0,GBP
9116a5c9-982b-4e76-8691-666ff410ab93,8a75cc03-976c-4597-aa55-77e8a323d4a3,447715842797,2026-01-20 02:52:42.000,2,SUCCESS,1.99,GBP
1fab7c30-e168-415a-8ed9-be8d9d7dd7fe,f90d1cf5-65b1-439e-87b4-03134302a2b9,447726510771,2026-01-20 02:53:28.000,2,FAILED,0,GBP
de03f303-9e89-4be8-a7a3-0c675127b0d1,c0284051-bd8f-45a2-8a45-695308e29fd5,447750683363,2026-01-20 04:43:29.000,1,SUCCESS,0,GBP
0142a2b7-a299-4ff3-8575-54637ad46628,e407099e-acb3-4f4f-a7d5-46f483465612,447792421402,2026-01-20 05:10:16.000,1,FAILED,0,GBP
e0be78a2-a955-49fe-b14b-7e362748d476,604ab613-33f1-4749-9734-2174d2d8b27c,447755302565,2026-01-20 05:16:45.000,1,FAILED,0,GBP
04ebcc4f-464f-4358-8f5b-bd1c4941831d,7cc55bdb-3819-4b7b-a415-fc8f2795cf9a,447777062082,2026-01-20 05:17:11.000,2,FAILED,0,GBP
f627367b-32e3-4981-af30-beb0da08e88a,29868b69-bd65-4d4a-83ea-13d729ba1280,447733741760,2026-01-20 05:40:36.000,2,PENDING,0,GBP
34268d74-5c73-4532-8c9f-c1c1174d19bf,a22d1677-3905-42c0-8a47-9bf9ba7e8a87,447731364094,2026-01-20 05:42:53.000,1,FAILED,0,GBP
5a9460d8-d24e-4bb7-a822-8d1fb764de19,ffb9344b-11fb-41e4-becd-cdaa45a3d7f7,447775625875,2026-01-20 05:48:30.000,2,FAILED,0,GBP
132c9ef7-8e7e-41c6-9e61-fe379eb2078c,1bdb6e69-f181-40d2-937f-d5a62cf0cfb7,447774240094,2026-01-20 05:49:57.000,1,SUCCESS,0,GBP
fd7dcee2-aad7-4894-b702-85f81a304bb9,06f7afae-5365-4098-9e86-4799c3b7d4e5,447770310710,2026-01-20 05:53:45.000,2,FAILED,0,GBP
c930e705-bb62-4742-b4ca-f47b9807e909,c80f85de-0a6a-4afd-afe0-d5cdeb1f6b12,447751408730,2026-01-20 06:09:14.000,1,FAILED,0,GBP
4f80468c-1343-4d6e-aba1-722e58b1388b,7322331b-b18e-4d22-b5ff-1edb7cc70c6e,447758190973,2026-01-20 06:34:41.000,2,FAILED,0,GBP
fc84ed64-6b9b-42d5-ae49-5b2161fc362f,00995346-572b-45ab-a194-ab37f54991a0,447715172216,2026-01-20 06:35:23.000,1,FAILED,0,GBP
cdf14b40-3679-4195-b99b-9728c9d5f934,ba8bedd6-f663-41fa-a55e-9d5a4ab7ca69,447773983072,2026-01-20 07:00:12.000,2,FAILED,0,GBP
c5d24b7e-aa10-4cb9-8814-623bb9946155,fdf1d23a-e4c7-42a3-bfbb-a4f279e68703,447760692607,2026-01-20 07:05:19.000,2,FAILED,0,GBP
70e54520-d6a3-4531-b336-120ed2665ba1,dc5db847-dfbc-4c12-8d5b-ac5e0e96e4d3,447790193045,2026-01-20 07:08:12.000,1,SUCCESS,0,GBP
5f52002a-b486-4bdd-831a-7c70db48b05d,753a4986-67e3-4e0d-9ab2-9b1dd764328c,447770910930,2026-01-20 07:13:43.000,2,FAILED,0,GBP
24dba899-cd1d-48f3-b0cf-f2bb39a015e8,69d5cc51-76f2-49d7-b0f0-edb9d3d8fab2,447728435888,2026-01-20 07:36:21.000,1,FAILED,0,GBP
8ee49395-ee62-4ecf-bb2f-fdb1259c7575,4ee22c91-b452-4595-b04a-64f38074f9f4,447715187368,2026-01-20 07:44:54.000,2,PENDING,0,GBP
ada94cc8-1bbb-4a41-882a-ef23a0d24ee0,c571b1d3-c86d-48f8-bff1-b884377eaf7d,447754359652,2026-01-20 07:52:47.000,1,SUCCESS,0,GBP
84d37e1e-97a0-457b-af1f-9f73552e747d,e303f7f5-3efe-4dcf-8ff4-5ffb743a9882,447708637470,2026-01-20 07:58:36.000,1,SUCCESS,0,GBP
09fe0841-ebee-4459-b70d-da5622eed5a8,78a2c183-857f-49b4-a291-15c97887f773,447790910352,2026-01-20 08:02:50.000,1,FAILED,0,GBP
97f4ba41-dc96-4adb-ace8-a06e9334e46d,d78ddd39-9694-48a9-95fe-1ead79e832d3,447719600614,2026-01-20 08:18:48.000,1,FAILED,0,GBP
9b7278a4-ee31-4648-a92a-450ad15a9c9b,302d42b3-6e5f-48e7-9313-467b5f942eb1,447774304128,2026-01-20 08:21:32.000,2,SUCCESS,1.99,GBP
272aa675-adeb-40fd-be84-70a1323eba89,5839aad6-562c-4eb2-b5c8-dee3de1ea9ec,447759761934,2026-01-20 08:44:38.000,2,FAILED,0,GBP
bf7329ad-db21-4190-a899-75371fb29cf1,0c17332b-646e-481a-8683-f37c73bf90ab,447763645470,2026-01-20 08:44:41.000,2,SUCCESS,2.99,GBP
32d6d8f2-7bb1-46b2-99cd-d92e45812085,08579c9c-0248-402b-9d99-3d449d73bd84,447706274795,2026-01-20 08:53:04.000,2,SUCCESS,1.99,GBP
0cabcd81-0030-4473-a032-a0b28e6c8844,2148645a-f02b-49eb-add6-5397951cfec2,447713483226,2026-01-20 09:09:16.000,2,SUCCESS,1.99,GBP
d9d84924-3722-46ff-8a5d-cb23dfa07325,2148645a-f02b-49eb-add6-5397951cfec2,447713483226,2026-01-20 09:10:04.000,1,SUCCESS,0,GBP
62bb8add-7fa1-42a3-a736-11d14032e563,3b628014-f863-4e14-a666-58d199267c55,447710521724,2026-01-20 09:25:12.000,1,PENDING,0,GBP
0de01504-de8e-43af-8eb4-114e9714a768,07c4e166-611d-4a03-ad4a-39e9fbf2f43a,447724957701,2026-01-20 09:56:52.000,1,SUCCESS,0,GBP
3a75547a-d555-468d-bafa-746cf0b3ed6a,782d0b84-a14e-4e60-94c0-9129b7fa21cb,447708488223,2026-01-20 10:21:32.000,1,FAILED,0,GBP
9d256b36-33f2-4132-9562-c975072eb9fd,6fff8b78-9866-4d1d-a067-c1f0b28f9227,447701660253,2026-01-20 10:45:51.000,1,PENDING,0,GBP
88517050-a1a0-440b-96f1-441a389138c6,cd344a69-de2b-4405-aecd-5661765ed7e6,447706860120,2026-01-20 10:47:55.000,1,FAILED,0,GBP
7f32b37e-e782-452a-8161-93ba956748bd,ca6a9e3f-0419-4828-8ceb-12cfc5aca54f,447751698942,2026-01-20 11:21:28.000,2,FAILED,0,GBP
04e2739c-f689-449f-abae-a184fd781675,c84ebb7c-c0a0-4229-bfb0-6b3adb640f85,447749710339,2026-01-20 11:44:49.000,1,SUCCESS,0,GBP
c45e32b6-c0c7-4ef2-9db6-0c8bf166c926,faeb2a34-559d-47d3-96f7-f9d532a24402,447723958920,2026-01-20 11:45:40.000,1,SUCCESS,0,GBP
0d4e98c7-08ae-4e2d-a082-a5a1e736ddff,680f16c1-057c-4932-9cf2-5c60ead7fa4d,447716390567,2026-01-20 11:45:57.000,2,SUCCESS,1.99,GBP
939f6535-4446-420f-bf47-aa270620abd5,8628aefc-30bd-481d-94fb-8f898421a3a3,447715898499,2026-01-20 12:36:07.000,2,SUCCESS,1.99,GBP
97ff9a86-9805-4303-b5c6-b24c6ae59137,7eef16f4-2cce-4820-b750-4524522c4a31,447749897432,2026-01-20 12:58:09.000,1,FAILED,0,GBP
ef9040cc-7b82-48dd-a8f2-2fdd26d3a3e7,6895d066-ae21-4626-949c-b638ba0b9b20,447773335618,2026-01-20 13:41:38.000,1,PENDING,0,GBP
7aec36ef-2348-47f6-af76-7b7385688fb9,ef1c60f3-e10d-4ae7-96fd-c79f55e1b12b,447734325975,2026-01-20 13:49:36.000,2,PENDING,0,GBP
a9f16611-edce-42c2-b04e-e769d743bb4e,acd9ea15-027a-4122-a1b9-ae0566069bd7,447728850541,2026-01-20 14:05:51.000,2,FAILED,0,GBP
89f7a020-8e79-4edc-906a-d60640a560c1,2082f8a4-d6a3-48a7-a859-f8b9b11e557a,447762895999,2026-01-20 14:29:17.000,2,FAILED,0,GBP
51045abc-d167-4e49-bb2d-acde59e49cb4,2390012d-7913-417a-8d2f-702fd6a4073f,447785511771,2026-01-20 15:43:08.000,2,SUCCESS,1.99,GBP
12008f76-0329-4965-99c5-062fa61b486d,722a1a96-9a08-4f06-b96a-7a9583bda6e9,447787825935,2026-01-20 15:59:49.000,1,PENDING,0,GBP
714b969b-8305-4371-bee6-01463a6720d9,4f127579-4fbe-4a47-a92d-0dba15fdd539,447725791156,2026-01-20 16:23:10.000,2,PENDING,0,GBP
4853e7db-24b5-4555-bd23-cab156057886,e247daa5-d8b4-436a-90b6-2a85c0e1a26a,447779838913,2026-01-20 16:26:33.000,2,PENDING,0,GBP
d753e151-9894-47c4-b20d-f4b97019bfdd,e4ea4489-c44b-495f-8a58-bdfab4a6d30f,447749557546,2026-01-20 17:10:10.000,1,SUCCESS,0,GBP
07b61fd1-2536-4ae5-93b3-6e8f6778cab3,1baa3c34-ed3d-4678-ac52-918ad290e24f,447785992380,2026-01-20 17:15:44.000,2,FAILED,0,GBP
99f241f4-0340-426d-9eab-6d1044bb7429,490360a8-fb0a-470d-9317-280e63d2d196,447704288189,2026-01-20 17:26:59.000,2,FAILED,0,GBP
c5a9c480-b4ae-479e-81dd-9acbac2ab422,bff0692b-2080-477c-9200-10156a49b9d6,447759164829,2026-01-20 17:29:43.000,2,SUCCESS,2.99,GBP
1d8f5c83-d677-4a56-a5e0-b2ca6bf23e61,f2702180-5d97-4738-a7bc-150243de591e,447715699798,2026-01-20 17:33:03.000,1,SUCCESS,0,GBP
8804c9ed-6b37-4af0-a1d3-ce5b7b0b30c5,1aae3fb5-89c4-4188-914f-5a8806f61174,447717028262,2026-01-20 18:14:27.000,2,PENDING,0,GBP
b01340ba-391c-4ab2-9afc-fd566d2558df,07c412a0-e5e3-4362-8352-573671eb2813,447716687505,2026-01-20 18:15:13.000,2,SUCCESS,2.49,GBP
c76c35bd-267b-4513-9b4e-e15d876986de,b632d72c-71d7-4fb0-9ac0-3350bf85e1ee,447756033448,2026-01-20 18:56:53.000,1,FAILED,0,GBP
48cd7ce7-b756-4e85-8dcc-b057e523b7ba,9c853b2f-8656-4fa6-a9ba-3f7cdcc20ddf,447773502838,2026-01-20 19:01:30.000,1,PENDING,0,GBP
50f8d837-717f-4cae-8645-189dcd02b620,e0ad16d8-9e9e-4cc9-a19d-1c79370d27b0,447711709677,2026-01-20 19:17:20.000,1,SUCCESS,0,GBP
aa746403-1830-47c8-8abf-a2e6f4c02d19,1acc8394-6ef3-48ca-bcbb-a27843e749d2,447711284547,2026-01-20 19:22:51.000,2,PENDING,0,GBP
fb5a66be-0f5d-44f1-ac41-4567d7ebdc4c,94b4a586-39e7-42a4-9ee9-0764e53ca5b2,447758135602,2026-01-20 19:49:47.000,2,SUCCESS,2.99,GBP
6d53dae0-6f3f-428f-ba34-30cc7db9c71f,ebd67383-a5dc-4038-b653-af7298373fef,447717409287,2026-01-20 20:06:34.000,2,FAILED,0,GBP
33a4d08f-da8f-42a4-9586-d97a8d35feff,461b5f3a-254e-4330-bef0-4b96c07db5c0,447750968846,2026-01-20 20:52:30.000,2,FAILED,0,GBP
2ac2ebc0-df26-419c-96c6-59f44a297ae2,f90105c0-3188-4d57-beef-e32a4c71fa57,447737807962,2026-01-20 21:43:57.000,2,SUCCESS,3.49,GBP
3e5d38fe-5377-449e-8b64-ec1fb46dc592,1fc146a5-a242-4aa0-97b1-42dbb306b094,447757775504,2026-01-20 22:39:24.000,2,SUCCESS,2.49,GBP
37389bfe-29af-4894-b95f-f69deef4388f,0fd53a1d-9b7e-4b35-bcd5-ec18544761bc,447718902357,2026-01-20 23:42:19.000,2,FAILED,0,GBP
e182e50c-5e10-4dad-ae56-8794ff62f86f,684b4c78-a3d6-4421-8fc1-a273d47bd60c,447773738030,2026-01-20 23:45:09.000,1,FAILED,0,GBP
f70e0341-ce7f-4228-8d02-5d05fec9c2a6,f20e6504-1a6f-4ec4-b2f1-8ca7cd0c7bd3,447763366381,2026-01-20 23:45:32.000,2,SUCCESS,1.99,GBP
a92f55bd-5b8c-46b7-b55f-e641f93e4fda,a15e957a-cecc-46d0-a03a-f58ac4f57ecc,447754845385,2026-01-21 00:25:13.000,2,FAILED,0,GBP
987888a2-56ad-40b5-b091-4010b68f5a3e,77d5d507-1d43-43a3-aace-f078559327a9,447718357154,2026-01-21 00:25:43.000,1,PENDING,0,GBP
b852728a-c2fd-4716-8ead-153ac16caaee,daf0d2d3-84ca-4b0f-9d12-ada3bf1204fd,447747475077,2026-01-21 00:27:16.000,1,SUCCESS,0,GBP
9bd8e756-5c05-44be-b90d-c4d6f4309d0a,7deda305-d129-45d4-b6f6-5c03f6814e9c,447741033065,2026-01-21 00:27:19.000,2,SUCCESS,1.99,GBP
22981766-117e-4390-b8c3-b6ac19ae061f,7b91d26a-438c-424c-84c1-5d514660c970,447739098892,2026-01-21 00:48:41.000,2,FAILED,0,GBP
1c2733e6-f8a3-44c1-b38d-0c4a681c475f,57db8dd3-41ac-4582-87aa-f317fdd4f89e,447731752312,2026-01-21 00:59:36.000,1,SUCCESS,0,GBP
df5662e7-be0b-46b6-887f-b43cc8ed85a4,4811297f-58ed-4529-9201-f8c9bd63ddc9,447794643216,2026-01-21 01:24:34.000,2,PENDING,0,GBP
e8cf71a9-4fd4-4a2f-86a1-436bd385c73b,2aef4b2d-dc38-4f5b-9e01-48b2a4d59678,447754871233,2026-01-21 01:29:12.000,1,FAILED,0,GBP
26745326-de37-4a51-801f-41abe01ec492,362884c8-bd24-4bd9-8296-238b675aeb5b,447799281305,2026-01-21 01:54:44.000,2,PENDING,0,GBP
3b78d7f5-f9a5-45d9-b026-0e13c3737cd6,f674113c-8d7b-414c-bdce-b73c8842b7eb,447782843766,2026-01-21 02:38:02.000,2,FAILED,0,GBP
8fe2229f-04c5-4a38-84b7-65be431a4289,1bd0216e-6fd6-455e-bcd5-5cc2d04365c1,447711940949,2026-01-21 02:44:11.000,2,SUCCESS,3.49,GBP
85cbf43f-b1f7-448f-90c9-f7c74faec37e,1bd0216e-6fd6-455e-bcd5-5cc2d04365c1,447711940949,2026-01-21 02:46:10.000,1,SUCCESS,0,GBP
2a107c69-4caf-48b8-92e1-dc250e870090,06642b4f-074d-489b-b025-4858f1b6d1af,447783231066,2026-01-21 02:55:51.000,2,SUCCESS,2.49,GBP
d2c9134e-4b49-40f4-976e-b06b64816ed1,b4cbee02-cf10-4ff3-b09d-96ce82dc6282,447789947255,2026-01-21 03:29:32.000,1,FAILED,0,GBP
5bad964a-2b05-479e-a2eb-c898f2dad76f,acb74803-df2c-4c74-8258-d5455205ff48,447736365564,2026-01-21 03:36:28.000,1,SUCCESS,0,GBP
26a45cc7-4453-4763-97f2-205f0cf02a5e,8e16c420-fa1f-416f-a966-42ca914c0237,447739058572,2026-01-21 03:44:23.000,1,PENDING,0,GBP
656abddf-7e32-48c5-b9b5-435ad2acc4f7,cf60e543-ff22-41ee-9edc-2942a5bf703b,447712908675,2026-01-21 03:46:09.000,2,FAILED,0,GBP
3131bbb1-6556-4a3e-8ba4-8f6e5d6936ca,74eaa940-c7e8-4785-8223-8e0e08501b9d,447767300297,2026-01-21 04:30:26.000,1,SUCCESS,0,GBP
e3d0ec96-1703-48df-8bd6-e166f761cc31,79264adc-24db-419c-aa1f-3253ca0decd0,447767388127,2026-01-21 04:33:36.000,2,SUCCESS,1.99,GBP
f48c76ba-1002-451e-9ebf-f145b575f3db,c17a0f9d-2990-4895-8e64-1e48f9f05161,447747403988,2026-01-21 04:35:12.000,1,FAILED,0,GBP
70e31a6a-2591-4608-a88c-d5e62ab8168b,a49829fb-6187-4828-9a41-888b5ef1c62c,447707832476,2026-01-21 04:45:48.000,2,SUCCESS,2.49,GBP
b208280a-fbbf-4b8c-b20d-71a0664f3b42,5706170c-8df9-4b30-bfbe-f121cd9221ad,447757402675,2026-01-21 05:08:26.000,1,FAILED,0,GBP
2deb5960-869b-4015-acb7-a3bd8fa1f515,4521d8cc-8957-4a48-98f7-6814aa6aafb2,447790433475,2026-01-21 05:23:09.000,2,PENDING,0,GBP
03c872cb-655e-41e2-86ef-1e85cb9e08ad,a0ac225d-ffa3-423d-8372-7a8bfe5e089e,447778235177,2026-01-21 05:54:15.000,2,SUCCESS,1.99,GBP
40610647-b60d-4d17-b360-0b2ed18c9bef,af66c082-e101-4d7e-890f-609384290b3f,447795541069,2026-01-21 06:25:38.000,1,PENDING,0,GBP
ac4b75a9-e7fb-4586-8250-b5e70e38650a,9de2e5d6-7cd4-486b-bb97-ee0859fdcc52,447779816245,2026-01-21 06:34:36.000,2,SUCCESS,1.99,GBP
5eda202d-ff90-4906-bae1-311c156d29b3,e24286dd-2a70-4b0a-ba6e-9c7bb3abfa6f,447760972165,2026-01-21 06:37:53.000,2,FAILED,0,GBP
0af9ac89-c049-4a1a-af9a-f0c0537772ed,d1c93bb2-1523-4194-86bf-a23898e1a21f,447798683406,2026-01-21 06:48:09.000,2,FAILED,0,GBP
6a4b8c19-cc20-43ed-b893-b7ef7c4ca461,7bf0aaa4-cad4-4ab5-ab07-b1d26e21acdb,447734177269,2026-01-21 07:14:18.000,1,FAILED,0,GBP
4498eb77-b8d5-46a1-98b7-5632bd4f075c,be3de8f1-02a6-4fbd-a499-b1f8d7ac21e0,447727715582,2026-01-21 07:23:52.000,2,SUCCESS,2.99,GBP
e9e7eab6-8e0d-4a45-9fe4-5fdd37204c9a,2da2c600-f099-4dce-9aca-dc01624fcc5c,447734854382,2026-01-21 07:26:16.000,1,SUCCESS,0,GBP
1e846b04-2c2f-4c1a-8f2c-1a2e451b3866,ebc02fbc-dc25-4dce-aa75-964908c33dbc,447795474341,2026-01-21 07:30:34.000,3,SUCCESS,0,GBP
8a85d1e3-e332-42f1-a791-bfa2b7a7fd01,65bcf6a5-db1a-4d42-8c23-3c00eaa064fb,447706722174,2026-01-21 07:49:59.000,1,FAILED,0,GBP
37bb79f8-719e-4564-9e2e-fda4de00fff7,058e5f70-2360-4e61-acf6-c42346c8fabf,447784843358,2026-01-21 08:04:01.000,2,FAILED,0,GBP
4d27134e-ab25-4f1c-977f-4dbd7b70c2a6,ee3b2ae9-31e3-4e91-9162-2b34b59cc7d0,447792126838,2026-01-21 08:21:35.000,1,SUCCESS,0,GBP
6e84997c-3943-464d-b3c0-a8699d985d38,2b07b397-f8ac-4317-9a4e-cb9eb5fdfef2,447710203401,2026-01-21 08:25:13.000,2,SUCCESS,3.49,GBP
9f8abac3-5bf2-4328-91be-ad76c3651359,d6d8c021-27f7-4e9f-8181-cc7b4ef0821b,447719474410,2026-01-21 08:32:51.000,1,FAILED,0,GBP
a86f8eea-389a-45fc-891b-87b42690ace1,a75e5835-5a5c-48aa-b873-918d7d37eca7,447750100864,2026-01-21 08:57:14.000,2,FAILED,0,GBP
b9e0a5cf-5482-4568-8383-0eb7f4a06281,23270c1c-0ace-402f-8ac7-ef97847f9db8,447769789230,2026-01-21 09:18:32.000,2,SUCCESS,2.99,GBP
498529e6-f91c-4a61-8992-95e29c92f535,710d8b6b-5c1d-4ecd-8acd-356f6a43567c,447748536525,2026-01-21 09:25:51.000,2,FAILED,0,GBP
7727b75f-9901-4f8b-ac47-03d4bbf0c8da,159afcbf-c6ed-4e3e-bd7e-4333334b17a0,447771710632,2026-01-21 09:33:40.000,1,SUCCESS,0,GBP
2b113149-a05e-4dfb-81de-491549b138d0,2357fb37-540e-4de0-bdbd-039e96893828,447761283803,2026-01-21 10:04:18.000,2,SUCCESS,1.99,GBP
0a53b7b2-5d83-43a1-9aa7-754f72457c4d,2357fb37-540e-4de0-bdbd-039e96893828,447761283803,2026-01-21 10:05:29.000,1,SUCCESS,0,GBP
19f66c6d-0b72-475d-af18-9f3bc58b7e21,aaedb2ad-c684-4fd6-9319-083ab9447233,447744800719,2026-01-21 10:25:57.000,1,FAILED,0,GBP
8a15616b-aa58-47f1-8836-8543999488fa,9763dca7-ebfd-4f0c-8d4f-0c09893a21a4,447722555996,2026-01-21 10:28:16.000,2,PENDING,0,GBP
dee16347-a6f0-41d2-b520-f737d27861fb,ba2e3b21-cfa6-42c3-9370-cbb0e1447a9b,447710794452,2026-01-21 10:41:51.000,1,SUCCESS,0,GBP
ee99d321-9c41-4154-bc22-ee0c25905aba,aa795dac-753b-43b8-8289-a845924dce5e,447795298741,2026-01-21 10:44:20.000,2,SUCCESS,2.99,GBP
ad17e5cc-7f07-4767-a685-7784753e1b68,305a3932-9164-4b09-9337-8b25c3b8ea57,447734113274,2026-01-21 10:48:40.000,1,FAILED,0,GBP
306fbfe2-f253-400e-8c88-773dc8afde7f,3f01e91f-7ae9-49e3-abb1-54783a145891,447702507322,2026-01-21 10:58:08.000,2,PENDING,0,GBP
470aa06d-9209-4e12-8ced-58fe8f70884d,a73e75d0-b145-4957-ab42-2ac2b81c8171,447771375549,2026-01-21 10:59:28.000,2,FAILED,0,GBP
e02bf9e3-329d-4d22-9060-08d1b5f07b2c,a11fec5a-a54d-408a-8396-42fbe7f357d1,447746255550,2026-01-21 11:02:13.000,2,PENDING,0,GBP
5439024a-ae89-465a-8214-17a3d76f7804,f2675b02-a968-423e-8fc9-7179bec2a488,447708403290,2026-01-21 11:26:27.000,1,PENDING,0,GBP
6ddc3806-5cce-4832-b110-7f04fa5e1ba7,5abd9a8d-6825-45b6-8f0b-be574d013147,447703177067,2026-01-21 11:34:00.000,2,SUCCESS,1.99,GBP
6ef1cfe7-3d0f-40ca-9784-0c465b1c86fa,655cbd16-70df-42cb-a20f-94b07f60b5b5,447739650049,2026-01-21 12:07:57.000,2,FAILED,0,GBP
ea6e6088-53a8-41a5-9a3c-7ad7d3b529e5,b7265f67-a944-4b68-923b-91e8b6483c45,447743015182,2026-01-21 12:11:03.000,1,FAILED,0,GBP
c5f41d83-7aec-4191-9a2c-24110c22d0b3,77e493fe-21e8-4c3d-b76d-2ee221497f76,447745306742,2026-01-21 12:25:12.000,1,FAILED,0,GBP
752ce35e-8980-48d2-bec8-f9d6718c300c,1f83499b-cc65-486d-97ca-f458a5ef6c15,447761171240,2026-01-21 12:30:17.000,2,FAILED,0,GBP
b718fe8f-fe94-4b62-be20-590422890d64,940739bc-e3b9-485c-a436-e6c7aa65126b,447733800407,2026-01-21 12:32:34.000,2,SUCCESS,1.99,GBP
5d8783ae-29ba-4a3f-88d6-d1c2be5962b8,08376018-5eae-458a-b059-7af69feec7c6,447771807074,2026-01-21 12:42:50.000,1,SUCCESS,0,GBP
c8cf1879-aca4-4a2e-a620-3d25e4b1ac27,76ae0b8e-ab85-43a3-9d9f-5721012a4c4e,447767781562,2026-01-21 12:50:17.000,1,SUCCESS,0,GBP
2dc3c167-b0a7-45cb-90dd-3cab6cbbfa53,3c1a7e6d-e1e7-49b7-b70a-4042408fe1fe,447788415591,2026-01-21 12:54:38.000,2,SUCCESS,2.99,GBP
f409a465-aba7-49c4-acba-00cfd325f0fc,3c1a7e6d-e1e7-49b7-b70a-4042408fe1fe,447788415591,2026-01-21 12:55:25.000,1,SUCCESS,0,GBP
49b5954a-53f6-447f-92e6-9a3328f458f9,974da493-6948-4a15-a68b-e805ec6d04a2,447747158907,2026-01-21 12:57:27.000,1,SUCCESS,0,GBP
ad9af738-78e4-4d9f-bc01-ba28a2c7e878,0eda7f02-00b7-4684-b716-0c637f45922d,447785915825,2026-01-21 13:49:15.000,1,SUCCESS,0,GBP
e06511f7-9486-4feb-888f-0a60d5e0fae6,24822cd0-87f2-4ff6-8da5-9e4837a5cd1b,447735767584,2026-01-21 13:50:55.000,1,SUCCESS,0,GBP
0df3cedc-97bc-4ec7-b2d1-0c5f3f413160,cd8464e4-e5a9-4def-ae21-f49ef11e80f7,447731285674,2026-01-21 15:03:56.000,1,SUCCESS,0,GBP
6fc8a31f-32f9-415b-80ec-eadf3228bb82,d9c07566-3ea8-4579-8371-eb1d8f161165,447783005306,2026-01-21 15:04:59.000,3,SUCCESS,0,GBP
586a2cc1-05bd-4cbd-85dc-b80cbe24c670,db0083fd-272e-41a0-a79f-f510ec1c2d8a,447794571711,2026-01-21 15:19:58.000,1,SUCCESS,0,GBP
09dce234-dde2-4b94-8467-6a150c062afe,ec4b8d78-2cca-4f31-ada6-e5dc156abee1,447791828658,2026-01-21 15:35:06.000,1,SUCCESS,0,GBP
ca62f51b-442a-461e-b046-f8834956b7de,c7173249-d7e1-47c2-a458-29a7ed2d07ec,447758672300,2026-01-21 16:00:56.000,1,PENDING,0,GBP
cb73714e-57ae-45ef-9a36-dd6635e696ba,1b63439c-8747-4246-a24d-b6602b1885c2,447794264305,2026-01-21 16:03:11.000,2,PENDING,0,GBP
1ee5f592-6a4f-41c3-ac6c-ecf4ac5d09e5,ba08fae9-1650-4533-a9be-1ed60b81ccab,447762578744,2026-01-21 16:15:33.000,2,SUCCESS,1.99,GBP
f27879ff-019c-41b0-bfa6-0ddf62f9d893,5cf643f5-766d-414d-858b-babfec379cc9,447784169016,2026-01-21 16:27:15.000,2,FAILED,0,GBP
e6e51977-b359-4b14-956a-3dcb63e7d1d3,1b27b748-04ca-4c93-a494-6f2e59b8d902,447704575629,2026-01-21 16:31:13.000,2,SUCCESS,3.49,GBP
5a65c6aa-f368-45d8-ab2a-bc20ab6113e6,950b38b2-33a2-4909-a97c-fa221a5b58ba,447783509227,2026-01-21 16:56:55.000,1,PENDING,0,GBP
2aac2f17-a9c9-40cd-808f-cac05daeaab3,64adf4d2-90d6-445c-bc9b-d6ad2d19bc4a,447747716970,2026-01-21 18:12:52.000,1,SUCCESS,0,GBP
aaab506f-5475-4cad-8e4c-49d2e42bc04a,620c5854-8f8f-4a38-be85-47a37aab97ab,447712943145,2026-01-21 19:17:06.000,2,PENDING,0,GBP
2529266b-76c5-4c0d-82f1-7c75ea0b6492,72e43333-a984-4dd4-9197-522eb437f64b,447715849017,2026-01-21 19:23:13.000,2,PENDING,0,GBP
19d6e42b-e4c6-48fa-bbb8-7619a36634c7,af54e361-7256-4814-8942-4fc507a281ee,447753379605,2026-01-21 19:38:55.000,1,FAILED,0,GBP
6935c8a8-7bb5-4365-a37d-02855ac27966,65342c41-c49a-491f-bf5c-caad5ace89d5,447740489494,2026-01-21 20:34:53.000,1,SUCCESS,0,GBP
1a1667d2-dd69-4202-863d-97097d951bb5,1bbfd0a3-914f-4de9-8501-4551c5fc61a8,447760002897,2026-01-21 20:48:32.000,1,PENDING,0,GBP
85854f44-23aa-425b-af74-c1532178cb8e,7cb50602-1ecc-45ad-8adb-1fdadd6987ba,447795684931,2026-01-21 20:52:38.000,2,SUCCESS,3.49,GBP
a482da75-5098-4162-8950-ebda8ac2a4f7,a2f13ce5-b528-46ce-8b56-b7d501bf91f7,447729924542,2026-01-21 21:29:36.000,2,FAILED,0,GBP
f4bd3f3e-a1ec-45ce-8167-6c699bf06b7a,12fb05f8-0413-4a30-b267-27fbfe899572,447774502609,2026-01-21 21:55:42.000,2,FAILED,0,GBP
aa5f87d4-ebb5-4ea9-8e8c-0ff26757842f,12b1468c-e368-48bc-b9c3-33f197a89754,447767907115,2026-01-21 22:04:59.000,2,SUCCESS,2.49,GBP
132e4484-2a72-4525-8c19-d27ccfe9c2ca,0492c4b3-884d-4cc1-a69a-b4cc8d3f58c3,447741858482,2026-01-21 22:26:37.000,2,FAILED,0,GBP
11ff9819-6f80-4056-965b-aba058560c44,8812153b-4504-4db3-951b-eaa3ef7e2f6e,447772469824,2026-01-21 22:33:35.000,2,FAILED,0,GBP
8b81ee49-146b-4953-98fa-8d8815dad63b,0196611c-5080-4067-a373-414b16032cb4,447727593123,2026-01-21 23:01:27.000,2,SUCCESS,1.99,GBP
c05458f1-e828-418a-9d04-084a7e6d34a9,201f392c-31f7-46ee-a642-cfe42c1bd3b5,447779267352,2026-01-21 23:13:02.000,2,FAILED,0,GBP
d00db1c2-ef1c-41db-9ad9-68d3a6c8baa4,8714d0d8-69a0-42a7-b622-aa3ea835aec1,447756929639,2026-01-21 23:24:52.000,2,SUCCESS,1.99,GBP
f23c49c5-8a2b-4413-afef-b17dd8cadd2c,c7d04f43-ca04-4610-9dcb-3825ef182e2f,447764913872,2026-01-21 23:43:09.000,2,FAILED,0,GBP
edfd6e8a-f5f4-43e3-a96d-4478d7a87e0e,883fed07-b84b-46bd-ae91-c23d813eeb27,447768273896,2026-01-22 00:05:15.000,2,FAILED,0,GBP
8dac2724-427a-43fb-bfb8-897e8d002cdb,402f3967-1925-4e55-8ead-2e2253edca42,447711790860,2026-01-22 00:55:55.000,2,SUCCESS,3.49,GBP
89e3bc6f-de36-4281-a5db-cc09a1cb8c93,4615247b-6c21-4b82-b125-030c9db34563,447716172270,2026-01-22 01:32:07.000,2,PENDING,0,GBP
c2d3541e-401a-4750-82e7-cdc48a806753,2d52eace-c7f8-442f-8594-b82668d40312,447760215958,2026-01-22 01:32:15.000,1,SUCCESS,0,GBP
16a0ac68-a851-481c-9ec8-379bf4eeb29c,5a87a86a-c8c4-4869-a7c1-327d3e19e437,447733974167,2026-01-22 01:34:32.000,2,FAILED,0,GBP
bb3d1c19-f420-4c9b-8b0a-5fa5955bafd6,b2e1e4a7-f1ad-4f0c-8604-4f8e40755d25,447745988531,2026-01-22 01:46:53.000,2,SUCCESS,3.49,GBP
7c767550-093f-4049-b21f-1548afe50ad0,9412c75a-64f3-4291-bb68-b7ca14e012ff,447784145276,2026-01-22 02:04:10.000,2,FAILED,0,GBP
28eb0fca-8a04-4935-ad4f-7228cdef329f,90d548c6-0ab3-44c9-ae62-9eace767c482,447752380105,2026-01-22 02:20:37.000,2,SUCCESS,3.49,GBP
3219464e-ee18-4857-9afb-23e9d7225d0e,146691d6-ba52-4dc1-9793-f0bc49fbb10e,447786001570,2026-01-22 02:51:05.000,2,SUCCESS,1.99,GBP
cd8f1fe9-b9c9-46e3-a6bd-8d420422e1f1,634eb730-61fd-40ec-8280-bdb4325411ad,447738746511,2026-01-22 03:15:34.000,2,FAILED,0,GBP
3477b4ea-59da-4446-a338-4e720c23397d,4ffba109-b078-42ab-9c32-2fb38ab51667,447706781117,2026-01-22 03:39:18.000,1,FAILED,0,GBP
a8a49b90-85ef-4822-ad10-c9d2ef6b58ad,e769c98b-9873-413b-974b-0c46baa78859,447705710301,2026-01-22 03:51:55.000,1,PENDING,0,GBP
a27a5ded-6a3f-4cbc-b9f8-d37b7fa36803,e9e034d0-a10c-454f-8fc5-287397aa58f7,447737536298,2026-01-22 04:11:44.000,2,SUCCESS,2.49,GBP
4a419adb-5d02-4d42-b7a0-3a994b4eda29,c5be9220-f8d0-452b-920c-ab8062fbc52a,447718067675,2026-01-22 04:31:46.000,2,SUCCESS,2.99,GBP
d927faef-9043-47a3-8ec8-0ba92a5c2c4d,f22d6518-04d7-4ac8-9116-250f933507c5,447740783910,2026-01-22 04:32:38.000,2,FAILED,0,GBP
1d0ce209-9779-4833-bf46-55c3a81aca04,8c70fe05-2493-4aed-80d9-94c987ae2a32,447763260704,2026-01-22 04:46:57.000,2,FAILED,0,GBP
1f28f0bb-49ed-4ea4-9cba-eb2d0ea58463,7098c027-7c61-4ca0-b71a-5037525a7a7c,447764447952,2026-01-22 05:04:17.000,2,SUCCESS,2.99,GBP
444686f9-3f06-4f7b-8fac-e77b94216baf,ad6e0203-eba2-405d-a16e-eb654d25db48,447700663960,2026-01-22 05:16:55.000,2,SUCCESS,2.49,GBP
dddcd5d0-da4c-4fb5-a287-612997fc2776,0340f1cc-8f1b-42a2-a69c-e5b2a9bda717,447785026771,2026-01-22 05:26:33.000,1,SUCCESS,0,GBP
a107fd03-1c5e-4332-be97-0641bc05bb05,c499e308-f471-471c-92e0-afccf61aa25f,447752818492,2026-01-22 05:39:04.000,2,FAILED,0,GBP
d517bf0c-9ba3-4430-a3c3-ee42091bb650,c701fb63-ae9e-4437-a1e7-821f41379669,447724085250,2026-01-22 05:42:06.000,2,SUCCESS,1.99,GBP
4a289163-7597-438c-9aab-e0b52b573943,83777979-5158-41f0-8e1c-d21555ff948e,447732086812,2026-01-22 05:46:01.000,1,FAILED,0,GBP
ce321bc9-f50c-4fb8-9f91-2e60bb2d3aa9,1537370d-e557-4f5c-95d6-3552248d75da,447776438765,2026-01-22 06:02:54.000,1,SUCCESS,0,GBP
a1d34bde-159b-4a64-9e9a-0791a0a9a5f2,48099980-10cb-43d9-ae8b-042411a79f5f,447768471204,2026-01-22 06:30:31.000,2,SUCCESS,3.49,GBP
f434da23-e36a-4195-a212-901e21f5aa24,8a2db935-8d00-4863-9702-fec31408842c,447756617121,2026-01-22 06:57:15.000,2,SUCCESS,1.99,GBP
1915f5fb-4b1b-4bf6-9c50-9bb0c119ed99,492a485c-dbc8-48e3-a54e-b4026d62e1d7,447792264973,2026-01-22 07:01:14.000,2,FAILED,0,GBP
a425d743-c8f5-4155-bb6c-ac0151bbad1d,0fe98b3a-36f6-4f2c-a672-0695551a7f84,447784978875,2026-01-22 07:32:47.000,2,SUCCESS,1.99,GBP
37f9ff1c-56a8-479e-a40d-a0dca4f3525a,92974d69-d4c9-40df-810f-1b6562312ce3,447764615561,2026-01-22 07:51:44.000,1,SUCCESS,0,GBP
7bca92c2-a2d4-45f6-9e82-96bebc955e13,c589e150-aaaf-4de0-8272-bf95183eaa64,447789268443,2026-01-22 07:55:07.000,2,PENDING,0,GBP
ed7ef1eb-19e4-4ee0-9c25-5eb42af58b36,ce476fa3-7ea5-4060-912c-95e8a2541ca4,447768279733,2026-01-22 08:08:52.000,2,FAILED,0,GBP
9e198b65-5ab2-41c1-882e-c32e82dffdc9,84b6eeca-4e03-4e9e-8368-a295649eea14,447728746640,2026-01-22 08:14:19.000,1,FAILED,0,GBP
bc9d5e80-eeed-448c-9767-1bd863d04513,3c712bac-46c5-46bf-8a05-5d3e28d0cfe9,447760204171,2026-01-22 08:16:14.000,2,SUCCESS,2.99,GBP
adbedcd8-b578-48ec-bf00-14cf78dc6181,3c712bac-46c5-46bf-8a05-5d3e28d0cfe9,447760204171,2026-01-22 08:17:34.000,1,SUCCESS,0,GBP
3bd38d2e-f258-4d53-98ba-32132dfc69cc,c784002b-b121-4716-a8b0-595a735b15cd,447700193841,2026-01-22 08:35:22.000,1,FAILED,0,GBP
70a89433-bff4-4d5f-834b-60737255402a,2a768fc6-78e2-445e-952f-39ac68d61be1,447798859373,2026-01-22 09:18:40.000,2,SUCCESS,1.99,GBP
267bebed-543e-4f13-b3ff-1df361ce4d8b,b1a67b95-4efd-44c5-a5d8-9de0bff81071,447705367043,2026-01-22 10:27:23.000,2,SUCCESS,1.99,GBP
27857a06-b013-4aa1-a232-ac9821c6716e,261a077c-7b30-492d-b517-383227a79412,447749033829,2026-01-22 10:29:04.000,1,FAILED,0,GBP
97142c8e-65a2-4d1d-84ea-f639b6ef1619,84aa8c13-08bd-4ecf-a39b-b157b1d94553,447752436997,2026-01-22 10:57:43.000,1,FAILED,0,GBP
453ffbd5-f8f5-4943-8e4a-30e359d09378,db275283-b58f-4568-92e1-f91535944f43,447768612449,2026-01-22 11:04:55.000,1,FAILED,0,GBP
3f641ede-3e6f-4200-8c54-7db8be9f891b,fc435f46-15df-4d9e-b8f7-8a9cec3643d5,447701034664,2026-01-22 11:35:50.000,2,SUCCESS,1.99,GBP
bda5ed3d-94fe-4649-963d-f5f4c3a53424,e467b491-e83a-482e-a7a8-6e7fcf339e88,447754044075,2026-01-22 11:43:37.000,2,FAILED,0,GBP
1016e913-19f0-4e2a-b749-df0a511654b0,71b12e6f-7e4d-477d-bd01-f5b6ece91258,447791132930,2026-01-22 11:49:29.000,2,FAILED,0,GBP
2026dc4d-4e40-4ece-b355-228bb0dbe7a8,2d04905a-0749-4a1d-be61-24d62ad03a57,447785038842,2026-01-22 12:10:01.000,2,PENDING,0,GBP
077d5852-a4ec-41c5-aac1-401f5481f34d,72f470d6-d85b-45fe-b297-a9cc9d3c2dce,447727785275,2026-01-22 12:10:14.000,1,PENDING,0,GBP
1194a2aa-defa-4902-a6ea-383e586e1294,702ce712-a2e0-419e-99b1-a42c74c86899,447771309530,2026-01-22 12:18:46.000,1,SUCCESS,0,GBP
717398eb-c8a3-4d94-870a-4f4f9fd98b97,3f6863e1-d1be-409b-8731-c2f69ce5ae13,447714982003,2026-01-22 12:36:08.000,2,SUCCESS,1.99,GBP
9f1b3b0e-50c4-482b-b55d-b7c5cb27643f,1649ac4c-1aab-4dcf-96f3-462285033f69,447761806575,2026-01-22 12:47:36.000,2,SUCCESS,3.49,GBP
eb236567-7c50-4e96-955d-93cad758e6c5,1649ac4c-1aab-4dcf-96f3-462285033f69,447761806575,2026-01-22 12:48:31.000,1,SUCCESS,0,GBP
f6c7a3b6-73f2-404e-87ef-6a19df6c5b07,1b88ecc8-7b49-4707-86f7-e134e22eff9b,447742305442,2026-01-22 13:21:12.000,1,SUCCESS,0,GBP
eaba32b2-429d-45b0-bbaa-a68e99700ac0,746ad665-412b-4380-be58-cc04621b8188,447767419542,2026-01-22 14:09:37.000,2,SUCCESS,1.99,GBP
46bce386-f0f7-42da-aebc-2dc4e4d9e241,746ad665-412b-4380-be58-cc04621b8188,447767419542,2026-01-22 14:10:22.000,1,SUCCESS,0,GBP
e29611f8-282c-4c30-9851-2ea7850ddf47,e371b491-36bf-4f81-bdae-f24dc362a47e,447772537851,2026-01-22 14:12:01.000,2,SUCCESS,3.49,GBP
d6403b2f-34e5-4102-bf85-631afab355f1,effa34bf-e8c1-4f24-a04c-24560ff8a11d,447759701604,2026-01-22 14:17:49.000,3,SUCCESS,0,GBP
a75988bd-584c-406d-a9fe-2d4ab2718878,cf2df953-ee4a-400c-b744-7ebbd3aa35d1,447720848359,2026-01-22 14:28:59.000,2,PENDING,0,GBP
de13649f-c0fb-4367-9ac3-1b6096a02459,05c3d97f-312f-4ff2-9937-336658feda3d,447780939386,2026-01-22 14:37:35.000,1,FAILED,0,GBP
32e1f21e-de2b-421a-aacb-894436c01c00,a4798736-0bf2-42bc-bec9-898f28750468,447731215627,2026-01-22 15:06:10.000,2,SUCCESS,1.99,GBP
165f4899-1208-476a-a951-f1a5273fdbe2,2f5386f8-d81c-47d3-8b08-1351897b2ad9,447721524239,2026-01-22 15:07:54.000,2,FAILED,0,GBP
121f037a-ca5d-456c-abed-08e2ea30e7c3,0384266b-4655-48a8-9ad7-a192dd3cf80e,447770730366,2026-01-22 15:12:10.000,1,FAILED,0,GBP
ce41fb95-5989-4be3-a1f9-6ace5f4c07a6,7b57a7b1-aaae-47e5-84e8-ab9a6a7b441f,447794964891,2026-01-22 15:22:47.000,1,FAILED,0,GBP
1713cd0c-d605-40be-9b74-0e9b56210c76,bc3344b2-b60f-4874-9b45-e48785f4aae4,447771044235,2026-01-22 15:34:16.000,1,SUCCESS,0,GBP
6e3fdb00-e7e1-42ae-81b0-1a9ce6390af9,cd76d50a-e465-41a5-9d63-c5228541787c,447731625228,2026-01-22 15:49:28.000,1,SUCCESS,0,GBP
86431081-ac88-4f7c-8229-e3f0db4511b6,99f67acf-02d8-4109-888e-32616165e6f9,447758676639,2026-01-22 15:52:34.000,2,SUCCESS,3.49,GBP
732ec57f-3e73-4dac-be25-66c904d11600,a84d6538-504f-400e-ae1b-c025fad4162a,447780104974,2026-01-22 15:57:52.000,1,PENDING,0,GBP
707ac3df-c60f-4531-9e9c-4e3a6dcf6319,88703b11-1cb9-4727-958b-067f10c085a8,447738831252,2026-01-22 16:11:58.000,2,SUCCESS,1.99,GBP
f0e0ac22-616a-46f3-b7dc-ddec6701e9e9,a5b3f50b-7238-4a04-91a7-16daa09e6d11,447752963758,2026-01-22 16:54:49.000,2,SUCCESS,1.99,GBP
807abed9-3770-477b-b9cb-0da0e3e93d69,6a4f4e57-84aa-4c49-afd2-fbc51042d498,447707593764,2026-01-22 18:53:13.000,2,SUCCESS,2.49,GBP
40e2c83b-23ac-409c-81ae-5a011a0332a9,d758171b-a268-4962-8b05-43accad5de41,447785975263,2026-01-22 19:26:11.000,1,SUCCESS,0,GBP
9082ecad-308c-4a86-b751-b3ccf0225c43,58c8fde2-1724-4c04-8bc8-d721e6eadc25,447737665512,2026-01-22 19:51:41.000,1,SUCCESS,0,GBP
1f948b5f-99c6-47fd-ba91-4b19127504e3,03d59a01-3853-4953-9a96-da7c69457c39,447770887300,2026-01-22 20:03:48.000,2,FAILED,0,GBP
088ff85a-d3a4-4de6-8c3d-27907347d83f,25864208-88b9-4833-8e1d-67104dfed163,447788463964,2026-01-22 20:28:01.000,2,SUCCESS,3.49,GBP
f07cc3f7-8df4-4c69-80c4-aa439c696cb2,a9542c8b-ae25-4e8e-8ece-d569999e566e,447752059050,2026-01-22 20:43:10.000,2,SUCCESS,2.99,GBP
f2d19e61-a886-4ed8-bd9e-18c33f37d985,d557c121-f97d-492d-bd05-9cd0756bd528,447775103508,2026-01-22 20:54:15.000,2,FAILED,0,GBP
50f31868-4b58-4c59-881f-6ef903c5cb4b,51a886d8-2bb5-41a5-bc49-33efee09d164,447742777522,2026-01-22 21:00:14.000,2,SUCCESS,1.99,GBP
9c72bf8c-0417-4f2b-98ee-98b507aa4bca,6118cf78-131b-4d19-b8f0-102b95cd6579,447702877400,2026-01-22 21:16:56.000,1,PENDING,0,GBP
412554ea-29c2-43ab-ab67-87cbd9813900,9d6d7f98-1c48-44f8-8991-a3f3d1fadd5d,447767884624,2026-01-22 21:51:45.000,1,SUCCESS,0,GBP
9068b6c1-1a15-42f6-b2bd-573e2653fc65,bdca5d25-2015-4476-bccb-40c77e44e1af,447794880241,2026-01-22 21:59:02.000,1,FAILED,0,GBP
c349f008-ec69-4a24-9b4b-442bb38a72fd,32f806ff-a572-4efa-b1e2-eb03585b71b5,447736621604,2026-01-22 22:40:47.000,2,SUCCESS,1.99,GBP
1d319af2-f680-4ae2-b31f-674e12571c72,23853cad-5cc9-4db7-ba0d-c439b166d794,447703626070,2026-01-22 23:00:50.000,2,SUCCESS,2.49,GBP
97708701-0c19-4c3b-b0f2-43f916a0a5bb,461b5f3a-254e-4330-bef0-4b96c07db5c0,447750968846,2026-01-22 23:38:11.000,3,SUCCESS,0,GBP
7b41ae37-1108-45ef-93af-08036e07e7c3,f015dbb0-088b-42dc-88a0-0e19829c653e,447752655906,2026-01-22 23:56:14.000,2,FAILED,0,GBP
54cc6699-1387-4b3e-8cd0-a942c356d77a,e0623c3b-ee96-4323-bfaa-dd9ff236cdee,447736487538,2026-01-23 00:05:04.000,2,SUCCESS,3.49,GBP
0399570c-43d0-4e5e-bb46-616dff49bece,e149eb11-6e82-4d15-b40c-a7dd0c2b02e2,447776295191,2026-01-23 00:18:31.000,2,FAILED,0,GBP
c8f3ba87-9662-4920-aa29-ff0c210b9724,b5112631-bc45-4463-9904-74f3fdd5a5d7,447743853417,2026-01-23 00:22:12.000,1,FAILED,0,GBP
09bde426-ba19-43d3-a55d-5575041407ba,85128d59-e55d-4fab-b803-a3458da9261a,447765467918,2026-01-23 00:48:47.000,1,FAILED,0,GBP
c6693697-612c-47d1-a273-3ca9ab789df5,16ebf0ce-5871-4dc4-a796-f5864b6a8864,447743163522,2026-01-23 00:50:44.000,2,FAILED,0,GBP
aa886b19-766d-4ad9-a8ad-8dc0bdd0ca51,fc193af3-0665-41e2-af4e-61d6d4052781,447773076631,2026-01-23 01:03:16.000,2,SUCCESS,1.99,GBP
5ec9c4b5-59d9-42f9-b3c1-43945e47b34c,ef1e85ad-9467-4bab-9b4e-861de7a894b7,447761273693,2026-01-23 01:43:08.000,1,SUCCESS,0,GBP
523d863c-a913-41f4-a03d-c02eb3a58372,49d46bcb-014a-4a82-acbf-28c7e4d3fa10,447700442636,2026-01-23 01:51:15.000,2,SUCCESS,1.99,GBP
0d472e39-caa4-4fbc-aad7-701f9bbee480,3ced7cdf-791a-442d-abbc-2b1999aa6249,447718228277,2026-01-23 01:55:26.000,2,FAILED,0,GBP
6cafc4c2-4f7d-4735-b1e1-fe4ee4c3d7ba,c725e53d-0172-4395-95f9-d25b415e5ca3,447781399503,2026-01-23 01:57:17.000,2,FAILED,0,GBP
9f82d70d-fcb9-43b1-90af-12e5f4ee8d81,ab7af143-2e96-4e7c-8947-588400103d3c,447782074103,2026-01-23 02:28:07.000,1,FAILED,0,GBP
d863fa84-9b81-4a36-833e-7b330287012c,fe8e9e47-3827-46b5-9c06-fc8ffbf0673a,447792862525,2026-01-23 03:15:57.000,1,SUCCESS,0,GBP
62aee71e-d674-401a-a27b-be3c3c6b3a85,c942d843-7057-41bb-89d0-c5fb067ef557,447707336813,2026-01-23 03:39:19.000,1,PENDING,0,GBP
e5dc8448-1d07-4c2c-9bac-7fb4cf0a5a08,18f3f23d-57fb-4cda-b159-3c1710aebd8f,447749116717,2026-01-23 04:03:43.000,2,PENDING,0,GBP
faa8aa1f-f882-4699-9477-a0ccc0805742,9626bdb4-fd4c-47ab-ad6d-d0029291f35b,447716377771,2026-01-23 04:07:08.000,2,FAILED,0,GBP
3232e4b8-e68a-46ae-a784-99c59f53fb7c,9464ff3b-c154-4b15-958c-84b7e4282cbf,447750695709,2026-01-23 04:26:12.000,2,FAILED,0,GBP
af00e8d4-7caf-4253-89ba-6e364df941df,27394f53-38b9-4b0a-afea-db7bef7ee6be,447788811079,2026-01-23 04:34:05.000,1,PENDING,0,GBP
5a20c19a-b423-44a0-84b6-dd5ebcf1701c,690326df-8717-431a-a31e-d2294a98f9c8,447734378199,2026-01-23 04:46:31.000,1,SUCCESS,0,GBP
90079be3-9040-4255-ad89-63cab200da40,c2d6b686-fdbb-44cb-9cd6-942e3b3968d6,447701608040,2026-01-23 04:59:21.000,3,SUCCESS,0,GBP
56d783fa-6e8f-4338-82b9-d10a07c669a9,cdb12b8c-5037-4c4e-b56c-bd1c5a7d9b23,447744276449,2026-01-23 05:16:32.000,2,SUCCESS,1.99,GBP
bd380175-8a92-4109-89fe-f6ee7b150798,05a52649-939e-4875-b31c-bf8ef887b862,447711191238,2026-01-23 05:28:17.000,2,FAILED,0,GBP
5e213e07-7ac3-4866-beaa-a99e2d8614ee,50368f62-1e52-45e7-9ecb-c04ccb25a233,447748416221,2026-01-23 05:45:40.000,2,FAILED,0,GBP
e8f9015a-f73f-4451-9ddd-d29e6a908288,95a16404-03e5-4318-a057-3a09694db613,447777120563,2026-01-23 06:09:08.000,2,PENDING,0,GBP
f275ade4-c3ad-45f9-a30b-64ff5a4daffb,3f12a266-7185-4f2a-bb56-a2a30a398c6f,447702023451,2026-01-23 06:33:08.000,2,SUCCESS,3.49,GBP
140166ad-bffd-49ed-91e9-3919708a883a,3f8502ec-a0d7-415a-881b-31fb8b183de0,447705475529,2026-01-23 06:55:13.000,2,SUCCESS,2.49,GBP
d645674c-f0fd-4ae4-b680-1af2d4f4b81a,e2d20cce-0e07-4594-b936-461eef902a8e,447781089799,2026-01-23 07:10:29.000,2,FAILED,0,GBP
a8ad9441-37bc-4d5d-9f9f-f8926455dee4,53efaac1-a139-4854-a261-e86fdb608bf0,447706951835,2026-01-23 07:14:51.000,1,SUCCESS,0,GBP
f00eb54b-1fc6-406f-a622-f2d8a6e5a149,87ffbfa9-9aea-4cb0-a596-7aebf393bac3,447728006974,2026-01-23 07:17:34.000,2,FAILED,0,GBP
d75517dc-fcb2-4b97-aab5-86c305b1fbaa,04c635f1-0355-48e5-9d1d-733fd2fdaf3c,447708569336,2026-01-23 08:15:08.000,2,PENDING,0,GBP
175cf4df-c80d-4078-9e61-e0a2cbee4690,16481ce6-fdb7-4434-a459-3bd6ca29cb44,447745599465,2026-01-23 08:17:24.000,2,FAILED,0,GBP
4ca8d8e3-b007-4d97-ac84-a6318206ce45,944387c5-239a-44db-bc1a-228e3bfa58ec,447762402659,2026-01-23 08:19:49.000,2,PENDING,0,GBP
b0cf02f4-ddac-4c4e-b0e7-995b381bba8a,dd732f67-d25b-49c7-a782-bddee900fabd,447792185548,2026-01-23 08:54:57.000,1,FAILED,0,GBP
777bea86-d46a-4205-8bcf-3ff2936a1130,95518e09-dc64-414a-b3ce-6857b64e5059,447719497198,2026-01-23 09:06:11.000,1,SUCCESS,0,GBP
50734d72-c982-412c-b7bd-94d9b63d06fa,86103929-ba40-410a-8539-dd01f4644f2e,447774154672,2026-01-23 09:20:16.000,1,SUCCESS,0,GBP
875e0ebe-cf50-45c5-8193-cb7138e44d12,ebc02fbc-dc25-4dce-aa75-964908c33dbc,447795474341,2026-01-23 09:23:14.000,2,FAILED,0,GBP
9dc00142-b60c-4784-a81a-e33a9dd573aa,08078e94-e0d0-46fb-b0fc-122e404c8ec7,447776632440,2026-01-23 09:34:29.000,1,SUCCESS,0,GBP
f4d22df5-5822-4f1b-bb81-f0a0fbfe9a37,85154408-b8cb-4bec-a56e-2683b21bbab4,447757427624,2026-01-23 09:58:10.000,1,SUCCESS,0,GBP
9ae374d5-948b-448a-8b81-f0f2a5fc0aa0,2a0ad89a-3a7d-41ba-9a09-8efe206541af,447768497755,2026-01-23 10:02:39.000,1,SUCCESS,0,GBP
ea33f9d6-7fac-4cca-ab3f-5eab15f66514,0d4f3bce-cd14-4cda-8a5f-484f89ca1e83,447700909924,2026-01-23 10:12:33.000,2,SUCCESS,2.49,GBP
f83b5a73-3412-48ac-9795-b11d45979704,1aadf6b5-e7ce-476e-a233-42ac2ae17453,447762639578,2026-01-23 10:20:34.000,2,SUCCESS,2.49,GBP
6bd9f537-363c-4311-aab7-08eb9f25fdcc,510e52a4-76fb-41a9-88ee-75653208d36b,447713071329,2026-01-23 10:30:13.000,2,PENDING,0,GBP
c51d909d-6f00-420f-8c10-67fa6bd3bbae,c331fb03-3227-47f9-bb0c-8ff6fe72e732,447767437735,2026-01-23 10:45:41.000,2,PENDING,0,GBP
7514ed5b-3a49-48e1-94d4-1036df6f6a4f,a9fab911-6773-43b5-b3f7-736a76f26025,447707064574,2026-01-23 10:48:09.000,1,PENDING,0,GBP
6d6f6592-f4b2-4ecd-829e-db15295a3ea1,251a2efd-a3bc-4732-b2b3-7a9fbfab2251,447748329159,2026-01-23 10:50:27.000,1,FAILED,0,GBP
01d7bd96-bc9e-4887-b8ac-efb0a04a3de5,a6b50bb1-8a25-4049-99c3-afbe7083fe41,447792266516,2026-01-23 11:33:43.000,2,SUCCESS,3.49,GBP
80c18ef7-53cb-47b3-98b1-1123f26d65e1,5b0fbddc-1159-45b7-a340-b14395864df3,447703746612,2026-01-23 12:14:48.000,2,SUCCESS,2.99,GBP
b1dd6303-c0fc-49bd-9d2b-8f2906b7c6a2,008dd6f8-9142-46d2-8c7e-6d17a094212d,447786425459,2026-01-23 12:37:48.000,2,SUCCESS,2.49,GBP
73ebcbb5-4d12-44ad-af6e-d304c178384f,a476a2a3-ddaa-4dfc-b978-0f95e17c2eae,447777106442,2026-01-23 13:04:47.000,1,FAILED,0,GBP
b2e87b06-d6ad-4b68-8bc2-f9dd9ed54441,f3b7247a-5dc5-4ebe-b695-45a90b8031ef,447799231281,2026-01-23 13:13:22.000,2,PENDING,0,GBP
c5526404-6b1b-4556-914a-4fa918579dc9,05d80484-b44d-46bd-857c-17436797f1fa,447780777690,2026-01-23 13:26:26.000,2,SUCCESS,2.99,GBP
d9f62859-83fd-41a7-831a-f650bdb26c4c,05d80484-b44d-46bd-857c-17436797f1fa,447780777690,2026-01-23 13:27:43.000,1,SUCCESS,0,GBP
7c915ccf-5934-4490-81b1-46e028851a18,07e0b444-7e1b-44b5-aa9e-ca7a682d605a,447746086149,2026-01-23 13:30:01.000,2,SUCCESS,1.99,GBP
fe977e18-7ae5-4015-a893-359f72391407,e16ff440-263d-4ee6-9400-dcef2a435687,447735748154,2026-01-23 13:40:40.000,2,SUCCESS,1.99,GBP
bd67c701-a994-47cd-951a-9c0d8a8f666e,829555a5-81eb-4d1b-896d-38c0f0f76078,447787485015,2026-01-23 14:16:12.000,1,FAILED,0,GBP
b7ae3563-3185-4898-ba52-54998b361dd7,aa7aee46-1f3c-46a0-a74e-d3c4c772239f,447730585257,2026-01-23 14:24:33.000,2,SUCCESS,2.49,GBP
0d37d639-0cc6-4225-921c-1da29bbe90a0,c2d6b686-fdbb-44cb-9cd6-942e3b3968d6,447701608040,2026-01-23 14:25:05.000,2,SUCCESS,1.99,GBP
5ee76746-2914-4354-8eca-9fa161bf251a,c9e0f409-3112-4511-bfbb-027eae9a584c,447731445855,2026-01-23 15:01:39.000,2,FAILED,0,GBP
f11c88ca-6b99-442d-a388-9caa5fb4c40d,71e066e5-6bdc-487b-b45f-f2705463f9ec,447768171248,2026-01-23 15:25:03.000,3,SUCCESS,0,GBP
66fcd104-63ff-40cc-a0e9-c65cb70a4435,dbf4f00d-2bf6-4d14-ac37-20386512d9a6,447706601108,2026-01-23 15:48:36.000,1,FAILED,0,GBP
a2106123-8134-4f41-b605-2432a24ad8a5,02360f6c-d2f7-4494-9316-936a20428ae8,447735965951,2026-01-23 15:52:42.000,2,FAILED,0,GBP
b16da4a4-9094-40b1-aa7b-4ebbad45d2cd,01585d66-d8ad-4f01-aaf1-76199feae795,447722381788,2026-01-23 16:04:19.000,2,SUCCESS,3.49,GBP
dc811ed6-eadc-47c9-afc7-ac01fff585db,73a10220-54bd-4cf3-9fe3-6183a6b867fe,447717939317,2026-01-23 16:13:03.000,1,SUCCESS,0,GBP
6647f746-8d94-4902-9cde-f9891b7f817e,4e4da081-145c-4919-99c2-6407ca3de6b3,447701753260,2026-01-23 16:28:08.000,2,SUCCESS,3.49,GBP
7dbd3ad8-3fd0-45e5-9d2b-aea0b2e7ac79,4e4da081-145c-4919-99c2-6407ca3de6b3,447701753260,2026-01-23 16:30:05.000,1,SUCCESS,0,GBP
e8628bbd-b1d8-4d87-b5bc-b9b681432f44,9b4d3714-a4da-4eab-85d8-b07d1d5df2b4,447742934943,2026-01-23 16:36:47.000,1,SUCCESS,0,GBP
c1e95ac2-8b81-464b-9005-73132fe256f4,6b4855dc-4fbb-45d8-9720-074e2065e589,447750493921,2026-01-23 16:55:43.000,2,FAILED,0,GBP
ffa69f94-81b5-40e4-87fb-bbe4ab3c19c0,6eb8a835-8f78-423a-8e9c-d4aa38ff2e04,447738269316,2026-01-23 17:22:55.000,2,PENDING,0,GBP
887ce2ea-5f71-4e99-b3bd-9411584afc17,5a35b0ab-66ee-409a-afca-282f3ea2c5b5,447773078295,2026-01-23 18:35:43.000,2,FAILED,0,GBP
a032a916-1cd1-4865-b11e-a0accf1a59be,4b5972de-82dd-47cc-9435-7dbf98bd49ca,447788662694,2026-01-23 18:43:47.000,2,FAILED,0,GBP
f74bb536-9e1c-41bb-9ba0-dcbdf83cbfae,8e436e9f-5890-4174-9230-ca9b4162ce8f,447742140430,2026-01-23 18:55:07.000,2,SUCCESS,1.99,GBP
1c5a48ea-fff0-4ca0-aca2-64d2a5a2038b,8e436e9f-5890-4174-9230-ca9b4162ce8f,447742140430,2026-01-23 18:56:33.000,1,SUCCESS,0,GBP
af100d12-2230-4ce2-beb8-baa8866db5fa,3adf5886-0c0f-4018-9648-70d5f3934fba,447780947751,2026-01-23 18:56:34.000,2,PENDING,0,GBP
d3a1df0d-022f-437a-add9-cd6f3d1beea9,45508e7f-f55d-4772-b501-6b30700f5e7c,447799182671,2026-01-23 19:40:49.000,2,SUCCESS,2.99,GBP
e431610c-e82f-4dcf-9594-e3a50cdafe6a,e6faeae4-0a90-46cd-a5d1-7c9136b1d4c7,447715362428,2026-01-23 19:44:54.000,1,PENDING,0,GBP
66df3782-9fc6-4161-bde0-c92ea3006ea0,fd6144b7-5801-4aaa-b908-3279d1a07c6a,447736386409,2026-01-23 19:49:33.000,1,PENDING,0,GBP
8e0955d5-e7a9-4210-966d-9c1f3cabd948,580a0057-f377-4000-9baa-f90f47d0a9fc,447726999473,2026-01-23 19:56:39.000,3,SUCCESS,0,GBP
6d48d464-c783-45e5-a062-c3a5cda8c275,2e5e6472-d9ad-4f28-b02e-2afc77e97146,447777145866,2026-01-23 19:57:57.000,2,PENDING,0,GBP
d8035ba0-15dd-43f5-b618-4e5ea197a779,81504b2c-5969-48ee-bce5-fe52a8defbcb,447766482219,2026-01-23 19:58:40.000,2,SUCCESS,2.99,GBP
abe921da-427c-46ef-9536-298931c5123b,cfc043a1-e448-4105-a3c6-3837c4a86184,447788290641,2026-01-23 19:59:28.000,2,SUCCESS,2.49,GBP
232373d6-555f-4387-ab09-1af859393925,ae52e201-862d-4469-8a45-c8e0b07ef30b,447753088433,2026-01-23 20:16:28.000,2,SUCCESS,2.49,GBP
17522a08-857e-414b-a896-ed61b9b565ec,a15e957a-cecc-46d0-a03a-f58ac4f57ecc,447754845385,2026-01-23 20:26:00.000,3,SUCCESS,0,GBP
245495b6-94c6-4c9d-a2b8-d5f1f0579730,c84a81be-547e-41e5-bf10-930df45dccef,447729505346,2026-01-23 20:35:10.000,1,SUCCESS,0,GBP
31c32728-c99a-4257-a1cd-017f424ca2ec,ce302f3c-d19d-477d-9b4f-ecd7ae2f3283,447757429020,2026-01-23 20:36:13.000,1,SUCCESS,0,GBP
4059a744-4d98-4827-aec3-f998946d1368,c9b7a2d8-15e8-4c90-a8a0-dad69df49142,447777496616,2026-01-23 20:42:06.000,2,SUCCESS,2.99,GBP
fa3229bf-2f13-4c17-8886-06d2fb5f238d,624e33af-06a8-4410-88ba-f46e315884cd,447773640844,2026-01-23 20:48:32.000,2,SUCCESS,2.49,GBP
94bb575c-2ed6-4c45-bff9-ec45679ad2f7,c1ff0a3c-ca26-4272-aa85-9d815a1f2820,447744983289,2026-01-23 21:00:50.000,2,FAILED,0,GBP
96436e88-6191-4657-a0f5-b71f2ca9d0b3,52fc43da-ba19-4027-ae24-cd578a932180,447782526070,2026-01-23 21:29:59.000,2,SUCCESS,3.49,GBP
4200d65c-db0c-43de-ba8a-e397eea4459a,cbea7974-6e72-44f2-beb2-b30a09af512e,447795329078,2026-01-23 21:34:04.000,2,PENDING,0,GBP
b7609110-dcaf-4742-af06-5408cd74fd0b,3c2a242c-837d-4ad1-8943-6efe578d38b7,447792912647,2026-01-23 21:53:02.000,2,PENDING,0,GBP
1315d4db-c98a-4b76-b6c5-3bf76e45b4fb,2f4b471b-5b28-420e-ae39-4dbf4cc4cd28,447726946078,2026-01-23 21:59:02.000,2,SUCCESS,1.99,GBP
31e74ce9-e94c-485e-86f7-30548a70a168,68f40838-85e4-45e1-8aa9-03c7ad79c86c,447726798070,2026-01-23 22:08:51.000,2,SUCCESS,2.99,GBP
7b2be1af-552e-4f4d-9ead-838e2de16219,68f40838-85e4-45e1-8aa9-03c7ad79c86c,447726798070,2026-01-23 22:09:09.000,1,SUCCESS,0,GBP
cc9df53d-a532-4168-94ff-867bd62cd78e,245843d7-5d13-45a9-89c2-eabc34cd4038,447725694163,2026-01-23 22:12:31.000,2,SUCCESS,2.49,GBP
41b679f2-6829-4553-9bd6-2d1443ea4162,499b6817-dc90-4c25-98f9-d0e0b04de863,447771084036,2026-01-23 22:36:27.000,2,FAILED,0,GBP
b9d6760e-48b6-4a6d-a38b-3ad998732dec,945b3909-7e1b-4178-9dca-f428a49b7edc,447799197470,2026-01-23 22:51:09.000,2,SUCCESS,1.99,GBP
a073b4f1-af7b-467f-b282-d1881876088b,a6b71ab2-0ba5-4244-829a-dfecc61c8209,447714796630,2026-01-23 23:06:56.000,1,SUCCESS,0,GBP
31c9781c-1d6c-4541-903c-a1cc6d4b49ce,8b121e67-52f9-4fc0-a9b2-ebeea9104f1d,447700525272,2026-01-23 23:17:23.000,2,PENDING,0,GBP
0e24e3c6-3892-4b9b-9ee6-c645746cabca,565e92e5-3022-4600-92aa-f120c05ce984,447757584035,2026-01-23 23:19:58.000,2,SUCCESS,1.99,GBP
8f98c48f-6b51-46f9-b89f-2fb2800b1d21,5e9158d7-e9ce-4db4-9ec9-21b1923c412a,447759957986,2026-01-23 23:53:01.000,2,PENDING,0,GBP
afa26ede-85b2-4bd0-b567-0bd7552c0c07,b1ae5c43-4813-4d67-a81e-7907090136e8,447716122249,2026-01-24 00:10:40.000,1,FAILED,0,GBP
5e4fb629-8743-4f9b-913b-d24322416ff4,d79f842c-0016-4e98-a066-60f22966764d,447791376081,2026-01-24 00:14:45.000,2,FAILED,0,GBP
331486b6-eb3c-4ce5-9fce-f9df7149520f,b86e8638-5f71-491c-8fc7-801b6b5958f3,447722492069,2026-01-24 00:31:42.000,1,SUCCESS,0,GBP
1e65b100-3c40-4b03-af1e-41906a47f582,f6d9afd0-c9d5-4845-849a-2dbc657e0ba5,447799708958,2026-01-24 00:53:45.000,2,PENDING,0,GBP
55d8a6a8-2156-4997-b8aa-88243f34b5de,577dfda6-b4aa-4955-81df-9f40a03ba212,447799425029,2026-01-24 00:59:28.000,2,SUCCESS,1.99,GBP
58a30afe-eaed-4394-bd5d-b91c4a04cb6f,577dfda6-b4aa-4955-81df-9f40a03ba212,447799425029,2026-01-24 00:59:37.000,1,SUCCESS,0,GBP
842232b2-3c88-48b2-a62f-46204172a2aa,7d1d7452-9754-48d0-a15c-6243a55536a9,447707458500,2026-01-24 01:00:31.000,1,PENDING,0,GBP
5554e842-6b07-44e0-9a51-0b95bbbd344e,c8006eb1-fe18-419a-a58d-e7d9e6013b26,447704341104,2026-01-24 01:04:02.000,2,FAILED,0,GBP
47c2ff3a-f390-4b5a-ac93-fb35f6c7be2b,7eeb1c79-0edc-4995-a8dc-6db3ca5fb3bf,447727435977,2026-01-24 01:07:32.000,2,FAILED,0,GBP
393fa040-6857-4e95-aaec-cece7b5aabd3,1a0d82a0-70d7-4420-805a-cd8f3264a7ea,447721254824,2026-01-24 01:08:06.000,2,FAILED,0,GBP
24c65679-e040-4d9c-a55e-fc1912ba98a9,aa4ded34-b2c0-46e7-adae-eda7935b9f51,447700813932,2026-01-24 01:38:34.000,1,FAILED,0,GBP
c77fcc1d-05c8-4364-b2fb-f58d6603daa1,aa5bcc4e-86e2-417f-a90b-29d2815bfdc8,447715744250,2026-01-24 02:54:53.000,2,SUCCESS,1.99,GBP
196c5531-f78d-4f75-a800-bfd75f4dd660,e28f944e-389c-4975-9e43-51254f909486,447732943134,2026-01-24 03:13:34.000,2,FAILED,0,GBP
9cab06ce-436f-4465-b21b-8e095f098ac8,593cabcf-a25a-496c-882d-e3a03e652c3d,447702693812,2026-01-24 03:16:12.000,2,SUCCESS,2.99,GBP
91186cbd-6564-44b6-acf0-43eb5c662dd5,593cabcf-a25a-496c-882d-e3a03e652c3d,447702693812,2026-01-24 03:17:12.000,1,SUCCESS,0,GBP
e6593db5-a332-4388-8c9d-7e4f701cbd5e,996b9ef8-9161-4c72-9b9e-8078b4c174e7,447735872862,2026-01-24 03:20:12.000,2,SUCCESS,1.99,GBP
c2d540ba-bf11-483e-b328-8b71eba16118,97ac32a2-ddc4-4356-9507-e79b69e57072,447710280196,2026-01-24 03:21:26.000,2,SUCCESS,2.49,GBP
b3739c0d-cf71-480a-8b36-92423a0cad66,e1d3f52e-f5c5-49a7-864f-1fb35aa90b6d,447728842423,2026-01-24 03:23:41.000,2,FAILED,0,GBP
7f6c5e3d-2e45-4802-b097-72f2d126224a,7a341fe3-f201-495d-a9ab-6e4fd5706d39,447715416017,2026-01-24 03:56:24.000,2,FAILED,0,GBP
ed8d2ab7-ff87-49e8-bc74-a9155886977d,9d90c546-06c0-4e1d-9efb-0729aa3207fa,447763776280,2026-01-24 04:21:22.000,1,SUCCESS,0,GBP
06b4ec61-d221-49f0-b843-1273941fbc9c,35e3e0bb-08ea-4bf4-bc59-38c1b4473a6a,447768025353,2026-01-24 04:34:12.000,1,SUCCESS,0,GBP
36712856-5271-4a17-b5f7-bf51e14ea247,50b4d856-c542-40b5-b016-1f02f37d0f9f,447725084301,2026-01-24 05:06:13.000,2,FAILED,0,GBP
cb0f484b-faf5-4046-ac07-7fe8abeace2b,a8da398b-b102-4c52-96ca-ce18c5b7c58c,447713718489,2026-01-24 05:26:18.000,2,FAILED,0,GBP
e8ae4c63-38aa-4267-bab4-651d6f1a7d60,54972e13-141f-40ff-aa82-7b400e0a8e43,447743874668,2026-01-24 05:31:13.000,2,FAILED,0,GBP
6380b864-2a26-46c2-83a9-938513183da7,20955c12-7adf-4f9e-a2d4-b285f2a56bb1,447728545292,2026-01-24 05:43:40.000,1,PENDING,0,GBP
afd3b767-6a63-49eb-9ffb-52e6c9d731a9,4cb60eb3-e589-47e1-b402-24ea4f3b7c1d,447762679574,2026-01-24 06:02:50.000,2,SUCCESS,2.49,GBP
46a31a0a-af3e-40c5-97b9-5fba1a9988b1,85b228b7-d934-4fc2-b81d-1a77c7066af8,447778407149,2026-01-24 06:08:06.000,2,SUCCESS,2.49,GBP
6eec87b1-4554-4d9e-8aee-903d29850391,28173dfc-1077-484e-a47a-dd59707a8bc6,447734526349,2026-01-24 06:10:08.000,1,FAILED,0,GBP
3fdb7265-3c8f-48a8-b8bc-d39fcaa25b1b,e08cc743-bc33-48b2-bb4d-789320b504db,447709205111,2026-01-24 06:13:13.000,1,FAILED,0,GBP
4d23c9ab-6cf3-4f37-8b34-b7fd444c6f9e,ba5f518d-411e-4b2e-9c49-b8a767fe4f01,447795766832,2026-01-24 06:32:15.000,1,FAILED,0,GBP
e4c9ff02-ea1d-4a16-a6d5-791a53e6825d,fde8df0e-0d6a-495f-a1f0-a4f7389cfd60,447707908324,2026-01-24 06:41:10.000,2,PENDING,0,GBP
7b38585b-74cb-437a-b72d-d268791e40e8,b99394cb-70a9-4d5d-8a12-6bf836a9dee4,447773281482,2026-01-24 07:10:53.000,2,FAILED,0,GBP
025d3206-bb83-4653-87e6-e816e7b4dcfd,162c9a65-7cea-49c1-89f0-90a50bb07783,447781086501,2026-01-24 07:12:43.000,2,FAILED,0,GBP
aedd133d-7c9c-498e-9db0-0ac82303273e,4ba9b5b2-1031-4876-a7d7-2fb36d855abc,447781366836,2026-01-24 07:27:19.000,2,FAILED,0,GBP
0aacdadf-190e-4a54-8d19-8b9f87c2038e,3644f32a-9307-4b20-9a43-60a91d2f8726,447741030729,2026-01-24 07:46:04.000,2,SUCCESS,3.49,GBP
e4059b71-151d-472f-97dc-257c19761bee,0109f587-cea6-476b-9d93-e3d7e61b134d,447747506330,2026-01-24 07:50:44.000,2,SUCCESS,3.49,GBP
3165dd82-e1cf-4355-9188-ccaa433666a1,4e9846df-ced0-49ff-af9e-177393bc7049,447736973438,2026-01-24 07:56:14.000,2,SUCCESS,1.99,GBP
9d4c0e97-c200-475f-a5fe-3589ebb79b29,1654bdd8-1733-4f6e-bd24-f01e38575f31,447788985989,2026-01-24 08:01:21.000,1,SUCCESS,0,GBP
c366bdcf-ebf4-4871-b72c-2529360da317,f916878f-0de4-4cde-b079-aa73605cb01c,447799685600,2026-01-24 08:07:27.000,2,SUCCESS,3.49,GBP
6c203958-6a6f-474e-8587-f9931e03cae8,f916878f-0de4-4cde-b079-aa73605cb01c,447799685600,2026-01-24 08:08:53.000,1,SUCCESS,0,GBP
6bcd707a-ac2d-4eba-8fbb-2805b027af4a,6204853f-da92-4c6c-b95c-c1e6c7617dfc,447759808943,2026-01-24 08:09:06.000,2,PENDING,0,GBP
d7950ec0-bd45-4796-a7ea-1b999a85db77,435648ad-45e1-415a-8720-148c5f77c730,447743483379,2026-01-24 08:21:51.000,1,SUCCESS,0,GBP
ed4ee740-6867-40b8-b9c1-93ef8229c1cc,05a52649-939e-4875-b31c-bf8ef887b862,447711191238,2026-01-24 08:37:11.000,3,SUCCESS,0,GBP
fa74e979-90be-4fc6-b63f-5b7d2de00874,1a5af0e8-a2b4-444c-90ba-014762478de7,447731383316,2026-01-24 08:39:33.000,1,FAILED,0,GBP
b594d7cb-e92a-4c56-98e8-6fff749eb4c1,6c006485-abb3-4980-9658-c213b6ab9b98,447722052667,2026-01-24 08:44:00.000,1,SUCCESS,0,GBP
121ae40d-ac2e-40ef-96c4-8140986f4a39,64a93b87-0958-4872-96b2-3030933036cb,447778840252,2026-01-24 09:07:47.000,1,SUCCESS,0,GBP
6d0ffdf7-72ca-4769-aa5b-ed9b6151e081,7d7675de-0abe-4d86-8083-b543c722f865,447712958690,2026-01-24 09:07:58.000,1,FAILED,0,GBP
be56d1c3-d29e-4f5c-b413-9d676c856070,ec730f09-a5b2-467c-9cb2-9edbf6370506,447720552542,2026-01-24 09:15:48.000,2,FAILED,0,GBP
7965b402-65e2-4847-9037-bd17c06ba6aa,091c20c5-e794-4a1d-823d-efe1d304573d,447794836698,2026-01-24 09:33:03.000,2,SUCCESS,3.49,GBP
77a348e5-e2c6-4b46-8444-a32dac3ed1f1,091c20c5-e794-4a1d-823d-efe1d304573d,447794836698,2026-01-24 09:33:48.000,1,SUCCESS,0,GBP
4a0936a3-e098-4b6d-98ff-af74803c9db0,1626024d-c4e6-47b8-91e5-02077c254f3c,447705927296,2026-01-24 09:34:29.000,2,SUCCESS,1.99,GBP
0e4bd15c-8030-4d6a-8dc8-f38e7a57aaef,858cf93e-4d1b-4ced-a449-6e0aee23d57d,447739052037,2026-01-24 09:47:06.000,2,FAILED,0,GBP
87dc03ac-0f13-4754-aef5-727ae2417a1e,4735e38d-4611-442c-b44a-ae6f0dd66c5b,447758278616,2026-01-24 10:03:33.000,1,FAILED,0,GBP
0d6c19ed-1bc8-4504-a701-75e3d472a982,1d2720ea-5e61-46f3-a3c5-6dc14868424c,447762857819,2026-01-24 10:27:39.000,2,SUCCESS,1.99,GBP
a1c4b16e-c519-40c2-8ff9-698b9ceee28a,7622f5eb-3544-4b1b-a14a-7b5ecd831690,447723264515,2026-01-24 11:09:25.000,1,SUCCESS,0,GBP
dd6cefca-ffaa-43be-93f9-a4dc57af03a9,dd00273b-a9da-4a1e-93ee-534f18f771e0,447772647704,2026-01-24 11:15:23.000,2,FAILED,0,GBP
3b1467fb-799c-47ba-96c4-bd611b106611,c3541086-aaf5-424b-b9ba-178160598aa0,447740347465,2026-01-24 11:54:45.000,2,SUCCESS,2.99,GBP
06dc5384-0afe-4db9-9a03-cd7829cca0da,c3541086-aaf5-424b-b9ba-178160598aa0,447740347465,2026-01-24 11:55:51.000,1,SUCCESS,0,GBP
3c04cb76-ee7d-4e67-b7b4-620c6e622090,c6e83eb2-3dd6-4af0-81cb-cdc9383729a0,447749152909,2026-01-24 12:12:55.000,1,FAILED,0,GBP
068b50c3-0b82-43dd-864b-22ab2e7f1a60,2aa96710-ff43-462a-ab4a-48c06daaccd5,447795358652,2026-01-24 12:28:47.000,2,FAILED,0,GBP
f1f10792-fc5a-409f-9fe7-7f448b7be7d9,8fdf1834-0973-4269-b73f-eac36bdf4592,447758470639,2026-01-24 13:02:55.000,2,SUCCESS,1.99,GBP
7bd6727b-c7f9-4aae-9c8c-367b659fb2e7,e36cb804-403b-4153-b8a3-96f63159f604,447798703803,2026-01-24 13:03:55.000,2,FAILED,0,GBP
0ec17dc9-bddb-4a34-bde6-566cf6a1619f,f9ca49f2-5bf4-4c99-93fa-7fad4756da56,447754739517,2026-01-24 13:29:26.000,2,SUCCESS,1.99,GBP
979b22e3-0939-4d5c-9e8e-9840aaf8b318,4689f07c-0818-4531-8e87-7525ba769a2d,447710506156,2026-01-24 13:35:51.000,1,SUCCESS,0,GBP
e7e6ba21-0f44-4405-86c7-617aeabbbdcf,65388ba6-773d-44f9-b5eb-e8191f078ee8,447784383577,2026-01-24 14:13:01.000,1,PENDING,0,GBP
fb941be3-5553-4175-8bd7-bb09a698581a,626cc8c5-69fc-40c5-8f6b-8a8eaa2aa240,447760944025,2026-01-24 14:13:31.000,1,FAILED,0,GBP
ac5e7c64-5962-42dc-8ff3-2603c4fd6c56,540f2f57-fec0-4c80-ae5d-3467fd1273a4,447748589119,2026-01-24 15:01:14.000,1,SUCCESS,0,GBP
85f123af-4118-447d-88d4-548d5fe22bce,18fff4e4-3c8a-4e64-b57a-55b07390fe88,447747240867,2026-01-24 15:03:54.000,1,FAILED,0,GBP
acd2bff4-d6db-42f2-bad3-ace95ab92dbb,73fce66b-5434-4a3a-be5f-72835c58d514,447764093913,2026-01-24 15:23:23.000,2,SUCCESS,3.49,GBP
fd34f6a4-a6cb-48a7-9591-7087f3c3bde5,dce37385-a4eb-4683-9fd3-c15a6f747baa,447735642793,2026-01-24 15:51:27.000,2,FAILED,0,GBP
78c60fde-40fa-4fb9-833a-0d2a43bc8b28,89253186-177e-4133-94f5-d77500cc4179,447705509949,2026-01-24 16:21:37.000,2,FAILED,0,GBP
71a1ff1a-f01c-4ef5-a08c-2ed35e3cd353,ea33e99d-e2b7-4839-bbc7-ab9beb29f925,447762075226,2026-01-24 18:06:44.000,2,FAILED,0,GBP
57f39593-8e53-475e-9b16-7f7c1c3796e5,cc1d61d1-85d9-46ca-8af7-2fbd52e3ef89,447734326924,2026-01-24 18:11:23.000,2,SUCCESS,2.49,GBP
5cfe8582-2205-4108-a6d5-b31ff967eeba,02561719-75ae-4edc-ba84-a3c81a678b57,447729996945,2026-01-24 18:25:04.000,2,SUCCESS,2.99,GBP
8f44958c-9fb0-4b44-ab4f-1373e7f747b4,02561719-75ae-4edc-ba84-a3c81a678b57,447729996945,2026-01-24 18:25:18.000,1,SUCCESS,0,GBP
ad37b2fe-cb30-4bea-a8d9-5e6ac295295f,7ac99a53-aac4-4e1e-9360-cabd9fcdcf71,447796065181,2026-01-24 18:31:50.000,1,PENDING,0,GBP
d5c6baab-ff13-4283-943f-4026f90a132d,2170f0ab-936f-47d6-8b08-8bc0a5dc05b7,447766750637,2026-01-24 18:59:17.000,2,SUCCESS,1.99,GBP
747cb7f0-0425-4c05-945f-348984d6b5c0,a9542c8b-ae25-4e8e-8ece-d569999e566e,447752059050,2026-01-24 19:15:34.000,3,SUCCESS,0,GBP
fb646898-69f3-47a9-a908-a6e8e58729fc,3cd1a3dc-c0e9-4724-9775-117c1e5af821,447714308883,2026-01-24 19:16:19.000,2,FAILED,0,GBP
ce25fa28-65d8-4816-b062-aa2bade1522e,f1eff82b-2578-46ad-9b78-8560929cb07d,447730126438,2026-01-24 19:20:20.000,2,FAILED,0,GBP
eb0a4c43-a16c-4085-8bfa-0847636315bd,b2fb435b-51dd-4a6f-b589-68d6010db6ec,447734811177,2026-01-24 19:25:33.000,1,PENDING,0,GBP
aa523be3-86ac-42c6-8d2a-d8dfbbe2552d,74de1d5a-c423-4f26-a5b8-fed055750359,447745864791,2026-01-24 19:28:28.000,1,FAILED,0,GBP
063ca6e2-d412-42f8-8f8d-198faee5a9cc,50e69285-f983-4287-83c5-177f8e2a7416,447717128090,2026-01-24 19:49:55.000,1,SUCCESS,0,GBP
7512eeef-6608-4152-ac27-8afc8e1d8757,ee486886-10b3-4831-aa0c-0784ebb1adb7,447739444065,2026-01-24 19:56:24.000,1,SUCCESS,0,GBP
bf9c02e4-e538-4204-84a3-930879b152c9,0e5a1b13-dbc2-40e5-a71f-a6d020dca07c,447742342760,2026-01-24 19:58:08.000,2,SUCCESS,1.99,GBP
27f49415-f149-4b09-8fb0-9788ae4d74dd,bca3ebbd-4743-4bd1-90c3-240c2ebeb6cd,447727979432,2026-01-24 20:21:11.000,2,FAILED,0,GBP
b266319f-a09b-43c0-92e1-42249eb0b8e1,989d748c-acb5-43c1-be74-1ebb13648498,447727924559,2026-01-24 20:23:09.000,2,SUCCESS,1.99,GBP
2df80ab7-4830-4e0a-8b54-cb03957068ff,4152745c-06dc-451e-be6e-1a60b45519f3,447711861130,2026-01-24 20:28:53.000,2,SUCCESS,3.49,GBP
b7009deb-a9f4-4adb-aeea-e672bc33c4af,d35d469f-3760-4369-845d-55f542d4d4e6,447752780352,2026-01-24 20:39:58.000,2,FAILED,0,GBP
5d7255b6-64a1-4c0c-8792-694316b0e210,8b9d9c0f-f145-4074-8480-b8a2783b86b3,447726994921,2026-01-24 20:53:51.000,2,SUCCESS,2.49,GBP
0c285fd0-7d3e-432f-8f8b-6b444fffafef,83667b6d-3c03-445e-beef-5bd357be572b,447705452312,2026-01-24 20:54:52.000,1,FAILED,0,GBP
ac8bed26-37c8-4233-837b-fab168cab226,ce21594e-912c-45da-aec0-f33481874d70,447745798510,2026-01-24 20:58:12.000,2,SUCCESS,2.49,GBP
e30feafa-5bf0-4c55-b8d4-86109350a57f,c16d91d1-5f22-4994-812a-3fc79ad60483,447713448178,2026-01-24 21:11:54.000,2,SUCCESS,1.99,GBP
125bb30c-1fa3-4172-ad7d-929a82e9cb7b,4f3cb7f9-a4c9-43f0-9c3d-76faf52b8fa2,447796141276,2026-01-24 21:23:52.000,2,SUCCESS,1.99,GBP
9e217c88-6fee-46b0-a40d-a084a6e90da6,e84e43d7-c1c7-44e8-b377-b36507179f58,447747452284,2026-01-24 22:00:07.000,2,PENDING,0,GBP
88e27f3c-a9cb-4fc3-9249-a829366a48c3,5fb209a8-70b9-41b7-aad2-27359f65e824,447728892777,2026-01-24 22:34:46.000,1,SUCCESS,0,GBP
10ec5107-504c-4397-a886-c98f70ac3438,a424a922-f6d1-4e07-9d0f-5ca9c3f3fde3,447732210817,2026-01-24 22:42:48.000,2,FAILED,0,GBP
5207f647-297b-4123-bc65-0eef4f918e3e,8c08d992-2598-463c-bff9-4f4cacfadbfa,447760024384,2026-01-24 23:06:10.000,2,FAILED,0,GBP
21349786-5c28-43fd-ba7c-8550b89d2990,7f610aed-587e-49ad-97cb-80310c468d79,447776299338,2026-01-24 23:38:51.000,1,SUCCESS,0,GBP
e374a20f-7d8c-499f-a30b-4a904514c620,95e7e3d0-fa24-469b-87bd-8459951d1dfd,447791534940,2026-01-25 00:02:40.000,1,SUCCESS,0,GBP
3cf3e67a-234a-4385-82f3-196c5886e33e,0a9109d5-36c7-48c6-be8b-ec3b1595b83c,447712219807,2026-01-25 00:11:43.000,1,SUCCESS,0,GBP
0776c73d-08d3-4842-9d77-e6693fa68d23,b5410f4a-a413-475b-8856-511af7ec91a3,447767326641,2026-01-25 00:41:41.000,1,FAILED,0,GBP
6a358803-7481-4464-b5d0-622d6b357225,c9a28ce1-611f-485b-ac69-05ced90929e3,447736048550,2026-01-25 00:42:30.000,2,SUCCESS,1.99,GBP
52c86369-e92f-4793-a484-2321d1c29897,1477fbae-8b24-4743-aaba-ae01c16e65b6,447708996280,2026-01-25 00:48:44.000,1,SUCCESS,0,GBP
a76d578a-b5d1-4204-a8f9-61a74e0b207b,5e5a8d08-a460-48ab-9bb4-5fa45f2b7c78,447761962654,2026-01-25 00:50:49.000,1,FAILED,0,GBP
df8dbb26-7f33-47a6-b628-316cec364165,f60b611e-5208-4e2a-8bcf-e1a3ef82cffa,447726971155,2026-01-25 01:08:56.000,1,SUCCESS,0,GBP
aee528fe-3551-4ff5-9111-0f8980493f92,611e2a3e-11ff-401a-a1b6-ef2d681df310,447719313775,2026-01-25 01:10:00.000,1,SUCCESS,0,GBP
9a96470e-a261-4935-80ea-7863d77a12c9,3865585f-4a98-4421-bb4c-0ca5c9d9a4e7,447725278638,2026-01-25 01:42:54.000,1,FAILED,0,GBP
df5d0b9e-0294-4506-b4bf-d3c1ae8542ee,22118cd9-bfeb-4de7-a401-eaa78daa4245,447766363342,2026-01-25 01:49:25.000,2,SUCCESS,1.99,GBP
dcbaf0c7-ea2e-45aa-8434-b02d235de454,ea3668cf-8aa2-4e20-b15c-3c9c43b6bd00,447787498378,2026-01-25 01:55:33.000,2,PENDING,0,GBP
8687f92f-c982-41be-8f4a-f3cb0e3967cc,77436eeb-cc79-4e76-9411-f34c5d326c5e,447773579784,2026-01-25 02:11:14.000,1,SUCCESS,0,GBP
96dfcc24-8c9e-4017-b89e-c0276f6b7a5c,4015ad41-4993-4740-9813-02a28eec0b99,447774028638,2026-01-25 02:24:35.000,1,SUCCESS,0,GBP
4705e7c4-0cad-4f37-b908-28e8d1633ed7,5e0d2923-4218-4808-af1c-bd51658c98f5,447789286120,2026-01-25 03:09:10.000,2,FAILED,0,GBP
f336588e-b79d-4c24-a227-608419f89572,2677d2fa-a2c4-40d6-8c69-0fdb009204da,447795989805,2026-01-25 03:16:45.000,2,PENDING,0,GBP
690a1a8b-8559-4525-9919-bb0b0085d778,f1ec35cc-7093-4936-8a62-64cd3d4cb6d5,447728599722,2026-01-25 03:29:59.000,2,FAILED,0,GBP
3e004135-3cb4-4b46-b7a7-38b5b79d6090,c39a567d-dd8e-41f3-b1df-38f27429c969,447755652271,2026-01-25 03:30:58.000,2,SUCCESS,2.49,GBP
ef9aeca0-4076-49a2-b9e3-7f356452ca3e,5e5b9048-e92e-40a7-9d97-eb751485984f,447796967928,2026-01-25 03:34:06.000,2,SUCCESS,1.99,GBP
1210d5fe-a2eb-4bb1-9adc-459bf1b0de82,2f5810ab-bc91-4d53-ba19-bd0871fa580c,447792890698,2026-01-25 03:48:18.000,1,FAILED,0,GBP
2cc3c872-6b37-486c-8344-e894e947fa98,7addcffb-97d8-481d-a403-698e80a38e02,447738303122,2026-01-25 03:58:21.000,2,SUCCESS,2.49,GBP
016bff52-1349-42bb-a544-07537938eb39,a97c4f7d-1391-4564-a3ca-68c09df1d3e3,447781675816,2026-01-25 03:59:50.000,2,SUCCESS,3.49,GBP
e7ad9844-730e-45df-8b60-61b32f2c938f,120467b4-d65e-4b79-8718-283e4dbe946e,447738820632,2026-01-25 04:22:52.000,2,FAILED,0,GBP
d94af4b0-59de-43dd-b8ca-9f8fc591b27c,c3f96fae-21a3-4d93-bf81-7201ecbbb0da,447711228230,2026-01-25 04:41:49.000,1,SUCCESS,0,GBP
05e76b40-75ed-4e41-bee0-6b5e97582034,33abbbb8-4895-46f5-abc7-907255f3e535,447723746872,2026-01-25 05:07:53.000,1,FAILED,0,GBP
153cb0d1-30f0-435b-9720-c192f077018c,36d7d90c-213e-4109-9cd8-8500258c59ef,447760623929,2026-01-25 05:12:15.000,2,SUCCESS,1.99,GBP
298833d0-b1c2-41bf-8095-d50dac325b99,5801e5eb-c7d7-45d3-ba69-fb46265ed3f7,447773675766,2026-01-25 05:15:38.000,1,SUCCESS,0,GBP
97b20dad-115f-48d7-b401-5e8a3be9b610,b7c2e6fd-b12a-415d-9dcc-128579c5ab33,447721662363,2026-01-25 05:22:00.000,2,FAILED,0,GBP
efeb0c05-45a1-41cb-a6dc-175c5033d4a3,a6441f03-5aa4-49e5-bf22-51f4f0cba7e2,447746594543,2026-01-25 05:41:30.000,1,FAILED,0,GBP
07272a61-ed42-46c8-b788-1d97a8a909f7,6f92a0ab-9361-44cc-9979-57e0b5e418b4,447792112095,2026-01-25 06:28:02.000,1,SUCCESS,0,GBP
52feaa97-d032-4d92-96cc-7dbe57bb8d80,46622cc6-8c0c-43d9-a4a6-b886ee42d6c3,447727353758,2026-01-25 06:33:32.000,1,SUCCESS,0,GBP
1a55dbd5-c3bc-4ada-bb84-21c339ae7db0,5f22efaa-96bd-4473-8415-5d8336c065fd,447762704664,2026-01-25 06:33:50.000,2,SUCCESS,1.99,GBP
6bc24f4c-8073-49b1-a794-9bb975c6e32f,31e7744e-2728-443c-a48b-6c614d8fd519,447703940437,2026-01-25 06:44:46.000,2,SUCCESS,3.49,GBP
b5bdaec4-dea3-4779-9e5c-917560b16344,54a72785-f67a-47f9-88bd-a4e4f2c47af8,447710473561,2026-01-25 07:15:27.000,2,SUCCESS,1.99,GBP
f81025cf-50c1-429c-a467-86a943923530,54a72785-f67a-47f9-88bd-a4e4f2c47af8,447710473561,2026-01-25 07:15:57.000,1,SUCCESS,0,GBP
d37a9a43-15af-4826-b51b-8787d834873b,b04a170a-c181-4ce2-8903-4ef62de19383,447791118780,2026-01-25 07:26:52.000,2,PENDING,0,GBP
e1d974b8-0ea7-4ed1-9e71-fef497d4bdc3,ac79d1b1-f62b-461a-b678-9594aa8cdc02,447712939371,2026-01-25 08:03:16.000,2,SUCCESS,2.99,GBP
52170e1d-4141-4304-9ade-c51d68bb0586,fc27a122-2b82-4c1d-ba70-922e60f544c3,447769308132,2026-01-25 08:03:25.000,2,FAILED,0,GBP
62eb6ff4-74fd-4467-8592-701634ffbc4b,9b36ed93-b2ae-4d7b-bbc8-ae0274afd2ae,447709012683,2026-01-25 08:11:45.000,2,SUCCESS,2.49,GBP
2ce9b9ba-b3a3-4923-97b8-3f865a7be5f8,7ef5f545-7560-4901-acb0-3aee3b1ff9e5,447713475156,2026-01-25 08:21:22.000,2,FAILED,0,GBP
582e3ce9-5205-493f-b02c-79a659a2a0c6,6ca87903-1524-4c7f-8ca7-2b94346f7e38,447781898083,2026-01-25 08:22:15.000,1,SUCCESS,0,GBP
b6c05e05-eee4-407f-a5b4-91bbcc19d491,d6b1127f-a570-43d9-812d-27ac3e435d01,447715770383,2026-01-25 08:55:24.000,1,FAILED,0,GBP
d50f8f92-c815-4603-af46-0425ee48e2b3,19381259-906a-4cc2-8d23-245b46919ba0,447785978957,2026-01-25 09:01:09.000,2,SUCCESS,2.49,GBP
6b080bd3-4352-4f2a-a92c-ec8b4ac9f753,29eaeb03-91da-42bc-886c-ebfacaaeacaa,447711805569,2026-01-25 09:02:32.000,2,SUCCESS,1.99,GBP
f0368096-6606-4483-81e4-4304c1ce63dd,47731477-aeae-4bbf-b8cb-cd54efa03967,447794737056,2026-01-25 09:05:55.000,2,FAILED,0,GBP
ca94c46b-c6f6-43f0-99a2-8589bc8ebf1c,05b8abcd-c986-4ae4-84d0-d6ef9b94a091,447740464134,2026-01-25 09:14:45.000,1,FAILED,0,GBP
a4146ef9-5e8c-4611-9835-bad8ef0a970c,fde48bc4-d715-461f-8eee-7d1ad85833d2,447785753337,2026-01-25 09:20:27.000,1,PENDING,0,GBP
210f92f1-6bcf-4ad9-8e12-e9d07fd36bab,d54f9dee-3212-4b6c-930e-1adea1a21a11,447785982837,2026-01-25 09:25:02.000,2,FAILED,0,GBP
0dd2b908-b15c-4594-a1ca-5a2a0f80a906,f83d0d5a-1e3a-4644-b436-c02cd3c13495,447792199525,2026-01-25 09:28:40.000,1,FAILED,0,GBP
95e2f88e-f914-4115-b975-a8a6860931cd,b3ebc2a4-1e55-485b-a2a1-2c1fd7b33314,447795090835,2026-01-25 10:31:51.000,2,SUCCESS,1.99,GBP
8aed41d7-317f-4345-9670-dc18939d121f,be6d60de-1e1b-4e56-8b10-1aff8e57732c,447779938289,2026-01-25 10:33:54.000,1,FAILED,0,GBP
01e4f89b-70a3-4e3b-b6da-dc86db7238ca,07ba46f4-5182-48a5-9704-fa88e45ab317,447768075420,2026-01-25 10:40:22.000,2,PENDING,0,GBP
2b0fa7b9-c173-4d4a-a7d5-2f4452b6cb3d,1503ae56-2810-4c23-8ac8-9b2288227672,447710065776,2026-01-25 11:05:31.000,2,PENDING,0,GBP
7d425ae6-d70b-4b04-9382-974c7303c980,e0cdc402-dac8-4430-975f-c1eba0dcbae1,447761213454,2026-01-25 11:07:24.000,1,PENDING,0,GBP
1fb45ffe-9fc4-4fa4-b0f0-32bea41998c4,91c30cc0-bf22-4823-af75-ea4f21517883,447724969585,2026-01-25 11:09:33.000,2,SUCCESS,1.99,GBP
8e6248c1-6890-4648-a464-fa3533b242f5,dc0ff33a-5d7a-4b9c-bd0c-819c888cd51d,447729689804,2026-01-25 11:41:16.000,2,FAILED,0,GBP
7b9b92d5-8ca4-42f1-a777-195acfa1ec0e,9f7c3353-8720-454d-84a2-f04b33ff8779,447766598603,2026-01-25 11:51:34.000,2,SUCCESS,2.49,GBP
1a47fa8d-63b7-49d1-8d63-43bddb02f388,4f9242f9-d20a-4afb-80ff-61b39041f8fd,447738711624,2026-01-25 11:52:12.000,1,PENDING,0,GBP
f82a3216-3e48-4c24-a9d6-6feda4b7ff82,60b052a6-d7ca-4927-b96d-d239546377c6,447743414693,2026-01-25 12:04:33.000,2,SUCCESS,2.49,GBP
38eea7bd-2207-49f7-8507-f4464a2802ac,6ccb0b91-1515-4a05-9392-df632badae52,447761209672,2026-01-25 12:05:05.000,2,PENDING,0,GBP
4935710c-f96c-4209-b14c-df538eb29a5e,ff4a88b5-91af-4ada-8a46-ddd1a6ae10f6,447710002911,2026-01-25 12:28:00.000,3,SUCCESS,0,GBP
929d8b60-208a-42f1-9408-4e31d5a64114,8b1493d9-f34e-456b-aa33-8bc126763a26,447701950793,2026-01-25 13:03:54.000,1,SUCCESS,0,GBP
165174d9-d5a1-4547-a74d-3b9930420e0c,bff45a2f-b971-4637-b539-2a1f826c1fa4,447790699168,2026-01-25 13:17:01.000,1,PENDING,0,GBP
ad01ac67-dadc-42b4-8691-101628be61fd,389cfbe7-35d9-4c0f-9695-003710b436e7,447784360589,2026-01-25 13:56:34.000,2,PENDING,0,GBP
467bc0af-bc51-4642-9ecb-d798055064fc,4bf93bb3-4e12-44cb-b744-8400e88ceb5f,447799935849,2026-01-25 14:13:42.000,2,SUCCESS,3.49,GBP
79ac8653-8190-4db8-9699-59e7b70fd672,94afea96-262b-4884-9d54-edda842f8397,447722432040,2026-01-25 14:21:39.000,1,FAILED,0,GBP
5f70a870-c1c4-4672-8ce6-ed963d17994b,a8da398b-b102-4c52-96ca-ce18c5b7c58c,447713718489,2026-01-25 14:32:20.000,3,SUCCESS,0,GBP
76645bdd-7758-4347-b4f4-d9c4555afb59,cc94daca-48d7-4b29-af93-beab94b7e249,447738238783,2026-01-25 14:40:14.000,2,SUCCESS,2.49,GBP
71505bfc-2eaa-4640-b336-90f16fc1304c,962d943e-d6d9-4104-a044-3a627e680efc,447731529216,2026-01-25 15:01:52.000,2,PENDING,0,GBP
4e8dab14-dc46-4517-ab26-ce6f8fb1af75,7d5b0045-e408-4536-af41-f1715a684996,447798594229,2026-01-25 15:08:47.000,2,FAILED,0,GBP
c852ec3d-2108-45a8-9f79-f157da02a7ec,533508d5-ac65-43e2-8d8d-c99e4d342333,447758183331,2026-01-25 15:29:25.000,1,SUCCESS,0,GBP
2621c020-96f1-48ed-954a-fb42d4da4d53,e94b842b-4c5f-4356-be62-2aa7e698f498,447706225199,2026-01-25 15:30:03.000,2,FAILED,0,GBP
bc53c0f7-1790-445b-b22b-b70174bdc798,e473a3dd-6690-49b9-8171-d4ee0b10d301,447740804903,2026-01-25 15:37:20.000,2,SUCCESS,3.49,GBP
5760a51f-85b1-4fff-addc-6ce51db172b9,528c18d4-acff-4fa4-acb2-9b3cdb1c2fb8,447786599006,2026-01-25 15:43:35.000,2,SUCCESS,3.49,GBP
4704e345-3b0b-4f73-b085-d6bc38beec6d,d6c3592c-850b-44de-99c5-041a6239b7fb,447792733627,2026-01-25 15:50:37.000,1,SUCCESS,0,GBP
d5a07cf4-b537-40d1-a938-325224cae33f,90c68d9d-851c-41da-b055-f3fa23a2a6d9,447708079346,2026-01-25 15:54:45.000,2,FAILED,0,GBP
ed6a0a95-fc3a-41c9-926a-cc59fd39c601,03506690-4ee7-4579-9958-b9b4eb99c41e,447764954699,2026-01-25 16:14:23.000,1,SUCCESS,0,GBP
4e391bd9-51d0-4297-a166-c700a284c7a6,effa34bf-e8c1-4f24-a04c-24560ff8a11d,447759701604,2026-01-25 16:31:03.000,2,PENDING,0,GBP
36285219-cc75-4579-b112-4ccd1b1734bb,96359508-bfcd-4a9b-801c-fb88b801cd40,447799189104,2026-01-25 16:36:56.000,1,FAILED,0,GBP
7170f7a6-eff9-419a-9ac6-87ac1d36072d,86c118bf-fc36-4931-a7a6-462619e568ee,447789247069,2026-01-25 17:22:10.000,2,FAILED,0,GBP
2dfd4f0b-6142-4a0f-bb68-b95e8d6de9d5,dea0407d-85a2-42c8-8651-6782d06b3c5e,447720164072,2026-01-25 17:42:32.000,1,FAILED,0,GBP
9ddbe628-c37f-4d2f-a145-3f409d3f2877,f70b4593-6d8f-4873-85b3-2a683a4c6713,447780616304,2026-01-25 17:46:11.000,2,PENDING,0,GBP
29c2aec1-7465-4b6c-9a2a-853c60de8939,d8cfb10c-5f30-4511-a252-62f049666eee,447774740530,2026-01-25 17:48:14.000,2,FAILED,0,GBP
0fcff799-1b58-4971-a47b-bbd74e708592,6f8f1697-ea4d-49bb-a9ed-6d139b7fa58c,447748312017,2026-01-25 18:01:56.000,2,SUCCESS,2.99,GBP
8ebf95b2-9fd1-4d17-a176-881b1f059a28,bd6bf4d3-d953-4a42-857d-da7f6a04e51c,447750523107,2026-01-25 18:08:01.000,2,SUCCESS,2.99,GBP
d7744175-aafb-4d4d-86d8-b08f7c7467d5,d59b0e43-1008-4262-99a3-0317baeb3d45,447761494632,2026-01-25 18:16:36.000,2,SUCCESS,3.49,GBP
18f5e71f-0f7b-4676-b94b-49bfeb301da9,7fbf761d-7e39-4373-a879-286485f14b98,447767340846,2026-01-25 18:48:32.000,2,FAILED,0,GBP
e3969fd6-9113-4fec-a606-e01c8ec0b2fd,d314d6a2-a7b8-49e5-9386-8c337f690cbb,447722082014,2026-01-25 18:54:57.000,2,FAILED,0,GBP
5427de28-26b2-4466-9043-fd0db8e4cb11,e4487b1b-8049-45be-9b1a-1bd89ea205f3,447709614197,2026-01-25 18:58:20.000,2,FAILED,0,GBP
b952a6dc-ae34-4181-9bb3-28984d2846d0,86c118bf-fc36-4931-a7a6-462619e568ee,447789247069,2026-01-25 19:30:09.000,3,SUCCESS,0,GBP
e18b2cb2-6d37-4524-b9a0-5334a3f90b7c,6e7464e3-fbc3-497b-810b-9561f9b72652,447751343139,2026-01-25 19:41:53.000,1,FAILED,0,GBP
fe6ba48e-8f90-4cd4-b9b9-de5e35ee2395,f9546f69-955d-448d-a74d-f52c707b192c,447793373725,2026-01-25 20:02:46.000,2,PENDING,0,GBP
d11aae2b-7440-47a4-93f1-4a33459688a5,b4bc7ba4-9ff1-46ac-8ce0-faee382d4cd0,447760638980,2026-01-25 20:03:15.000,2,PENDING,0,GBP
cb24c087-2aea-499d-b22e-36c0da6e6632,507aea1e-574e-41db-873f-49cfe4c556f3,447701426740,2026-01-25 20:08:05.000,2,SUCCESS,3.49,GBP
dfebed0e-4c5d-4a82-8acf-83ae0697e6cb,53e3cc77-40a6-4b8d-8ee7-ef7ad82d1d00,447754164841,2026-01-25 20:09:18.000,2,SUCCESS,2.49,GBP
50210276-0528-491e-afde-805d69eb436f,52608c51-941b-49f5-9f7d-5530eadb66c6,447702004220,2026-01-25 20:18:55.000,2,SUCCESS,2.49,GBP
8a8baf33-676d-4b20-8481-7f5e8e7e898f,10f48252-fdac-4c06-880d-98d9f54b2570,447734892124,2026-01-25 20:32:06.000,2,FAILED,0,GBP
a40f84f6-289e-4360-84e3-a709a9f665c9,51008534-5518-4d93-adc8-dc20df9d8479,447782203715,2026-01-25 20:39:30.000,2,SUCCESS,1.99,GBP
99910937-01d1-4091-8d4f-5b4e41253f63,750be2ab-b27f-4b43-83ae-2182b0e6dedd,447781427314,2026-01-25 21:10:18.000,2,SUCCESS,3.49,GBP
1973d8d2-659e-464d-abdb-b1685e15816a,5b0fbddc-1159-45b7-a340-b14395864df3,447703746612,2026-01-25 21:28:37.000,3,SUCCESS,0,GBP
e2283ea5-5496-4bd2-87e5-1e1fffa922f8,29a3e1fa-eb35-422a-88d8-ec7b13be6935,447798573193,2026-01-25 22:12:55.000,1,SUCCESS,0,GBP
d969644a-5653-4eab-9908-ecbfbcf696b3,7d2d2bd6-f493-4ad6-b7e8-a891ca862673,447718695933,2026-01-25 23:44:29.000,2,PENDING,0,GBP
81971f6f-6c20-4b0c-9c1a-78048874895d,3a38a4df-4d03-4764-8211-8b933332d78a,447700271452,2026-01-25 23:54:48.000,2,SUCCESS,2.99,GBP
23a339f4-b6ab-48c1-9ca5-a685e259d245,3a38a4df-4d03-4764-8211-8b933332d78a,447700271452,2026-01-25 23:55:19.000,1,SUCCESS,0,GBP
b11ea9e0-3a6f-4d3b-9e89-ba7902d03e61,6621ef9c-526d-4df3-b2e8-d34a4f31c723,447731694617,2026-01-26 00:00:00.000,2,SUCCESS,1.99,GBP
a5db91ae-91d4-40ae-a565-6b53983c19a3,863deb74-4d4b-4537-bcd7-0dac9d95925f,447716229275,2026-01-26 00:29:42.000,1,PENDING,0,GBP
f33c9a9a-117b-4ced-b17d-f60b768b3300,3d5d8507-7bab-4cfe-b8c0-b7252674747b,447799508960,2026-01-26 00:57:47.000,1,FAILED,0,GBP
b2cabdda-ba1e-4ec5-bc18-609cddb1a147,3307b181-5b43-4f19-bae4-aeda7c2ad656,447788772199,2026-01-26 01:00:38.000,1,SUCCESS,0,GBP
9aa0ab1c-df40-45d4-b374-18a56ba2f47a,38dc58f7-4a75-41b8-b12d-d4f3cfda13be,447752789874,2026-01-26 01:17:28.000,2,FAILED,0,GBP
9b794f6b-526b-4e8d-88d9-d8405f32d7f3,22ae0682-9318-49b7-8bf3-bfb5967b5a48,447754774501,2026-01-26 01:35:30.000,2,SUCCESS,2.49,GBP
249ef2e8-2d1b-43b6-b83c-b35f3568488f,91afbabc-16d3-4b92-8ce5-9927c7d85b1b,447737867810,2026-01-26 01:57:04.000,2,SUCCESS,1.99,GBP
d0a76fc4-191f-497a-966d-e173f249f027,a1bdc931-3a5d-4978-9218-acec036e23f4,447709645233,2026-01-26 01:59:41.000,2,SUCCESS,1.99,GBP
f2e82bec-4927-49c6-9ea1-5c00ab5bcc7b,6096cf3f-10f6-41bd-aad5-c23a11061503,447761674283,2026-01-26 02:12:22.000,2,PENDING,0,GBP
ff6eb163-36b4-4853-800c-708176e604df,7181d5db-46a3-43b9-850a-25aba86ee3f7,447758497039,2026-01-26 02:20:03.000,1,SUCCESS,0,GBP
e481063a-9198-4d66-a3f9-d0ff73e303e4,46b7846c-e543-447b-b775-04beb673eb79,447710621354,2026-01-26 02:21:19.000,2,FAILED,0,GBP
a19a83d3-87a9-4572-a77a-6cb8850f3e26,f6ad3bd8-7536-48ad-9380-f9575395a7a7,447715699871,2026-01-26 02:38:05.000,2,FAILED,0,GBP
7b02d3ea-0295-4724-967e-8992307091b6,59872cd2-6f6d-4c8d-bce6-e4db6077ce71,447769487170,2026-01-26 02:40:31.000,1,FAILED,0,GBP
4bbb23df-8886-4b21-9fdd-cf52eb019342,0872e7cb-d845-4926-8083-07bac341f872,447750390869,2026-01-26 02:48:31.000,2,FAILED,0,GBP
6218f741-a763-49a5-84dd-72376561bca1,debd2341-deb6-470b-9a34-a70a32816452,447709273745,2026-01-26 03:19:53.000,2,PENDING,0,GBP
79efe2af-f900-4f83-99f9-284b9f024502,b72bcdfe-86e3-4532-9657-9be28616bcd6,447724180247,2026-01-26 03:30:16.000,2,SUCCESS,2.99,GBP
7e6de822-4ce7-47df-b12c-ebdd3885b91f,6f124371-0262-4f14-8760-f8635082bdb6,447742674367,2026-01-26 03:44:04.000,2,FAILED,0,GBP
003a8b79-8269-4fb8-8365-26978aa7b79e,a3a1defb-daab-4ca9-831c-40be5b9d43b9,447767186586,2026-01-26 03:46:59.000,1,FAILED,0,GBP
d3d39e7a-22e3-4e83-a6c3-19c265fcbcda,2af2a6bc-e759-4ff5-ba6b-12e6e1c4a8b0,447773559266,2026-01-26 04:09:35.000,2,PENDING,0,GBP
e2d40353-e803-4735-b804-7a9a03a1f39a,ad5e337e-5163-46ff-b876-e6a65c7dc23e,447734951912,2026-01-26 04:30:42.000,2,SUCCESS,2.99,GBP
73c4dbc6-e121-4d05-b36b-fd4e050349d0,7b92fdc8-fbd9-4a68-8183-d2fed3bcdb5b,447737522515,2026-01-26 04:37:12.000,2,SUCCESS,2.49,GBP
94082653-2953-4c19-b3f8-8158ed11e07e,bf702cab-2450-434a-a84f-6db2720562e1,447725381645,2026-01-26 05:06:27.000,2,SUCCESS,2.99,GBP
dc219aa0-2451-4358-81dd-88a8cfcd7a2b,e54a1674-821c-472a-a072-2070afe0a389,447717006374,2026-01-26 05:23:01.000,2,FAILED,0,GBP
37e42cf7-629f-437d-96e4-399bcf70c5b9,4cc4ddbf-1068-4b2b-afd9-6c64472ec873,447795471270,2026-01-26 05:32:35.000,2,FAILED,0,GBP
cac1c737-6646-47f1-ac08-76e9772fcc96,b7b8cca4-4627-407c-abd8-01f0dd8a3281,447763040981,2026-01-26 05:34:11.000,2,SUCCESS,3.49,GBP
f7954820-ada8-4206-bec8-f5a0211eaa21,00e33deb-f50a-4c89-bf42-bf8f14b4a744,447722925532,2026-01-26 05:35:43.000,1,FAILED,0,GBP
d5b34f5c-1732-4b2b-8af7-cd9bcba78e93,5d177ec4-ee8c-40de-a4de-dbe2ed94083a,447773301442,2026-01-26 05:56:24.000,2,FAILED,0,GBP
2d2961d0-58d1-4677-aa0f-9417a28bbf2e,45508e7f-f55d-4772-b501-6b30700f5e7c,447799182671,2026-01-26 06:25:22.000,3,SUCCESS,0,GBP
0c29de58-e595-4a67-af58-245fa499f2e2,db64e91f-5da8-4e31-85fb-f7d2bffa2289,447739961442,2026-01-26 06:33:54.000,2,PENDING,0,GBP
35ab6ca9-8a3a-4ac3-a064-117ff22dd907,58c54e6d-eb2e-4065-bf42-986420c1f456,447754943231,2026-01-26 06:34:44.000,2,FAILED,0,GBP
d64e328f-ff5e-4f9b-a298-dfe3a8e79208,7b926ccc-3826-40e4-ad24-76bcd05c5af5,447724007783,2026-01-26 07:01:10.000,1,FAILED,0,GBP
f939fd99-dbee-4e42-b5e4-effafb63b9f9,fcd95575-fade-4775-98b2-e667cc467585,447731224912,2026-01-26 07:36:53.000,2,SUCCESS,1.99,GBP
53db7bd6-3fb1-49a8-bf3a-46c2efedeeda,036218b5-a0ea-43d1-84be-a3acd12e35cb,447765768647,2026-01-26 08:19:43.000,1,SUCCESS,0,GBP
d8721e12-7266-450a-963f-d887c4688c37,8ba971a1-fa78-44c7-b816-f69a4568a103,447740937767,2026-01-26 08:22:50.000,3,SUCCESS,0,GBP
b43ff4fd-2964-4855-9f83-4a6b05d1a8d1,4498200d-7172-447c-9637-7ff864d8d832,447749155421,2026-01-26 08:24:00.000,2,SUCCESS,2.99,GBP
d462904a-b6cc-435c-ad8c-9229ff13bea7,c4e2db12-e3ca-47ee-ade0-9882dd944cad,447721305169,2026-01-26 08:37:10.000,1,FAILED,0,GBP
8506edf4-755e-4113-a659-b0e391a9734b,e17efff0-718e-4f53-8482-12bccf82dd4b,447742605611,2026-01-26 08:48:29.000,2,SUCCESS,2.99,GBP
18d9fd73-a111-47d3-ba26-15da0115114e,97d81fe7-ed2f-429a-b6ec-1e9903cc0549,447717264174,2026-01-26 09:47:34.000,2,FAILED,0,GBP
13223a51-0500-46c6-967b-be3cb6ea050e,dfe5599a-da05-4cc4-8ad4-63963ddff985,447722961766,2026-01-26 09:57:50.000,2,SUCCESS,3.49,GBP
5ccd2609-4807-4cb2-8437-0f1f59071cb4,500f7be0-d468-48df-aceb-71858343db89,447703377210,2026-01-26 10:31:04.000,2,FAILED,0,GBP
45d27ed2-1e50-47d0-af03-90f74f3053d9,88fc5301-8db6-4c6c-bb42-afe9001f1c86,447707243541,2026-01-26 10:45:14.000,2,FAILED,0,GBP
f1518030-76d3-4001-a744-01cd6393814b,a3b0b911-8ebc-4687-baca-3a4a187f8958,447715920961,2026-01-26 10:49:21.000,1,FAILED,0,GBP
194a2a88-2d26-4776-bcc7-e0caef2f3434,ef89bc0b-7a19-40ba-af40-b92d2927cc74,447730930568,2026-01-26 10:58:19.000,2,PENDING,0,GBP
31765998-818c-4df0-b91c-ac7be54dd0c8,15d2e536-073e-4416-b912-cf73680c0f44,447729045149,2026-01-26 11:19:13.000,2,FAILED,0,GBP
17079906-2825-434e-a0f3-09d4f4e9d36b,34f8924e-bdaf-44d7-842c-39eeac34c981,447743130287,2026-01-26 11:29:39.000,2,SUCCESS,1.99,GBP
d8a996d1-a52d-49f5-886a-414f7a3f170b,370cbaa9-e08e-47cb-91eb-ae22abd20935,447735724518,2026-01-26 12:13:54.000,2,SUCCESS,1.99,GBP
53e374db-1148-41c1-9be5-008dcf399b9a,713a1f0b-cd8b-440d-b248-8d752041381e,447745423845,2026-01-26 12:50:02.000,2,FAILED,0,GBP
56684572-fef2-4f3a-ad29-e440daf2e1d4,d0379dc6-0be5-46e6-aebf-4bfe418fb30b,447713212915,2026-01-26 13:15:39.000,2,SUCCESS,2.49,GBP
0cbd1f1c-5abe-461d-abdf-e330bc0707a1,c4bdeeab-9b4a-4d30-b66c-46722da04ebe,447737761076,2026-01-26 13:16:57.000,2,SUCCESS,1.99,GBP
adea6349-43ce-4474-be9b-f9ba9265e246,969303e6-aaf6-4298-9c28-a1f571d56dfd,447710250078,2026-01-26 13:20:20.000,2,SUCCESS,1.99,GBP
39625745-64db-4fcb-90c8-67a4d0a182ec,bef5ef34-c4ef-49e5-b2ef-7c7a16b63257,447707137684,2026-01-26 13:32:06.000,2,SUCCESS,2.99,GBP
5eac9cb4-3b1a-4b18-8c6b-2834a35c7615,bef5ef34-c4ef-49e5-b2ef-7c7a16b63257,447707137684,2026-01-26 13:33:46.000,1,SUCCESS,0,GBP
2f94f459-30fc-4c21-9724-e90f6722f656,833cb882-027d-4aec-b75a-5cc6c3f6d32b,447772698101,2026-01-26 13:35:11.000,2,FAILED,0,GBP
5fd585af-8ddc-47cf-b166-d8fac3b1e403,5269a56e-b3fb-45cc-a56f-eed576627ff0,447701979168,2026-01-26 13:51:52.000,1,PENDING,0,GBP
a2417d47-8362-452f-a1ff-90a89b516b56,3b6a1a4c-3f05-4919-ae8f-50fffd778b3d,447772189108,2026-01-26 13:56:31.000,1,FAILED,0,GBP
b85fa8ae-ae46-4410-ade9-76ff758992ae,86b7382a-194a-47f2-9a34-326a8856d7fb,447745177240,2026-01-26 14:28:20.000,1,SUCCESS,0,GBP
65c81b84-8316-4682-a735-2e1bf1360cc5,aacd9ad5-7338-4fea-8d87-a76dccc83b22,447782635780,2026-01-26 15:23:27.000,2,SUCCESS,2.49,GBP
29de7201-6b9a-4505-b9c0-c555968b6a58,1cba8673-8606-4b72-b210-97b43605ffc5,447706133998,2026-01-26 15:32:42.000,2,SUCCESS,1.99,GBP
675eab74-9249-4ead-a8f9-3ef7b14118e8,2b69f2ed-52ae-4865-82ac-8932739e30b2,447763662285,2026-01-26 16:17:29.000,2,PENDING,0,GBP
7aaf77cc-5c72-4b34-b10a-326aace4debb,ad72377c-0537-4b65-8487-b51361ef294b,447789515976,2026-01-26 16:51:02.000,2,PENDING,0,GBP
d72ce575-014e-4d3c-bbad-97b6d33d9750,ff5ca93b-ea32-4106-b0ff-4527df32dc31,447728933457,2026-01-26 17:02:18.000,1,FAILED,0,GBP
1261d21a-61f2-4c49-8fa9-6c3f38b76a71,e2a5a11f-f26b-44dc-82e4-aece21135989,447768608711,2026-01-26 17:06:31.000,1,FAILED,0,GBP
a9c92573-badf-4838-803a-07bf50bd647e,d9c07566-3ea8-4579-8371-eb1d8f161165,447783005306,2026-01-26 17:09:12.000,2,PENDING,0,GBP
ba9afac2-f95e-4245-9439-6e5bd1b623e0,6199ead5-a3b9-4295-ac8c-ff287a6ce7fa,447796907738,2026-01-26 17:11:07.000,2,SUCCESS,1.99,GBP
bd3d11f0-7ed9-4c42-8929-436f2bb08ae3,5f77acb2-a1dd-49d1-9d64-b66274b72af1,447704429834,2026-01-26 18:02:22.000,2,FAILED,0,GBP
3a45dab5-cd01-4e95-991b-28919d98f1e7,185820e0-1bc5-4f55-9bcc-a8f7dcfc31cf,447702806408,2026-01-26 18:08:13.000,2,SUCCESS,2.49,GBP
f45c80e8-41cd-46ec-818d-3400ae6c4861,30aa56b8-df02-4229-acb8-200b2bd3eace,447776112910,2026-01-26 18:24:37.000,2,SUCCESS,1.99,GBP
f7533469-c913-42b7-9046-28725038a6cb,a3e02f1a-4404-4c5c-bce0-0c331bfd47cc,447729670834,2026-01-26 18:49:49.000,2,FAILED,0,GBP
f87498d0-b81f-4053-9185-2ab63c1729f1,da78be37-4803-498b-858d-62fb924b9cba,447782673460,2026-01-26 19:00:46.000,2,SUCCESS,1.99,GBP
d41126b3-7014-4c52-8e5c-983991b0c805,96131776-373d-459f-9e47-aab81c4fb915,447748278366,2026-01-26 19:28:30.000,1,SUCCESS,0,GBP
86087ba4-ee60-4ea9-9d9c-68b41638657e,e1d3f52e-f5c5-49a7-864f-1fb35aa90b6d,447728842423,2026-01-26 19:33:18.000,3,SUCCESS,0,GBP
a4e6edaa-5a03-4114-9a8d-a3f704835015,77ed714f-3a10-4352-b7e5-4f8575d5a47c,447752370639,2026-01-26 19:40:12.000,2,SUCCESS,2.49,GBP
848d711f-cd4d-47d6-a9af-23ee22cfe442,30059aa6-c225-4b01-b966-501b5403ce49,447714263145,2026-01-26 19:49:30.000,1,FAILED,0,GBP
ffe4fb5e-7825-4baf-886d-4dc006dd5328,c8867567-99a3-4914-be5b-20a844a1ab57,447785760954,2026-01-26 20:56:57.000,2,FAILED,0,GBP
19ca661b-8717-45c2-8dc7-37c883c37758,e0c8747b-d9b9-4bcf-9073-deca5944ea21,447779868447,2026-01-26 21:13:29.000,2,SUCCESS,2.99,GBP
33b56758-c9ac-44bd-844e-c90a040c4a5f,dca81d99-e24b-4e30-8407-1a312d5f4a19,447780438613,2026-01-26 21:33:36.000,2,FAILED,0,GBP
1098028f-531a-41ab-84c3-fe5e3d0adaaf,a29f2284-30f8-495d-8797-d186ccbed781,447771746547,2026-01-26 21:51:27.000,1,FAILED,0,GBP
475f6868-643b-4417-88ee-9ec543eb0f55,b6eec57f-52c3-4f5c-b32a-975d4022ad2b,447707482979,2026-01-26 22:42:56.000,2,SUCCESS,2.49,GBP
ff8c8ad4-ad52-4bc4-aff2-80a29d8b5c46,ef477140-b984-464c-ae01-d4342aadfbfd,447741485173,2026-01-26 22:43:24.000,2,SUCCESS,2.49,GBP
a376f012-e5ca-447c-b3c3-86ef37a60cdd,e3bc30ca-909e-4efc-bbac-1d1770e034ba,447730922596,2026-01-26 23:17:09.000,2,FAILED,0,GBP
b5134641-e5f6-4e72-939e-cd2b44c6dedb,74e37183-4abc-4d2f-bcf5-ef331d5e3e6c,447720497381,2026-01-26 23:38:21.000,1,SUCCESS,0,GBP
4129ee27-fad8-4a9e-9c5c-9f832da9be08,bc335ca4-ae19-4c3f-8b5d-0a7d5610802a,447783761575,2026-01-26 23:43:46.000,1,SUCCESS,0,GBP
743c08c2-17f9-4989-9c8a-cacd939b5310,ff4a88b5-91af-4ada-8a46-ddd1a6ae10f6,447710002911,2026-01-26 23:54:18.000,2,SUCCESS,1.99,GBP
cd49c8d2-e30c-4ac9-9d53-471365f8d7ea,f0bbac47-3086-4f43-8a95-bb43af141bd2,447744931923,2026-01-27 00:01:54.000,2,FAILED,0,GBP
5198b87c-d582-494b-a2c6-66e5c5a60563,06a8d15d-ce17-4b54-b386-1eff0d863a28,447735659479,2026-01-27 00:03:53.000,2,FAILED,0,GBP
929d1f25-1576-43bb-9382-8606d03649e8,83e600aa-892b-42e6-90b1-fc9dbf2bc2bd,447746415810,2026-01-27 00:06:16.000,2,FAILED,0,GBP
1bcb6060-02a3-4a22-8102-68ede34bff24,e9551799-e1c5-46ad-859f-c2f20b24d628,447787941200,2026-01-27 01:02:05.000,1,SUCCESS,0,GBP
2f83242e-a394-4a0a-8b3a-30d0b4081a91,24799db5-1545-4868-b959-7acb08104bdc,447793006388,2026-01-27 01:38:31.000,2,SUCCESS,2.49,GBP
f4a72519-1b0e-4e61-896d-6d3101053f04,b1c5a6a2-e6d3-4b48-9c47-7bfe2a5d518f,447752312187,2026-01-27 02:05:31.000,2,SUCCESS,1.99,GBP
4ac3c2b8-e660-4e9c-bf84-2adb7967760f,906765e4-2d67-49c4-a48e-907055fb712a,447739236250,2026-01-27 02:14:32.000,2,SUCCESS,2.99,GBP
31ca1e96-84ff-4d00-9809-bc7782bedca8,4bf93bb3-4e12-44cb-b744-8400e88ceb5f,447799935849,2026-01-27 02:19:24.000,3,SUCCESS,0,GBP
8f68b67b-2c36-4be0-9864-e7b68bd17b55,fc270c8d-ab9b-48fb-b37e-e6e5fe55f403,447715955338,2026-01-27 02:28:05.000,2,SUCCESS,2.49,GBP
8553811f-3bde-4788-a5bc-00977f130716,0a20a96c-9b30-48f3-80e7-a032d1fec38d,447784020860,2026-01-27 03:19:52.000,2,FAILED,0,GBP
854f57cc-3eee-47b2-b5cf-bec8a47537b9,c489d278-c28a-4951-82aa-c59d3879f495,447776460936,2026-01-27 03:31:24.000,1,FAILED,0,GBP
90c26274-c8c2-429f-a22c-3ba8afcafdc0,c0284051-bd8f-45a2-8a45-695308e29fd5,447750683363,2026-01-27 04:00:58.000,2,SUCCESS,3.49,GBP
d91ea28b-fa9f-405d-b375-8cd2316be4ce,7e6aa4cb-f9ab-4e31-b2da-2c9cf6f1ae5c,447754932869,2026-01-27 04:18:34.000,1,SUCCESS,0,GBP
957bf69f-9743-448d-b7db-193d6b9fe35c,96151cfc-32f9-4624-92ec-0a3750e35748,447731896222,2026-01-27 04:24:41.000,2,FAILED,0,GBP
b5918c65-ab1e-4a1c-ada4-519c1b54101f,29868b69-bd65-4d4a-83ea-13d729ba1280,447733741760,2026-01-27 04:24:43.000,2,SUCCESS,2.99,GBP
be1be4d8-eb71-4c65-9e05-ac4a51fbee5a,b029a4f5-fae1-4297-ba9c-20f18509042f,447771875278,2026-01-27 04:32:14.000,1,SUCCESS,0,GBP
a1dd483f-3889-42e5-927a-d45d03447d26,f1ddb426-af20-44f5-b3bc-1322d39f317a,447772502557,2026-01-27 04:43:15.000,1,FAILED,0,GBP
db6ffcf8-0973-4f7b-87ee-eb9feda14e28,8b9c8845-8e90-447c-8d3c-072dd7e5513f,447700449061,2026-01-27 05:49:52.000,2,SUCCESS,2.49,GBP
f3dd596b-1575-4b98-a04d-1c357ee5d0da,7322331b-b18e-4d22-b5ff-1edb7cc70c6e,447758190973,2026-01-27 05:57:59.000,2,SUCCESS,1.99,GBP
a08b9ac2-97b7-4876-909d-d37f6c741970,ba8bedd6-f663-41fa-a55e-9d5a4ab7ca69,447773983072,2026-01-27 06:03:11.000,2,SUCCESS,3.49,GBP
1bc33c88-f8b0-40c4-b5c1-b21d6bd35e39,dc5db847-dfbc-4c12-8d5b-ac5e0e96e4d3,447790193045,2026-01-27 06:23:55.000,2,PENDING,0,GBP
4286a88e-81a8-4cdb-95c1-8b6b6ca83753,1bdb6e69-f181-40d2-937f-d5a62cf0cfb7,447774240094,2026-01-27 06:28:41.000,2,SUCCESS,1.99,GBP
7ac04e4d-ce9e-49d5-8891-a1964a3fa8f6,fdf1d23a-e4c7-42a3-bfbb-a4f279e68703,447760692607,2026-01-27 06:34:50.000,2,FAILED,0,GBP
90fe8b2b-fad8-4b17-837e-419c325468ea,87c9a589-e36a-42b9-87ed-21769d12b4ce,447729153789,2026-01-27 06:37:45.000,2,SUCCESS,1.99,GBP
9c2531a7-6999-4e86-bb64-c822a8e22f01,5d02317e-c508-4d81-9820-14bf341f6a62,447706367213,2026-01-27 07:12:26.000,1,SUCCESS,0,GBP
bf572f71-4240-47bd-9930-df40baf9608d,08579c9c-0248-402b-9d99-3d449d73bd84,447706274795,2026-01-27 07:23:13.000,2,FAILED,0,GBP
c1dc634d-128e-407d-ae43-fc6e9445ecc4,e303f7f5-3efe-4dcf-8ff4-5ffb743a9882,447708637470,2026-01-27 07:38:51.000,2,SUCCESS,2.99,GBP
4e292479-d23e-4d91-98ad-48e3ddd3a67e,cddd6760-4fb6-4130-89d3-44b4db1bfe3b,447780233301,2026-01-27 08:02:26.000,1,FAILED,0,GBP
8a538cb1-bdef-4109-9f81-f99f6a851077,c571b1d3-c86d-48f8-bff1-b884377eaf7d,447754359652,2026-01-27 08:19:50.000,2,SUCCESS,1.99,GBP
53420f06-bc25-4ee9-a870-1df7c97da0a3,f2ac792b-b71b-42ce-b6bd-2278fa4dc4d5,447773904042,2026-01-27 08:27:01.000,2,SUCCESS,2.49,GBP
36ea023a-9849-40da-a572-356ece66861b,0c17332b-646e-481a-8683-f37c73bf90ab,447763645470,2026-01-27 09:14:13.000,2,FAILED,0,GBP
cc958433-e7aa-48b0-8690-b729db4dd1e9,095b0274-d751-4c82-a83d-4277f05e9bda,447725891136,2026-01-27 09:22:53.000,1,FAILED,0,GBP
bb227d76-e558-4eac-b1c3-7df6d204f2d9,2148645a-f02b-49eb-add6-5397951cfec2,447713483226,2026-01-27 10:07:25.000,2,FAILED,0,GBP
73637d76-7846-44cc-bacc-c84daa7f9bce,07c4e166-611d-4a03-ad4a-39e9fbf2f43a,447724957701,2026-01-27 10:28:22.000,2,PENDING,0,GBP
cce4c1b2-9cfa-4f8d-9789-28e2b7ddb655,9601284b-ad7d-4cff-9b38-6f6bf55e4261,447770019294,2026-01-27 10:36:00.000,2,FAILED,0,GBP
8eddd62d-5ecc-426f-ae30-1244eb2c2aab,4fa75309-bbb7-4cd1-abcf-3c733bab1719,447772582660,2026-01-27 11:05:34.000,2,SUCCESS,1.99,GBP
e5811bd7-9418-4420-9ea2-903c34a714d6,b916c1b0-0ec5-4f5b-bcda-b3cea514cd18,447755654818,2026-01-27 11:41:40.000,1,SUCCESS,0,GBP
3ef459ca-634a-48b7-a912-fc5c0247adea,c84ebb7c-c0a0-4229-bfb0-6b3adb640f85,447749710339,2026-01-27 12:05:17.000,2,SUCCESS,1.99,GBP
b200ed35-e6b1-437d-8474-13f12a0154c6,18edc158-1339-44ca-8479-4bd103d16fd1,447783588541,2026-01-27 12:21:09.000,2,FAILED,0,GBP
e464721e-9914-4464-823c-0d966809702e,faeb2a34-559d-47d3-96f7-f9d532a24402,447723958920,2026-01-27 12:25:04.000,2,FAILED,0,GBP
20df98b3-6bdf-4461-adb5-b125ace4d10e,ef1c60f3-e10d-4ae7-96fd-c79f55e1b12b,447734325975,2026-01-27 13:00:47.000,2,SUCCESS,2.99,GBP
b58b1afa-ee58-4248-b8ec-c98e2474d4d5,2082f8a4-d6a3-48a7-a859-f8b9b11e557a,447762895999,2026-01-27 13:39:23.000,2,SUCCESS,3.49,GBP
960e99fa-045b-47a9-8008-194ffd39d8fd,04f93899-489f-48c0-a5dc-7dd9a735ac67,447734604355,2026-01-27 14:25:52.000,2,FAILED,0,GBP
3f7ff385-5e53-4843-a974-5331b30c4647,b3e1f8de-431a-4cde-bb1c-54825cdc1902,447797892635,2026-01-27 14:41:15.000,2,SUCCESS,1.99,GBP
4f9407b8-2690-49af-bef2-9d4b8585abed,c035df51-271d-40cb-a418-bfd6a33331e4,447763414472,2026-01-27 14:57:08.000,2,SUCCESS,2.49,GBP
53cb5bae-c90b-4bad-88c1-0249b48192e4,0ec878f4-689e-48a6-a2fa-91aee3850940,447757707810,2026-01-27 15:05:17.000,2,FAILED,0,GBP
ae59fdb3-584d-47f6-88a6-d71a3282a00c,2390012d-7913-417a-8d2f-702fd6a4073f,447785511771,2026-01-27 15:05:25.000,2,SUCCESS,1.99,GBP
02a04db7-e8a7-4986-96ca-6c2fe97ef8a1,3722d0de-b3f6-454f-a368-816ec2d5f5c7,447771709126,2026-01-27 15:11:08.000,1,SUCCESS,0,GBP
f58a7cf0-9bc9-4e65-9000-bee2d03a1be9,12343155-2a32-4cb2-beb3-9b51281857d0,447798010627,2026-01-27 15:27:03.000,1,FAILED,0,GBP
53b441e5-b4de-48f6-b3cb-eeac2bc06698,4f127579-4fbe-4a47-a92d-0dba15fdd539,447725791156,2026-01-27 15:53:25.000,2,FAILED,0,GBP
bf666657-9597-4747-8584-9419aa38b6fd,77e33644-eaa3-4ac6-b3b4-48bf47ff4610,447710830367,2026-01-27 15:55:10.000,1,SUCCESS,0,GBP
54f42ba2-6ee3-4e51-8bd0-711dd99319a3,981c2db3-4218-4234-ac6e-b5e3e9abd724,447739320286,2026-01-27 16:04:00.000,1,SUCCESS,0,GBP
5e4c009e-55bd-4037-b47c-3f1ad6fa34b1,e4ea4489-c44b-495f-8a58-bdfab4a6d30f,447749557546,2026-01-27 16:24:34.000,2,SUCCESS,3.49,GBP
363cbac8-2137-4fa5-a905-f5fd13441852,1baa3c34-ed3d-4678-ac52-918ad290e24f,447785992380,2026-01-27 17:03:01.000,2,SUCCESS,2.99,GBP
373ecba1-31a9-4512-b7c4-5c3a515392f7,f288378d-f9b2-46e5-9783-ec0a4d53b811,447731219314,2026-01-27 17:09:38.000,2,SUCCESS,2.49,GBP
70eb5aa5-ecec-43e5-b1e6-7edabe2f5c2b,bff0692b-2080-477c-9200-10156a49b9d6,447759164829,2026-01-27 17:21:09.000,2,PENDING,0,GBP
e9a5f444-00d8-447d-ab9c-5b211aba475c,f2702180-5d97-4738-a7bc-150243de591e,447715699798,2026-01-27 17:22:51.000,2,FAILED,0,GBP
d4ff0bd5-8495-4fae-8b14-9ac8c894a59d,c2df7d5d-e0d8-4416-915b-dde7d26fce4f,447741592229,2026-01-27 17:31:08.000,1,SUCCESS,0,GBP
ce1c40f7-1bf0-4de8-b0bb-bc75706f1908,ef89bc0b-7a19-40ba-af40-b92d2927cc74,447730930568,2026-01-27 18:19:51.000,3,SUCCESS,0,GBP
6943acd0-2788-425e-b146-da2bb612f55e,6a023043-8404-4a87-9445-b30d362408c0,447751946640,2026-01-27 18:22:29.000,2,SUCCESS,2.49,GBP
69488fcb-eeef-4f3b-8023-808eddd462df,1acc8394-6ef3-48ca-bcbb-a27843e749d2,447711284547,2026-01-27 18:35:03.000,2,SUCCESS,3.49,GBP
628d4303-94f6-4be4-bde6-bd2fb1a1f3f4,fa9bd4eb-8a57-4989-acc6-25e67041081f,447789294689,2026-01-27 18:37:11.000,1,FAILED,0,GBP
cf4d990b-0757-4116-945d-e2df2b87c582,8a83569e-4689-4272-ac0d-7d94a30c6af0,447700400345,2026-01-27 18:40:20.000,2,FAILED,0,GBP
0788a034-12b6-4290-af76-bfc0c59e1d70,8468f8b2-0d31-42f8-a79d-e03fb160af2a,447737437428,2026-01-27 18:55:20.000,2,SUCCESS,2.99,GBP
e3ddc2d8-122a-44f9-9239-44b490d19ae6,ec9a888c-0862-4f8d-9b50-0c52f47e5152,447796790223,2026-01-27 18:56:09.000,2,FAILED,0,GBP
f20441ca-cdeb-4cce-85e9-ccc963a8d173,8468f8b2-0d31-42f8-a79d-e03fb160af2a,447737437428,2026-01-27 18:56:38.000,1,SUCCESS,0,GBP
c506a937-e009-4349-a75c-d5a4cee0e548,1aae3fb5-89c4-4188-914f-5a8806f61174,447717028262,2026-01-27 18:58:10.000,2,FAILED,0,GBP
624d4b17-42e0-4879-b5e2-2c4aaa3d9974,d0a0378f-cbb4-48ea-a3b3-4053a2650f49,447721876049,2026-01-27 19:03:35.000,2,SUCCESS,2.99,GBP
3666c44d-20d0-4e1c-8e4a-571489b324fb,d0a0378f-cbb4-48ea-a3b3-4053a2650f49,447721876049,2026-01-27 19:05:12.000,1,SUCCESS,0,GBP
a4309398-94a0-4407-9054-6930f8dab10a,bc7100e4-665c-46fb-b346-c0701b1d9fdd,447735004550,2026-01-27 19:14:15.000,1,SUCCESS,0,GBP
e6cba616-4b18-42fd-81b4-d07f5c9426b3,1210e4e6-eca7-4fcb-8ea6-7d1497988a18,447725150432,2026-01-27 19:34:42.000,1,SUCCESS,0,GBP
1502e963-a5c3-4e17-8725-080eb61ee88c,e0ad16d8-9e9e-4cc9-a19d-1c79370d27b0,447711709677,2026-01-27 19:50:17.000,2,FAILED,0,GBP
25a6f984-ee3f-4a4a-be71-9971cc24493d,219aeec0-6c8d-435c-8e3d-c6aa05268189,447703924264,2026-01-27 19:53:04.000,1,FAILED,0,GBP
579c37e3-8a2d-4f87-9e9e-545c470adeae,1a643012-64a8-40d1-a956-862a4baab0c3,447789260281,2026-01-27 20:15:38.000,1,FAILED,0,GBP
de25dc75-28ae-4b20-8778-70f3e56e3c66,d58c070e-dbf0-4ace-a984-c06cb8546c69,447729063675,2026-01-27 20:26:45.000,2,FAILED,0,GBP
a86ad88e-37c8-458a-bbcb-b7e75d3ea43f,452f2659-b39e-40aa-a2d2-51cd72cb3c17,447781582658,2026-01-27 20:34:50.000,2,SUCCESS,2.49,GBP
d42fb565-7c11-4300-8a7c-642083cb3c83,13c6d8da-e537-4e15-89ba-756498d23490,447763435441,2026-01-27 20:41:00.000,1,SUCCESS,0,GBP
56d7042f-5e42-421a-9418-10dd6b6802a4,461b5f3a-254e-4330-bef0-4b96c07db5c0,447750968846,2026-01-27 20:44:11.000,2,SUCCESS,2.99,GBP
00a87a13-7468-4727-a1c3-3083e29af28d,8ebd92a8-4503-4457-a561-f21c865ed7c1,447767826970,2026-01-27 20:46:39.000,2,FAILED,0,GBP
ee85d39c-7462-47cd-bee8-d1c1fb081df1,285ee012-96c8-4c9f-92e3-c192c34769d1,447765325199,2026-01-27 21:08:24.000,1,PENDING,0,GBP
b401728f-20a1-446b-a63e-5d8a21a5b813,f90105c0-3188-4d57-beef-e32a4c71fa57,447737807962,2026-01-27 21:48:50.000,2,PENDING,0,GBP
92f0c512-8cbe-4b10-9dfe-55ea2fd05c32,fecd3647-fa25-4aa8-b6ac-db70676d2563,447738356114,2026-01-27 22:11:17.000,1,FAILED,0,GBP
5b356cd5-ce10-444f-b768-66e93dd4e263,5347ce1b-9941-4ae9-85e0-bf4d112c3581,447773704929,2026-01-27 22:19:54.000,1,SUCCESS,0,GBP
3c14da49-fd6a-4828-8552-af2d1c005a9c,9332a6b0-4f30-40c5-9c8f-109c793bd625,447748748830,2026-01-27 23:32:27.000,1,SUCCESS,0,GBP
f8c2bcb7-524a-439b-984c-ac354543abf9,85245e1e-2d2d-4320-bfce-3b023ddc5ed3,447736740740,2026-01-27 23:38:46.000,1,FAILED,0,GBP
85a628de-e00f-4f39-b233-cc049a8a6e7c,7deda305-d129-45d4-b6f6-5c03f6814e9c,447741033065,2026-01-28 00:04:58.000,2,SUCCESS,1.99,GBP
696aa5f6-5310-43c0-a70d-f30579b66ec1,0fd53a1d-9b7e-4b35-bcd5-ec18544761bc,447718902357,2026-01-28 00:21:23.000,2,FAILED,0,GBP
4dc4d11e-7065-4c08-8a96-f97c65a9116d,fbc87605-d49c-4a6b-a62a-090e0148498c,447759232872,2026-01-28 00:22:39.000,2,FAILED,0,GBP
cd070050-6abd-48ab-b405-32cf89a6fcc8,57db8dd3-41ac-4582-87aa-f317fdd4f89e,447731752312,2026-01-28 00:42:58.000,2,SUCCESS,2.99,GBP
2fa439b8-13fb-412b-9532-630841bc570b,a15e957a-cecc-46d0-a03a-f58ac4f57ecc,447754845385,2026-01-28 00:43:12.000,2,SUCCESS,1.99,GBP
2c6e797d-6594-4578-a6b3-1dca30110b0b,ecdb0be0-2a81-421f-9c8a-116100ce1ddd,447778408752,2026-01-28 00:46:25.000,1,PENDING,0,GBP
70ad0d85-7524-4cda-aa91-4807ee2f8acd,fafd315b-b279-4e2c-88d3-ae211e68e1f2,447702445545,2026-01-28 00:51:49.000,1,FAILED,0,GBP
e95a8ece-a621-4a5c-84c6-35d1ffdcc8c0,05490163-b7b4-40c0-a611-4af920bd9858,447724032400,2026-01-28 01:01:11.000,2,PENDING,0,GBP
dad35b6e-c226-4dab-b677-0608b5ecbbf2,daf0d2d3-84ca-4b0f-9d12-ada3bf1204fd,447747475077,2026-01-28 01:07:19.000,2,FAILED,0,GBP
02cd44f7-a90d-4e61-81ce-b2c79c33f908,ad7d3451-99a2-486d-9aab-13a6b86259a0,447789909358,2026-01-28 01:09:15.000,1,FAILED,0,GBP
6332a19d-1bca-40ad-b59f-45411cf1542f,4811297f-58ed-4529-9201-f8c9bd63ddc9,447794643216,2026-01-28 01:32:42.000,2,FAILED,0,GBP
968f06fc-e8a0-4dc4-98c9-757fdf380740,7644123d-7edc-4d6a-9bca-637311372af4,447743541102,2026-01-28 02:07:28.000,2,SUCCESS,2.49,GBP
17bb0d16-49ba-4fd2-9633-fd4487c0a699,94be585e-5370-4c78-9566-5c49c7b9ded2,447729398504,2026-01-28 02:13:59.000,1,SUCCESS,0,GBP
ee363d51-84d6-494d-9194-56def4392c6c,e9a6a656-2b7a-4534-8c36-9511a34d746f,447795602321,2026-01-28 02:45:50.000,2,FAILED,0,GBP
3b1cc9b1-5096-4629-8e72-c670a0c61bf1,ecf8e7dc-a9bc-425c-bddd-deba73636383,447798231797,2026-01-28 03:29:43.000,1,SUCCESS,0,GBP
bae0dd7d-141a-4154-be9d-14858fd0dfdb,d51193b9-7253-4375-b0f2-9c8079ffbd2e,447776057525,2026-01-28 03:39:00.000,2,SUCCESS,1.99,GBP
602fb60a-15da-42b3-b65d-6d7d0b9a4f02,1bd0216e-6fd6-455e-bcd5-5cc2d04365c1,447711940949,2026-01-28 03:40:22.000,2,SUCCESS,3.49,GBP
796dee4f-98fc-4fce-a51f-c1f28d28833a,74eaa940-c7e8-4785-8223-8e0e08501b9d,447767300297,2026-01-28 04:00:42.000,2,PENDING,0,GBP
cbb2f931-8c8b-47c5-8dd6-a683c06158a7,acb74803-df2c-4c74-8258-d5455205ff48,447736365564,2026-01-28 04:23:18.000,2,SUCCESS,2.99,GBP
f8c1011f-5f30-46ce-984d-1c0b52a11154,9cfe1111-402e-4682-8c5a-c5c55faee37f,447792303840,2026-01-28 04:36:50.000,1,SUCCESS,0,GBP
c47577ef-8f2d-48f5-a26c-dd58fd5e8951,e24286dd-2a70-4b0a-ba6e-9c7bb3abfa6f,447760972165,2026-01-28 05:07:00.000,2,SUCCESS,3.49,GBP
54b46488-1349-4e66-8649-ee72f8a8f9d8,a0ac225d-ffa3-423d-8372-7a8bfe5e089e,447778235177,2026-01-28 05:08:39.000,2,SUCCESS,1.99,GBP
98c3c571-c8d2-4622-bde4-f500079fe227,cf60e543-ff22-41ee-9edc-2942a5bf703b,447712908675,2026-01-28 05:30:18.000,2,FAILED,0,GBP
9b5718ab-0b99-470a-8c9f-dbc1aa7a6c94,875ad701-165e-469b-a539-e840e8da416f,447796403544,2026-01-28 05:33:10.000,1,PENDING,0,GBP
5865049b-28cb-4578-8661-fac4ec9a9975,f8144043-8017-4161-8652-01fc78642e17,447715400759,2026-01-28 05:47:07.000,1,SUCCESS,0,GBP
7fa10d75-38bf-4861-8189-7ddff48fffbf,e2d7a074-bc84-4dcd-b8bc-79ba9772ba8d,447708034804,2026-01-28 06:26:01.000,1,FAILED,0,GBP
52a71e41-252d-438b-9d1c-27b77773553a,f4fb0784-abbe-4cfb-88cc-3766dca3301a,447716827441,2026-01-28 06:52:45.000,1,SUCCESS,0,GBP
4174d7c7-efb5-4428-bb2b-2f98b0580636,2da2c600-f099-4dce-9aca-dc01624fcc5c,447734854382,2026-01-28 06:52:57.000,2,FAILED,0,GBP
3ff97115-446e-49d6-93a7-7fe24b7b4a00,058e5f70-2360-4e61-acf6-c42346c8fabf,447784843358,2026-01-28 06:53:14.000,2,SUCCESS,1.99,GBP
2b49ba1a-7a27-4743-b5af-277240aa5155,be3de8f1-02a6-4fbd-a499-b1f8d7ac21e0,447727715582,2026-01-28 06:57:21.000,2,SUCCESS,2.99,GBP
6226df11-8ca3-4a09-b6b8-70c57c78dfe7,69635090-67f8-49f5-a564-f2ef2ebf671c,447709165960,2026-01-28 07:14:40.000,2,FAILED,0,GBP
6d8ffb18-02ef-400f-b5ac-e5f9a3bfe387,9695537e-c644-4978-91b6-8339270fbebf,447785171884,2026-01-28 07:19:05.000,1,FAILED,0,GBP
c934ace9-da4b-49ae-9a09-5d41fcaee597,710d8b6b-5c1d-4ecd-8acd-356f6a43567c,447748536525,2026-01-28 08:09:12.000,2,FAILED,0,GBP
8eac4760-cb1e-459d-aba0-60a9a1063ea0,1846f87a-bf1a-4ae9-9e21-497ca8071b5e,447770380028,2026-01-28 08:23:03.000,2,FAILED,0,GBP
30cb0624-e7d9-48f4-a65a-1b69935ae39f,ee3b2ae9-31e3-4e91-9162-2b34b59cc7d0,447792126838,2026-01-28 08:34:06.000,2,PENDING,0,GBP
c3c3a19d-80c6-4fe1-9b66-1af8019c87cd,d5ab6a9e-d37e-44c1-9e06-3234e693b3ee,447766739837,2026-01-28 08:45:34.000,2,PENDING,0,GBP
672d4cb6-3252-461d-8551-8a849ed27b7d,2b07b397-f8ac-4317-9a4e-cb9eb5fdfef2,447710203401,2026-01-28 08:49:40.000,2,SUCCESS,3.49,GBP
388eb971-3029-4117-b152-ee41a4772f9b,4a3fe9e5-8b6d-437b-9139-4ff578c7a693,447768514801,2026-01-28 08:56:17.000,1,SUCCESS,0,GBP
e78e50fe-c724-4bd3-94ca-5f2cb6849742,4161ef46-f94b-42c7-861e-3a7f7fa73eec,447781893354,2026-01-28 08:59:52.000,2,FAILED,0,GBP
de66ddbe-876f-4c65-a349-b3e18558fee8,a75e5835-5a5c-48aa-b873-918d7d37eca7,447750100864,2026-01-28 09:18:51.000,2,SUCCESS,2.99,GBP
0fa767af-1f83-4619-83f2-5ba9c3837d8f,c5a4860e-57cf-4d8b-9518-d242de1faf43,447780785335,2026-01-28 09:19:32.000,2,PENDING,0,GBP
11e3a1f2-9cdd-4516-a682-abf1b7cac50d,3f01e91f-7ae9-49e3-abb1-54783a145891,447702507322,2026-01-28 10:27:50.000,2,SUCCESS,2.99,GBP
346fe55c-d333-4067-ba95-b7c687f766e2,159afcbf-c6ed-4e3e-bd7e-4333334b17a0,447771710632,2026-01-28 10:29:24.000,2,FAILED,0,GBP
d656c655-5b73-4689-9595-7b6bce03571b,04e027fd-f073-41a2-9a00-d0a82e048655,447757134914,2026-01-28 10:41:07.000,2,FAILED,0,GBP
c7d39909-9cf4-496a-b59e-2a2df9ad55f9,2357fb37-540e-4de0-bdbd-039e96893828,447761283803,2026-01-28 10:42:48.000,2,SUCCESS,1.99,GBP
a88c417b-f858-48d2-8a30-4f2ed85b4852,5abd9a8d-6825-45b6-8f0b-be574d013147,447703177067,2026-01-28 11:00:42.000,2,SUCCESS,1.99,GBP
c87ab602-2406-4fff-82c7-395c3362fa3d,46d335da-8955-40f3-ab44-434409719a2b,447726532585,2026-01-28 11:24:21.000,2,SUCCESS,1.99,GBP
3c0cf290-77c3-446d-aa50-3392eb1ce572,ba2e3b21-cfa6-42c3-9370-cbb0e1447a9b,447710794452,2026-01-28 11:26:40.000,2,FAILED,0,GBP
fe6a2b74-dd13-472e-96bf-07941f018292,08376018-5eae-458a-b059-7af69feec7c6,447771807074,2026-01-28 11:46:02.000,2,SUCCESS,3.49,GBP
c61430c7-f514-4193-ade5-d9295a5e77a4,a4d28eed-48fa-40a3-90b1-959aa492ca5c,447732549901,2026-01-28 12:10:40.000,1,FAILED,0,GBP
7641029c-081c-434d-aa6a-589d56c456c0,a73e75d0-b145-4957-ab42-2ac2b81c8171,447771375549,2026-01-28 12:20:27.000,2,SUCCESS,3.49,GBP
a61b489b-abdc-4d0c-88d1-1434cd2a6b9e,974da493-6948-4a15-a68b-e805ec6d04a2,447747158907,2026-01-28 12:48:26.000,2,SUCCESS,1.99,GBP
2c134939-bff6-4713-8a01-e2105abed1fd,f2a1aaa8-57e4-48f4-83ba-4966471c578b,447705944110,2026-01-28 12:56:06.000,2,FAILED,0,GBP
31e482e1-4fef-49c2-bb5d-e46761f48797,e6a0cc11-a1b7-4b1f-88cf-777c6f6103d4,447761543112,2026-01-28 12:56:20.000,1,FAILED,0,GBP
005ba1e2-bf85-4a91-bec7-9f0ef053be11,5594e522-6852-410b-9443-6567e54313a8,447719225189,2026-01-28 12:58:40.000,1,PENDING,0,GBP
50f148d5-518d-4325-8c24-473276fa87fe,4e1ddf0d-2b04-4a06-b605-7b78e02dd54f,447709930398,2026-01-28 13:02:26.000,1,PENDING,0,GBP
4f3e66b4-9b4f-4b44-a7cd-4bdb1bcd032d,3c1a7e6d-e1e7-49b7-b70a-4042408fe1fe,447788415591,2026-01-28 13:05:03.000,2,FAILED,0,GBP
4aab78f7-e0b1-4f5d-842e-677fbedb08bf,76ae0b8e-ab85-43a3-9d9f-5721012a4c4e,447767781562,2026-01-28 13:25:50.000,2,SUCCESS,3.49,GBP
3de7ae92-481e-433f-8e94-7fe44c0a55fc,24822cd0-87f2-4ff6-8da5-9e4837a5cd1b,447735767584,2026-01-28 13:37:15.000,2,FAILED,0,GBP
39f6f120-5346-4b24-91ce-1fb17f63b8d4,a4de885a-848d-45df-aee0-904dcf48a439,447747507128,2026-01-28 14:07:00.000,1,FAILED,0,GBP
88b590dd-499f-486b-a92d-9d745f2a1f92,db0083fd-272e-41a0-a79f-f510ec1c2d8a,447794571711,2026-01-28 14:24:46.000,2,FAILED,0,GBP
74f6c8c7-297b-47d0-905e-fa71fe43a4fa,7252225f-e17d-47d1-8089-f9bf52032506,447704301499,2026-01-28 14:31:29.000,1,FAILED,0,GBP
9ffd2f45-b1d9-437b-9c61-4540df118bc2,cd8464e4-e5a9-4def-ae21-f49ef11e80f7,447731285674,2026-01-28 14:38:52.000,2,SUCCESS,3.49,GBP
d147a7e0-9b94-4c79-9f70-1c57d26e84d2,0eda7f02-00b7-4684-b716-0c637f45922d,447785915825,2026-01-28 14:42:09.000,2,PENDING,0,GBP
43c0f859-b439-49a5-bc98-24b3f85dbe86,63dcb55e-f5ac-4bf7-8f41-df0fd09e3015,447765572729,2026-01-28 15:01:23.000,1,SUCCESS,0,GBP
4243cab6-195e-4ba6-9d2e-8e8d42a5b000,579309e9-ca89-4dfb-be19-468d4468043d,447738511667,2026-01-28 15:10:46.000,2,SUCCESS,2.49,GBP
62ac66c3-4279-45a8-b95b-e3eb82387de7,5cf643f5-766d-414d-858b-babfec379cc9,447784169016,2026-01-28 15:52:34.000,2,PENDING,0,GBP
bca1f419-ba87-470a-ab5c-fcc86efdec63,6ffc6878-280c-4e4f-918a-1598918baba6,447741550707,2026-01-28 16:08:23.000,2,SUCCESS,3.49,GBP
6c40862a-30cc-4f48-a910-9e36147db328,6ffc6878-280c-4e4f-918a-1598918baba6,447741550707,2026-01-28 16:10:11.000,1,SUCCESS,0,GBP
21a08b65-84ec-485d-89f6-d09fbe800894,5a662a42-3383-4a89-b534-1ed2f8bf7bd0,447735397635,2026-01-28 16:23:02.000,1,SUCCESS,0,GBP
33cae09f-61de-40d6-a795-651c1d8e5925,ec4b8d78-2cca-4f31-ada6-e5dc156abee1,447791828658,2026-01-28 16:26:26.000,2,PENDING,0,GBP
4cef6457-24e4-44d3-b9d9-f6a1186dcc9a,e127b0cf-0361-41a5-ba6e-d026de76ac2d,447782244251,2026-01-28 16:27:20.000,2,SUCCESS,1.99,GBP
62551407-c68e-4827-9be0-f976228e405c,ba08fae9-1650-4533-a9be-1ed60b81ccab,447762578744,2026-01-28 16:31:17.000,2,SUCCESS,1.99,GBP
17928f25-808d-40ec-bc72-a575f3e5ddd5,c7a4051c-b8ac-4ab3-82bd-6527f0862ab7,447727653315,2026-01-28 16:36:56.000,2,FAILED,0,GBP
47e342f4-2219-45f3-8b50-c98c4a5f6812,533c069e-6ed1-4e41-ae29-d13f2dd82f8e,447770147436,2026-01-28 17:01:35.000,2,PENDING,0,GBP
0869fadc-29f5-4cc0-9dfa-1fab17e6b317,64adf4d2-90d6-445c-bc9b-d6ad2d19bc4a,447747716970,2026-01-28 17:24:41.000,2,SUCCESS,3.49,GBP
b57af444-3b8d-4a2b-9aa9-ebca5fa71a82,d2f9850c-f6c0-45c9-9a64-df7219035747,447712564964,2026-01-28 17:27:53.000,1,FAILED,0,GBP
9ef179a6-4975-40ca-971c-9e321ee41df0,7de5571f-7a06-4200-aebe-b9a0cb66b3e5,447702813249,2026-01-28 17:45:09.000,2,SUCCESS,1.99,GBP
b3cb263e-33c2-433c-aa44-a347a6068e92,7de5571f-7a06-4200-aebe-b9a0cb66b3e5,447702813249,2026-01-28 17:46:53.000,1,SUCCESS,0,GBP
902b536a-9a30-41be-b8f9-a31b8dc8a156,e371b491-36bf-4f81-bdae-f24dc362a47e,447772537851,2026-01-28 18:00:21.000,3,SUCCESS,0,GBP
b17c9f3f-0611-4114-9a7f-d9482afbda01,fcf26d3a-9274-41cf-aca8-db7a84fbd381,447740282708,2026-01-28 19:08:58.000,2,SUCCESS,1.99,GBP
c18bc81f-77e1-44ff-b441-fb5e2805e402,3050267a-8aa9-4687-be05-7ebb0d930ea5,447762934219,2026-01-28 19:20:09.000,2,SUCCESS,1.99,GBP
6a5d769d-ea89-475e-983a-539f196f8b76,65342c41-c49a-491f-bf5c-caad5ace89d5,447740489494,2026-01-28 19:43:08.000,2,FAILED,0,GBP
2af26ce5-1475-43f7-b3d9-de61b8556e71,72e43333-a984-4dd4-9197-522eb437f64b,447715849017,2026-01-28 20:14:59.000,2,SUCCESS,2.99,GBP
42b99996-c574-4892-8cae-c982be5ad350,7cb50602-1ecc-45ad-8adb-1fdadd6987ba,447795684931,2026-01-28 20:30:15.000,2,FAILED,0,GBP
75b60124-3f43-4799-85cc-0b41a364bba4,ac03e3e9-73ec-4a5a-85c3-65af67a2c2a5,447728305206,2026-01-28 20:42:45.000,2,SUCCESS,2.49,GBP
20d96b73-e2ab-4023-b558-faeee01a02c2,6aa65e73-fa4e-4cdf-914a-6a0e0174a997,447721114259,2026-01-28 20:46:33.000,1,SUCCESS,0,GBP
91a07858-0ae5-4aac-a267-83c63c472f19,1c9a659a-b4ab-4aae-bd3b-f835bf05d966,447705107177,2026-01-28 20:50:19.000,3,SUCCESS,0,GBP
4a0938b9-97da-49c2-a7ce-7894fec269a7,1d584620-9ccd-4ce5-8235-bd10062c4631,447701954594,2026-01-28 20:54:45.000,1,FAILED,0,GBP
16ea75ac-deb3-44e7-8367-6d39f9176fcf,0ca9984e-8303-43ec-83b0-5252bb4925bb,447730107165,2026-01-28 20:55:45.000,2,SUCCESS,1.99,GBP
10d0e44d-a290-4e2d-8776-9fe1df06aca5,0ca9984e-8303-43ec-83b0-5252bb4925bb,447730107165,2026-01-28 20:56:13.000,1,SUCCESS,0,GBP
4c814c86-b608-4e8e-a971-5b539d78a4f8,b877154d-2bd7-4f35-bb04-4aa08d7cfaf5,447731952672,2026-01-28 20:56:43.000,1,FAILED,0,GBP
d6b4f76d-f5ed-48ea-bd45-9f55a04293e6,08e2ee2a-a36c-4207-8723-0e6a1c2b1988,447773464295,2026-01-28 21:35:48.000,1,SUCCESS,0,GBP
022fcc4f-e1b4-4766-8edb-0576c7febca8,3f173243-8f99-4f9d-b8cb-761bdc42c73a,447783281909,2026-01-28 21:43:20.000,1,FAILED,0,GBP
4b01d96f-f44c-4651-87a0-5fbc64f1d6fa,12fb05f8-0413-4a30-b267-27fbfe899572,447774502609,2026-01-28 21:48:50.000,2,FAILED,0,GBP
52662a39-b85d-49c3-ba58-4f0dfcb27ca9,f510593a-a27a-4aef-afa9-5d45f816fc88,447735849227,2026-01-28 22:14:03.000,2,SUCCESS,1.99,GBP
06db1a03-3b84-4e21-a377-8e571d3fe1a5,ff330b0d-2d6e-45fd-bb5b-c071559b13bd,447790419777,2026-01-28 22:15:47.000,1,FAILED,0,GBP
d3f9bdff-d719-4c5b-8c3a-fe1a52928b14,38eb3da6-b788-4ada-b9cc-95f96a29b103,447723107233,2026-01-28 22:18:42.000,1,PENDING,0,GBP
df4cea97-9fe3-422b-8e57-f003a83bad97,0492c4b3-884d-4cc1-a69a-b4cc8d3f58c3,447741858482,2026-01-28 22:24:52.000,2,PENDING,0,GBP
045e01b5-a925-4f06-ac78-c53b20e10a0d,6d6a99d5-1ba9-4bd1-9a07-f0bfb58072d1,447768286678,2026-01-28 22:44:39.000,1,PENDING,0,GBP
185047d1-eff8-40d4-b45a-2072191f22bd,0196611c-5080-4067-a373-414b16032cb4,447727593123,2026-01-28 22:49:47.000,2,SUCCESS,1.99,GBP
629a9a80-e181-4e41-acf3-8dd491d7208a,0253dc8b-e632-409d-8b0f-cf5ce2940b03,447718791072,2026-01-28 22:58:21.000,2,SUCCESS,2.99,GBP
569a95f0-8e1b-4a0c-96d3-aabe27a6e9b0,0253dc8b-e632-409d-8b0f-cf5ce2940b03,447718791072,2026-01-28 22:58:47.000,1,SUCCESS,0,GBP
b34c10ca-0f5e-435f-b6c2-b143f679efc1,3de98236-8605-4e17-9b83-a754574555e1,447748232485,2026-01-28 23:04:17.000,1,FAILED,0,GBP
77ec4124-1f9c-4721-861f-e5d80930794a,d4592afc-763e-4b2b-a0b6-517886dc76af,447770912426,2026-01-28 23:17:08.000,1,SUCCESS,0,GBP
22242381-f540-4820-b81f-588390f3eb99,1f233b96-1d69-42a6-9d6a-f35b6b045a5e,447738387408,2026-01-28 23:36:06.000,1,SUCCESS,0,GBP
ae7a1b9d-58a5-40bd-a72c-04c93d363819,38bd74cc-7396-4ba5-8c42-e4ae7610befd,447743512751,2026-01-28 23:48:39.000,2,FAILED,0,GBP
12c5077b-8dd6-4b64-9af7-4878200e1cb1,0d86a083-2233-457b-9fa1-726e8dad1490,447748998395,2026-01-29 00:08:25.000,1,FAILED,0,GBP
eb10806d-1323-44c1-9f96-f1c96234a0d0,1e3223c1-1761-4547-9520-0ef7b122615a,447724536227,2026-01-29 00:16:53.000,2,SUCCESS,3.49,GBP
ba636bdc-b6ce-4e6f-894f-9ef99c8bc6d4,1e3223c1-1761-4547-9520-0ef7b122615a,447724536227,2026-01-29 00:18:44.000,1,SUCCESS,0,GBP
bf771ddb-daf0-40a1-bd3f-3551c033cdc4,402f3967-1925-4e55-8ead-2e2253edca42,447711790860,2026-01-29 00:23:01.000,2,FAILED,0,GBP
7c5337a8-4978-43a6-82d1-b762606b5349,d61d603b-0357-4b07-a078-02b22092e5f6,447726742008,2026-01-29 00:36:36.000,1,FAILED,0,GBP
24fc3a04-42f5-4735-8aed-abb969ba9992,159c1c85-9489-4b50-ad21-777256f0c58a,447746905263,2026-01-29 00:53:35.000,1,PENDING,0,GBP
62c198c6-9795-4bcb-8d13-ab7363fb863f,883fed07-b84b-46bd-ae91-c23d813eeb27,447768273896,2026-01-29 01:00:18.000,2,SUCCESS,1.99,GBP
af6bc5d4-76aa-495c-bb53-8eb45a009cb9,2d52eace-c7f8-442f-8594-b82668d40312,447760215958,2026-01-29 01:18:01.000,2,SUCCESS,3.49,GBP
cdac49d2-5d43-4690-bbf3-cbdeb6eb7626,d013f94f-f90c-4b38-9938-dba788157e73,447751216369,2026-01-29 01:24:32.000,2,SUCCESS,1.99,GBP
979ef354-f30b-4b65-8901-1e851fe2ea67,f6d9afd0-c9d5-4845-849a-2dbc657e0ba5,447799708958,2026-01-29 01:37:04.000,3,SUCCESS,0,GBP
b6e273a1-0250-419b-aa1c-e1f7652ffdd8,90d548c6-0ab3-44c9-ae62-9eace767c482,447752380105,2026-01-29 01:38:52.000,2,FAILED,0,GBP
dcd12817-29d7-4ad4-aa00-01f9d25dd7e2,270667bc-eb89-479e-9f69-41a8530f31c4,447738701216,2026-01-29 02:06:40.000,2,SUCCESS,2.99,GBP
77337a93-018e-4268-85ea-4bcb1e3c8f71,270667bc-eb89-479e-9f69-41a8530f31c4,447738701216,2026-01-29 02:08:40.000,1,SUCCESS,0,GBP
6f05db85-8f92-46df-bdcc-9fb5cf29a8e6,66a1554c-4c4b-400d-8f61-3920c9fb49fe,447725684562,2026-01-29 02:15:47.000,2,SUCCESS,2.49,GBP
9e76dc26-cd50-411e-b657-5d78d7121bbe,1a6d25b3-7d4a-42cc-8b77-2d4822fccc36,447713102455,2026-01-29 02:33:55.000,1,SUCCESS,0,GBP
9280d894-fb89-47e6-8823-b7e03067e031,b2e1e4a7-f1ad-4f0c-8604-4f8e40755d25,447745988531,2026-01-29 02:34:16.000,2,SUCCESS,3.49,GBP
a42f0421-18e9-47f8-9b4b-6e956614199f,2af14425-5857-482c-8d07-235046bbb19a,447729957848,2026-01-29 03:13:03.000,2,FAILED,0,GBP
03c4e5ba-0ff2-4f1b-af1c-2e6df1e5b1a9,ec13536a-7f73-4fc3-8b4b-ec8324b7b225,447772941480,2026-01-29 04:04:35.000,2,SUCCESS,2.49,GBP
ce13821e-dd96-48e7-aa26-a1d9a7ad147b,8d287457-d4ba-4265-90c6-620d4fe248e6,447737036454,2026-01-29 04:12:10.000,1,SUCCESS,0,GBP
ff28c2c8-6616-4b83-9baf-f53be47c4acd,137e76b4-7619-482e-8fea-3b86d9a2b356,447716452560,2026-01-29 04:22:43.000,2,SUCCESS,1.99,GBP
bc6890ca-46be-47e3-983a-f467969b161e,634eb730-61fd-40ec-8280-bdb4325411ad,447738746511,2026-01-29 04:25:10.000,2,SUCCESS,3.49,GBP
51f96170-d83c-4de2-aed4-c5446d368202,8c70fe05-2493-4aed-80d9-94c987ae2a32,447763260704,2026-01-29 04:49:32.000,2,PENDING,0,GBP
62922f5b-2a53-442d-8b79-24874c5e8f9f,ffc2c513-44f0-4298-be6d-a74535a9fdee,447798211292,2026-01-29 04:59:31.000,1,FAILED,0,GBP
3200ef8a-cdb5-4efc-9cd6-dd401b474c5a,c5be9220-f8d0-452b-920c-ab8062fbc52a,447718067675,2026-01-29 05:15:31.000,2,FAILED,0,GBP
69bf6983-ef1c-4fd0-83da-01154b74e1cf,c701fb63-ae9e-4437-a1e7-821f41379669,447724085250,2026-01-29 05:16:27.000,2,FAILED,0,GBP
2197c7cb-e2c6-4262-b7c1-2af77dd9a4ce,bc56c5a8-7069-4cb5-ab88-eb63fe298ac2,447777564128,2026-01-29 05:36:34.000,2,SUCCESS,2.49,GBP
1efb4717-50bf-4516-b8c3-4f5237a62870,07ba46f4-5182-48a5-9704-fa88e45ab317,447768075420,2026-01-29 05:43:24.000,3,SUCCESS,0,GBP
b4de775a-978f-4abf-915a-39e6deb781f1,f1c205b8-f1b1-4e30-8699-58b61b5b217e,447730238284,2026-01-29 05:44:27.000,1,PENDING,0,GBP
34ccaa9d-a367-48aa-a138-f1814f355219,9b7cff49-7932-4358-8112-4a1422f5b15f,447790741178,2026-01-29 05:57:44.000,2,FAILED,0,GBP
9e67584e-206d-4202-bab8-cdea5af036cc,a99224c4-142f-4adf-917f-f3d41949bf7a,447749732658,2026-01-29 06:00:53.000,2,SUCCESS,1.99,GBP
18f235e9-3e88-4cd3-a337-9fa11245813c,a99224c4-142f-4adf-917f-f3d41949bf7a,447749732658,2026-01-29 06:02:26.000,1,SUCCESS,0,GBP
36faca42-2cd0-48a6-ba3e-18a5c54ab37f,0340f1cc-8f1b-42a2-a69c-e5b2a9bda717,447785026771,2026-01-29 06:16:01.000,2,FAILED,0,GBP
96136258-fd75-4525-b06d-d80dbb304878,1537370d-e557-4f5c-95d6-3552248d75da,447776438765,2026-01-29 06:16:53.000,2,FAILED,0,GBP
1fe69d9e-ea75-4542-8a3d-ceecd1518577,48099980-10cb-43d9-ae8b-042411a79f5f,447768471204,2026-01-29 06:28:22.000,2,SUCCESS,3.49,GBP
8de873cc-c777-4f63-bd24-07a9e4f47958,68f0c2af-3bea-4c10-9893-98007d4453a1,447765928309,2026-01-29 06:52:48.000,1,SUCCESS,0,GBP
170b3536-5ff6-4617-9ea6-c323296a370f,5caf2fa4-f82e-4547-805c-f066cfb9330c,447790774510,2026-01-29 07:06:31.000,2,FAILED,0,GBP
ec41dfea-39f7-4ffd-9be5-027c72228aba,ce476fa3-7ea5-4060-912c-95e8a2541ca4,447768279733,2026-01-29 07:06:50.000,2,FAILED,0,GBP
312ad600-5839-40e1-9c26-0034d3c2ffb3,2aca5da1-6e3a-4eb5-8d97-21fbd74267a5,447741433286,2026-01-29 07:41:07.000,1,SUCCESS,0,GBP
1e041619-c78a-4486-a31c-4d3efbb256fa,3c712bac-46c5-46bf-8a05-5d3e28d0cfe9,447760204171,2026-01-29 07:44:11.000,2,PENDING,0,GBP
46d62178-a37a-4b9d-b739-7ad45355590e,e59db63f-b498-4cbc-9fa9-6180222858b4,447733501241,2026-01-29 07:50:59.000,1,FAILED,0,GBP
51b7b302-40b4-46a2-93e3-3a31e5427502,1b0df72d-93b9-4c02-b926-91e4e8f41486,447740073227,2026-01-29 07:55:20.000,2,SUCCESS,1.99,GBP
2fbdd63a-4f07-47db-a6dd-6e82a7d64f18,bb0e6694-7667-4e72-bdee-aec543e53835,447753905772,2026-01-29 08:02:58.000,2,FAILED,0,GBP
530dee67-9e88-433b-9a7d-3e87eb9d1cc6,c589e150-aaaf-4de0-8272-bf95183eaa64,447789268443,2026-01-29 08:03:04.000,2,FAILED,0,GBP
a792fa9a-471e-40ca-8b9c-2a7fce7e1ea6,33f866fd-d651-480c-ad55-2db7baccdf6c,447775829223,2026-01-29 08:03:16.000,1,SUCCESS,0,GBP
a21e5f83-b062-4073-943f-d88db207b3d2,a0e738b6-5a28-4555-8bfd-6f9ac544ac20,447762797483,2026-01-29 08:23:46.000,2,SUCCESS,2.99,GBP
5238ecaa-8939-4db9-aaac-921cabbf7097,a0e738b6-5a28-4555-8bfd-6f9ac544ac20,447762797483,2026-01-29 08:24:05.000,1,SUCCESS,0,GBP
733ddca3-a02a-4242-872c-2296c0ef4bbd,92974d69-d4c9-40df-810f-1b6562312ce3,447764615561,2026-01-29 08:25:57.000,2,FAILED,0,GBP
cd632377-b4b4-48a9-afef-ab2b7c3cb315,bdaa7e82-84d5-4821-b0e2-fb157e970923,447794776995,2026-01-29 09:08:18.000,1,SUCCESS,0,GBP
8d0105e1-74a3-4681-84e7-b4b943c6456e,73a11637-7a36-48fa-b91e-9f221f5dddb8,447748528155,2026-01-29 09:09:54.000,2,FAILED,0,GBP
070d5e76-5c58-432b-b040-b9eb934127c5,490ebe37-167d-408a-906e-7be1bce21ee9,447726605704,2026-01-29 09:16:47.000,1,FAILED,0,GBP
935648ec-3a50-4aeb-901f-943deae4f1db,d2a17b8a-89f3-4061-a4fe-e5a07e09ed27,447779422235,2026-01-29 09:50:19.000,1,FAILED,0,GBP
18b2ef50-bc16-48ac-9904-7ce4849f1d50,c5f37aaf-c63a-4d17-a8ed-79b60bca7c59,447754262734,2026-01-29 09:54:36.000,2,SUCCESS,1.99,GBP
77d65907-d270-49a2-968c-cd1c4468d536,ec0cde55-7c61-4845-a00e-76874ea85bc7,447729252233,2026-01-29 10:17:21.000,1,FAILED,0,GBP
0b70c7d3-8d9a-4f4f-8ea9-3a7788e82841,11f02363-5d5b-43ec-b9fd-8c833bea78b2,447722760719,2026-01-29 10:24:43.000,1,FAILED,0,GBP
8d6d4cc8-3fc2-4f8a-b9dd-7f9d4d246b6b,2d04905a-0749-4a1d-be61-24d62ad03a57,447785038842,2026-01-29 11:33:25.000,2,SUCCESS,1.99,GBP
b1fcd171-8247-4cc5-98c5-c59436d2c8ad,15c490a4-6cbd-4fc0-bdce-164a2b620c04,447732293104,2026-01-29 11:46:00.000,2,FAILED,0,GBP
8f731c2f-5bbd-4f6a-96c9-43108f8f83dd,001a2960-0dab-4fdf-b23b-ca2bb9cba691,447744278577,2026-01-29 11:47:01.000,1,FAILED,0,GBP
371473bd-09a3-4f25-8c3a-533af8450519,702ce712-a2e0-419e-99b1-a42c74c86899,447771309530,2026-01-29 12:03:02.000,2,SUCCESS,1.99,GBP
96617c76-665a-4c04-ac35-80d9f6a8bd00,bbec8e85-3b11-472e-9f9c-1679ef0950cc,447746935086,2026-01-29 12:10:57.000,2,SUCCESS,1.99,GBP
1a8beb6d-88ab-4a63-a169-13315e1f1fbc,1b88ecc8-7b49-4707-86f7-e134e22eff9b,447742305442,2026-01-29 12:41:46.000,2,FAILED,0,GBP
79db30b5-22ba-43ae-afa8-81eb109af794,9d6ca39d-2c2d-4380-8af3-9cd8f75929a3,447732965600,2026-01-29 13:01:49.000,1,FAILED,0,GBP
586827ee-a8bd-4d48-be4d-85f0edb07b17,cf2df953-ee4a-400c-b744-7ebbd3aa35d1,447720848359,2026-01-29 13:12:29.000,2,SUCCESS,2.99,GBP
06db6e2f-1e1d-4e19-8aa7-6ec761452f97,7d484b0b-37e3-456e-8fef-71df4a0ef1aa,447705259726,2026-01-29 13:29:13.000,2,FAILED,0,GBP
cc1580b8-f5c4-406f-a161-efa8f5120d70,1649ac4c-1aab-4dcf-96f3-462285033f69,447761806575,2026-01-29 13:31:15.000,2,SUCCESS,3.49,GBP
245054d3-c1d9-47b5-bacd-0f914bc52d7a,310400ba-761d-4303-8bd7-2420f022dc4b,447773327400,2026-01-29 13:42:06.000,1,PENDING,0,GBP
e472906c-982f-430d-a340-cb3f6f41260d,e371b491-36bf-4f81-bdae-f24dc362a47e,447772537851,2026-01-29 13:52:22.000,2,SUCCESS,3.49,GBP
7c0a58f7-54b3-4760-87ba-764de7c98a75,9dc08cee-6cc8-49cc-818e-8a7a0931290e,447725021368,2026-01-29 14:03:52.000,1,PENDING,0,GBP
8faad76f-edcb-45fb-9549-4d8d36c5206c,746ad665-412b-4380-be58-cc04621b8188,447767419542,2026-01-29 14:55:50.000,2,FAILED,0,GBP
6d5d8d34-508e-4df0-a465-b9e659d57528,cd76d50a-e465-41a5-9d63-c5228541787c,447731625228,2026-01-29 15:05:01.000,2,FAILED,0,GBP
2d834170-a2c9-4968-940d-3b1b993c916f,1503ae56-2810-4c23-8ac8-9b2288227672,447710065776,2026-01-29 15:11:59.000,3,SUCCESS,0,GBP
97c3bd75-d26c-445b-ada2-6320a47b9b07,9a933fca-1597-4af9-a67c-2049aac86108,447728146498,2026-01-29 15:52:42.000,2,FAILED,0,GBP
17d5f36f-7c7e-4928-b1e5-ccd71d547a1e,9a1fcd4b-5e52-424c-952b-c00ee42c8fd1,447725221070,2026-01-29 16:24:02.000,1,SUCCESS,0,GBP
08308bf7-a4df-42d7-b33c-0bdc2bafdc75,bc3344b2-b60f-4874-9b45-e48785f4aae4,447771044235,2026-01-29 16:33:07.000,2,FAILED,0,GBP
4952da26-943a-4494-840d-8115787dfb88,3ed91e1f-2a08-4468-9574-690f483404bf,447733972968,2026-01-29 16:44:32.000,1,SUCCESS,0,GBP
afa04425-b334-4486-b491-3a34c3b999eb,a5294481-67a4-4742-aaee-81c386c8d71c,447712110030,2026-01-29 17:04:14.000,1,FAILED,0,GBP
1ce0a2fa-33f7-4cde-af4f-ce9ac362f3b5,29ca970d-e24b-4352-aafe-15c5800e3664,447796829630,2026-01-29 17:28:06.000,2,SUCCESS,2.99,GBP
fa944f4f-af82-4333-84d3-aaad90a8a8c7,29ca970d-e24b-4352-aafe-15c5800e3664,447796829630,2026-01-29 17:28:22.000,1,SUCCESS,0,GBP
ada3283c-99ba-45a9-8036-d423b9b490dc,241a6f03-b165-4ec9-a5ce-f7a7082b25b9,447710470754,2026-01-29 17:40:58.000,2,FAILED,0,GBP
4e6662ff-a77b-4c2a-a38f-af9840e66f50,9ea42a03-6824-42c5-941d-fb3ec712fdc5,447719764336,2026-01-29 17:54:17.000,1,FAILED,0,GBP
2f32cc73-36cb-4f85-8395-c09ff17c86a8,0e5a956f-e83a-404e-885f-c904212ba56b,447795385815,2026-01-29 18:00:59.000,2,SUCCESS,3.49,GBP
97ac0edb-9d71-4daa-819e-9150be73cc8a,0e5a956f-e83a-404e-885f-c904212ba56b,447795385815,2026-01-29 18:02:37.000,1,SUCCESS,0,GBP
978c6e3b-693e-48c1-ac4c-65af52a14827,d2ff316b-5cb0-41ee-aa43-6164b3bfffe7,447741549661,2026-01-29 18:21:49.000,1,PENDING,0,GBP
9c14d699-3f44-4c18-ab1f-09d51142e619,3fe4c4a6-3be0-4292-928f-671408fa6eaa,447726315242,2026-01-29 18:23:59.000,1,PENDING,0,GBP
8ce2a405-d1ed-4edd-8f20-79ab10f910c5,d758171b-a268-4962-8b05-43accad5de41,447785975263,2026-01-29 18:32:22.000,2,SUCCESS,3.49,GBP
dc7c3f8f-9a85-491d-bb84-62a8f7eb3dfc,5d8adccd-622a-4d5f-972c-b80cd6d12455,447779262440,2026-01-29 18:50:35.000,2,SUCCESS,2.49,GBP
f29d778a-586e-4656-94cb-44f801652b7f,d233683c-5415-4275-99e1-1f6fd99d92b5,447792291898,2026-01-29 18:57:11.000,1,FAILED,0,GBP
1f18c906-59ea-4899-a78c-af507aee9018,58c8fde2-1724-4c04-8bc8-d721e6eadc25,447737665512,2026-01-29 19:07:42.000,2,SUCCESS,3.49,GBP
e804c4e1-bde7-4423-b327-f128e59c3261,a9542c8b-ae25-4e8e-8ece-d569999e566e,447752059050,2026-01-29 19:29:33.000,2,SUCCESS,2.99,GBP
2d1904bc-b0d2-4ca5-a5f6-d4bbf058a31e,51a886d8-2bb5-41a5-bc49-33efee09d164,447742777522,2026-01-29 20:25:21.000,2,SUCCESS,1.99,GBP
a63fecb3-e689-426a-85eb-b3c6e77478a8,cc4ca236-4439-4b7b-b2dc-593a1a2948a3,447750448946,2026-01-29 20:35:04.000,1,FAILED,0,GBP
bff0ee16-4cd1-4819-bed3-823082752d2e,9d6d7f98-1c48-44f8-8991-a3f3d1fadd5d,447767884624,2026-01-29 21:39:17.000,2,SUCCESS,2.99,GBP
97d98cd4-ebcc-4037-8615-c1c88c9e0c34,5ccd7872-da79-4d95-981f-1615d885fe00,447777933549,2026-01-29 22:23:14.000,1,SUCCESS,0,GBP
9dd2ee58-d539-48b4-a8ef-c94d70084a44,0a6649a2-f8b8-4915-ba08-69f472c3703e,447785102663,2026-01-29 22:37:59.000,1,SUCCESS,0,GBP
6854fe2c-4e0c-4314-b286-c73c00c9b20d,a23e7c56-7ca2-4810-87d8-03082a4603ef,447762274156,2026-01-29 22:47:01.000,2,SUCCESS,1.99,GBP
367a63c1-edae-429f-8be7-07b4f3eaad62,82c9e46f-aa50-44fe-901b-67694ed62404,447742695082,2026-01-29 23:07:21.000,2,FAILED,0,GBP
c774181e-65ff-41d8-b190-738fab436718,28171c8a-2a38-4d0b-b0f6-b7c5aa621e32,447737452825,2026-01-30 00:20:43.000,2,FAILED,0,GBP
3788926e-a28c-4356-acf7-712c6702b078,e0623c3b-ee96-4323-bfaa-dd9ff236cdee,447736487538,2026-01-30 00:23:45.000,2,FAILED,0,GBP
fe8d63a1-94d0-4dd0-a873-2d430eca369e,f015dbb0-088b-42dc-88a0-0e19829c653e,447752655906,2026-01-30 00:45:43.000,2,SUCCESS,3.49,GBP
b8354503-9431-4954-bdfe-a239f7f934fb,b53fdba6-f7d6-4018-bc05-3f168de0e225,447758250982,2026-01-30 01:41:17.000,2,SUCCESS,2.49,GBP
6ef01470-39a3-4e75-b49f-3c8924bc36b0,3c2b1122-3ad2-4291-b6d2-2cf1bd867974,447745342937,2026-01-30 01:42:55.000,1,SUCCESS,0,GBP
6985b153-30de-43e1-bc56-3073444811dc,a637d30a-290e-4c66-9117-322eb38ec14f,447718159440,2026-01-30 01:47:07.000,2,SUCCESS,1.99,GBP
f7bb333f-6e78-44b4-8cb4-38936150fad8,49d46bcb-014a-4a82-acbf-28c7e4d3fa10,447700442636,2026-01-30 02:00:18.000,2,SUCCESS,1.99,GBP
e09bc924-75a8-4027-a7e7-51934369da9b,ef1e85ad-9467-4bab-9b4e-861de7a894b7,447761273693,2026-01-30 02:22:51.000,2,FAILED,0,GBP
1a8ef62d-a20b-43a3-9097-2f3430b133c6,1d64af3a-d130-4736-b8f9-2e1518500582,447778354657,2026-01-30 02:24:52.000,1,FAILED,0,GBP
37d1a9e9-f499-4171-8379-3f750a4f47b4,c725e53d-0172-4395-95f9-d25b415e5ca3,447781399503,2026-01-30 02:33:34.000,2,FAILED,0,GBP
8db1f036-e42e-4970-959e-4a39a800abbe,1654bdd8-1733-4f6e-bd24-f01e38575f31,447788985989,2026-01-30 02:42:33.000,3,SUCCESS,0,GBP
7ac58fdc-6a36-4a07-a842-3dfe5caedbfb,3e13e890-f781-413f-9425-43ba72bd0f9c,447720995196,2026-01-30 02:57:12.000,2,SUCCESS,2.49,GBP
f09eddb6-bf7c-4af4-9dc9-66e25d2f50e3,fe8e9e47-3827-46b5-9c06-fc8ffbf0673a,447792862525,2026-01-30 03:07:28.000,2,FAILED,0,GBP
a478c647-4716-4b46-b79e-dc003ac55620,5605b28b-f8c4-48a8-94a0-c40a989ce80b,447767098790,2026-01-30 03:22:30.000,1,SUCCESS,0,GBP
32c50649-290c-4684-b745-4618fd42c58f,9626bdb4-fd4c-47ab-ad6d-d0029291f35b,447716377771,2026-01-30 03:40:53.000,2,FAILED,0,GBP
41087dbe-3799-488d-abd6-69d0a27d67da,690326df-8717-431a-a31e-d2294a98f9c8,447734378199,2026-01-30 03:59:36.000,2,SUCCESS,1.99,GBP
aba2e839-c4bb-47ac-bd9b-019681a84b26,9464ff3b-c154-4b15-958c-84b7e4282cbf,447750695709,2026-01-30 04:55:12.000,2,SUCCESS,1.99,GBP
c2d1f504-0b8c-47ae-833f-23ccc1a5c59e,795797fe-580d-40b0-908c-123db0359c89,447797390320,2026-01-30 04:58:11.000,2,SUCCESS,3.49,GBP
5d3bc8c0-dc57-42ae-8b63-e9957764a437,795797fe-580d-40b0-908c-123db0359c89,447797390320,2026-01-30 04:59:40.000,1,SUCCESS,0,GBP
fc85adc4-dff7-4d71-b6eb-b96e90620dcc,fd2e7636-454b-45ab-bf33-6925c1f9a162,447760952253,2026-01-30 05:11:56.000,1,FAILED,0,GBP
c0685483-d4d5-4258-975f-7515e0196a33,9673a153-e63a-486b-aca6-4b726ba5975b,447783839512,2026-01-30 05:12:59.000,2,SUCCESS,2.49,GBP
dc343a26-25df-48f9-8d7b-c5749b070051,f14d1d9d-c3f2-455c-b637-258d7e043e42,447753284476,2026-01-30 05:34:44.000,1,FAILED,0,GBP
4bdb7dd9-6c51-4b12-a1e3-923fd63de154,05a52649-939e-4875-b31c-bf8ef887b862,447711191238,2026-01-30 05:34:52.000,2,SUCCESS,1.99,GBP
14f18897-5d13-4126-9103-14a6b8546ae7,dad2f436-e37f-4bc5-b79b-af754d6519ba,447721254118,2026-01-30 05:55:01.000,1,FAILED,0,GBP
144e3bc5-e4e7-4ec5-aa00-8a396afe490d,03cd5884-e568-43f2-82d2-778f3e27ae8f,447778617150,2026-01-30 05:57:53.000,1,SUCCESS,0,GBP
d45f5409-3359-40bf-bebc-992f54b252fc,e2d20cce-0e07-4594-b936-461eef902a8e,447781089799,2026-01-30 06:07:27.000,2,SUCCESS,1.99,GBP
e1e03a2b-6185-4af6-b7c3-94877e3f79f1,53efaac1-a139-4854-a261-e86fdb608bf0,447706951835,2026-01-30 06:20:31.000,2,SUCCESS,2.99,GBP
28ca7163-a8d1-4b12-985b-2c57a2b7997b,3f12a266-7185-4f2a-bb56-a2a30a398c6f,447702023451,2026-01-30 06:31:48.000,2,SUCCESS,3.49,GBP
8b763317-6aa8-4940-88ec-9b546097d8de,4018620b-1f72-4563-9701-3bef73ed7b8d,447761089738,2026-01-30 06:56:22.000,1,FAILED,0,GBP
f6d14b93-2d14-4167-adc5-3294a77376f6,50368f62-1e52-45e7-9ecb-c04ccb25a233,447748416221,2026-01-30 06:58:26.000,2,SUCCESS,3.49,GBP
eb5637bb-29c9-4e80-ac1f-a8a51d6b196b,64a9c1b5-6cf6-4d0e-a5be-3b945caf2f28,447750927140,2026-01-30 07:02:53.000,2,SUCCESS,1.99,GBP
6d10727e-5df5-4a0b-beae-806404f2d64a,12fc2a33-7b97-4f8b-9b78-615b6721f7dc,447795743612,2026-01-30 07:10:00.000,1,SUCCESS,0,GBP
b110bc84-5987-4297-9b85-bb7ea7f870e3,4b1f65f3-ae44-4710-8748-918fa3d892d9,447780340200,2026-01-30 07:15:34.000,2,SUCCESS,1.99,GBP
fda45da1-6730-4e91-8974-da295f08f018,4b1f65f3-ae44-4710-8748-918fa3d892d9,447780340200,2026-01-30 07:16:45.000,1,SUCCESS,0,GBP
3901f48e-f83d-4011-9e9c-063e734abfaa,f44733d6-ca3f-4665-acba-291ba87fe73c,447785092922,2026-01-30 07:48:52.000,2,SUCCESS,2.49,GBP
933235f0-928e-4d74-9814-efe8e98d07dd,5546b62b-c590-4eea-869b-8e4ffd76e467,447737423342,2026-01-30 08:53:17.000,1,SUCCESS,0,GBP
dad72d0d-44ba-4433-a87e-e79cc3c47962,2f5d9b71-4e58-488f-955a-7cf713f9c0e6,447783174603,2026-01-30 09:03:11.000,2,SUCCESS,1.99,GBP
2a9ea5bf-f0bd-49a0-9072-15ec5eb0fd61,86103929-ba40-410a-8539-dd01f4644f2e,447774154672,2026-01-30 09:04:00.000,2,SUCCESS,3.49,GBP
1346161a-3cb9-4709-a5e4-8c6546a22e9a,ebc02fbc-dc25-4dce-aa75-964908c33dbc,447795474341,2026-01-30 09:15:37.000,2,SUCCESS,1.99,GBP
12385a1d-c3ec-4b71-9cd9-a76ae362c5ed,08078e94-e0d0-46fb-b0fc-122e404c8ec7,447776632440,2026-01-30 09:22:48.000,2,FAILED,0,GBP
e569ae7b-2ce8-439e-8a03-efe749813df8,db4bdd9f-90a0-4963-b03f-212530f87ee6,447751250609,2026-01-30 09:24:03.000,2,SUCCESS,2.49,GBP
9a592128-5d6b-4701-b9ef-bcc2c67a7e66,95518e09-dc64-414a-b3ce-6857b64e5059,447719497198,2026-01-30 09:25:46.000,2,FAILED,0,GBP
fe5733e4-2b9b-48f7-a3c3-68a74de31b6e,2a0ad89a-3a7d-41ba-9a09-8efe206541af,447768497755,2026-01-30 09:33:22.000,2,SUCCESS,1.99,GBP
6230e182-eedc-40a3-80e0-43d9afda3425,544939fa-c447-433d-9e2e-cffefd26fe4f,447744664159,2026-01-30 09:56:22.000,1,PENDING,0,GBP
07ddaffb-e9ec-4934-ab77-f2277613dab8,dd6d32eb-d431-46df-82ed-4ae5c420bb1e,447735152963,2026-01-30 09:56:59.000,1,PENDING,0,GBP
54bdf100-ad2f-420a-9b4d-6effceaeff1a,85154408-b8cb-4bec-a56e-2683b21bbab4,447757427624,2026-01-30 10:06:22.000,2,FAILED,0,GBP
311f5810-6fc0-4e1f-a5f0-07c1c96f6b8b,6ff7ae8c-e9d2-4d68-9ada-dd28213da1a3,447700193255,2026-01-30 10:15:36.000,1,SUCCESS,0,GBP
ce9f163f-4aba-4359-bd9e-c56be8003ecf,53e88720-8866-4e6c-93eb-b928c9efc015,447791088647,2026-01-30 10:32:41.000,1,FAILED,0,GBP
3f8e6903-df86-44ba-b0f1-585fe1994a16,826b017b-74cc-4486-b6da-052f6ca859ca,447727912517,2026-01-30 10:42:04.000,1,FAILED,0,GBP
f4d7821b-d0b4-404c-8c58-48be185f08d5,57a49c63-f9ce-49fa-86ed-53316606f748,447720092914,2026-01-30 10:43:14.000,1,FAILED,0,GBP
f02cfd5c-c8a8-4eee-969c-23225c2f8537,7625a9fe-e3a2-4b40-bd6b-0acec924c070,447758143195,2026-01-30 10:47:23.000,1,FAILED,0,GBP
a4e26211-7521-448d-9175-d2d202b641a7,db12cb5f-da45-43fd-96d0-34b2ccec19f6,447742459428,2026-01-30 10:56:30.000,1,FAILED,0,GBP
b5462990-b24d-4c86-9eab-5052ed7f9ed8,3c13c882-7b12-4b03-a82d-a1418c25cfda,447789745071,2026-01-30 11:14:14.000,2,FAILED,0,GBP
a1d059f3-edda-46b0-a70c-ea49acceeb2b,85c6a119-872e-432c-acfb-c948924caf9c,447754147695,2026-01-30 11:21:51.000,1,SUCCESS,0,GBP
82beb815-ba80-4136-8fb5-6f64cb15fef7,86e8c686-f1cc-40a0-9e3b-b85ab7415f6e,447711515366,2026-01-30 11:48:04.000,1,FAILED,0,GBP
d2188e3c-6650-4a1d-8957-ecdaf447a131,0e7f07fb-424c-46c9-8a5f-2d0578efe3d7,447778228614,2026-01-30 12:19:21.000,2,SUCCESS,1.99,GBP
07fda7e7-9676-45fa-ba69-5802ec338ebb,669d7f32-5013-48f6-9668-8bcf0d676edf,447732677897,2026-01-30 12:27:07.000,1,SUCCESS,0,GBP
726c2d86-c5fa-43bd-95cf-ffd81b656a80,05d80484-b44d-46bd-857c-17436797f1fa,447780777690,2026-01-30 12:33:24.000,2,FAILED,0,GBP
2aa8527c-20f3-43fc-8528-6027e04b704b,37b5d1f9-472d-4d55-a902-4eedeb51a01a,447786853845,2026-01-30 12:33:45.000,2,PENDING,0,GBP
ef3f8ade-377e-493e-9f07-dbba351d6cd3,5b0fbddc-1159-45b7-a340-b14395864df3,447703746612,2026-01-30 12:46:19.000,2,SUCCESS,2.99,GBP
93e35602-6085-4bcd-bf0c-56d3912bb0dd,c2d6b686-fdbb-44cb-9cd6-942e3b3968d6,447701608040,2026-01-30 12:55:47.000,2,SUCCESS,1.99,GBP
9f1995cc-5720-4e90-9b86-a69802bbae09,fdf97248-7822-4376-a618-0eee6f8a4b7e,447728356343,2026-01-30 13:01:20.000,2,FAILED,0,GBP
4da53977-07b5-4ef8-9920-54e5078ea448,f3b7247a-5dc5-4ebe-b695-45a90b8031ef,447799231281,2026-01-30 13:19:52.000,2,PENDING,0,GBP
272d108d-9d20-4d5f-ab26-fad571007b5d,aed724cd-11b4-4949-b434-eb273e529e3d,447752483644,2026-01-30 13:56:39.000,1,SUCCESS,0,GBP
fbd8af7e-d91b-4614-8f7d-a166fc8add81,5f096c85-8b71-4876-9d7f-060b627fe767,447795064427,2026-01-30 14:10:25.000,1,SUCCESS,0,GBP
3fd8cf3e-34fc-4139-9598-1bf848f8ba37,3314db8e-5e19-45a6-b4b9-c09a109fb452,447768764550,2026-01-30 14:18:14.000,2,SUCCESS,1.99,GBP
c5f3e559-a023-41a0-b67f-cd5f9899bb87,65d7ea64-1c3e-4b43-9764-97a05eb9bab5,447715560946,2026-01-30 14:25:42.000,1,SUCCESS,0,GBP
48cac866-39cf-43fd-ab61-a66ebbf583ca,3f323ac4-3da8-4250-91b3-a97f96d91d36,447775833080,2026-01-30 15:06:41.000,2,SUCCESS,1.99,GBP
7baf4f08-3bcb-4e41-b1c6-43165a83ad86,cb982180-5c21-4640-b441-6495700f9506,447733183593,2026-01-30 15:23:36.000,2,FAILED,0,GBP
c384e862-e83d-4121-b172-5b8642ad5caa,73a10220-54bd-4cf3-9fe3-6183a6b867fe,447717939317,2026-01-30 15:27:56.000,2,FAILED,0,GBP
f6789af9-ee9b-4fcd-ba72-7a8e810189c0,02360f6c-d2f7-4494-9316-936a20428ae8,447735965951,2026-01-30 16:10:40.000,2,SUCCESS,3.49,GBP
82df2353-fd0d-4123-9a97-0e7b430728cd,d37c437b-71a9-4820-9460-ff78c95ba8bc,447796573868,2026-01-30 16:17:44.000,1,PENDING,0,GBP
ec5f62c9-bca3-47b5-aacb-5419750a9076,01585d66-d8ad-4f01-aaf1-76199feae795,447722381788,2026-01-30 16:27:33.000,2,SUCCESS,3.49,GBP
4f06d47b-d4fd-4840-b212-381219ab5ec9,4e4da081-145c-4919-99c2-6407ca3de6b3,447701753260,2026-01-30 16:40:23.000,2,SUCCESS,3.49,GBP
41d3e6da-044a-4aad-808a-c0867eb49503,c9e0f409-3112-4511-bfbb-027eae9a584c,447731445855,2026-01-30 16:40:54.000,2,PENDING,0,GBP
79ecad0d-c0c9-4e0e-a7ca-68f912ce3a7e,9b4d3714-a4da-4eab-85d8-b07d1d5df2b4,447742934943,2026-01-30 16:52:23.000,2,SUCCESS,2.99,GBP
e1404d0e-e56a-4d10-a2e0-307ae9c198fa,6eb8a835-8f78-423a-8e9c-d4aa38ff2e04,447738269316,2026-01-30 17:24:50.000,2,PENDING,0,GBP
a462ffe5-701b-4293-a896-c20009bcd031,7deda305-d129-45d4-b6f6-5c03f6814e9c,447741033065,2026-01-30 18:05:24.000,3,SUCCESS,0,GBP
2556f1fa-6f9d-4475-b01f-d4b2866d2106,091b109a-719d-4c95-8dc4-6a7a2763c78a,447792886307,2026-01-30 18:17:11.000,1,SUCCESS,0,GBP
b7e71d6d-9302-443b-9d68-3828dbc940d4,ee19ac37-168b-451b-b6b1-5d8baf04be35,447717258448,2026-01-30 18:33:37.000,1,FAILED,0,GBP
e5a2465f-4213-40a6-ab0a-dace2a1886c8,4b5972de-82dd-47cc-9435-7dbf98bd49ca,447788662694,2026-01-30 18:38:02.000,2,SUCCESS,2.99,GBP
8911a1e0-e8d2-4e99-837d-c3507dae8f9a,8e436e9f-5890-4174-9230-ca9b4162ce8f,447742140430,2026-01-30 19:02:12.000,2,SUCCESS,1.99,GBP
b5a79d81-1f72-4f88-b642-ecd2d93e4a0d,6d2966b0-e8e5-485e-9a4d-5b898ec4950a,447712986419,2026-01-30 19:04:30.000,1,SUCCESS,0,GBP
31d75e82-a3b2-4b19-9487-29a0a233e51a,45508e7f-f55d-4772-b501-6b30700f5e7c,447799182671,2026-01-30 19:30:29.000,2,SUCCESS,2.99,GBP
053b1af1-090e-4354-8ffc-674d7fd92d6b,53150ba1-bbc5-47ff-9e6b-8adca7409f64,447721794146,2026-01-30 19:56:55.000,1,PENDING,0,GBP
aee36c4e-f82f-46f8-a3c7-98fe1e88db61,535b6037-b146-4720-a29b-e50958cd2173,447733849796,2026-01-30 20:22:29.000,2,SUCCESS,1.99,GBP
ace78870-500d-4c0d-a37d-5663d833e827,c84a81be-547e-41e5-bf10-930df45dccef,447729505346,2026-01-30 20:23:15.000,2,FAILED,0,GBP
2ee64d23-63c7-42be-bfa6-48d3598de475,78901e5a-4c97-449e-be76-6c374719c7e7,447752713087,2026-01-30 20:27:26.000,2,SUCCESS,2.49,GBP
a3761d6f-d420-492e-ad4d-c3bc8a748d4b,c9b7a2d8-15e8-4c90-a8a0-dad69df49142,447777496616,2026-01-30 20:33:12.000,2,FAILED,0,GBP
655c4493-c04a-495e-a609-0fef7e3382fe,b9488533-ab5c-4e92-a8e0-300cae8e95af,447741652412,2026-01-30 20:34:27.000,2,SUCCESS,1.99,GBP
9ff07e53-68fb-4f1d-b7a7-444938a2be83,b9488533-ab5c-4e92-a8e0-300cae8e95af,447741652412,2026-01-30 20:35:38.000,1,SUCCESS,0,GBP
66671860-b82b-4056-b9bd-9f952aa7e5a5,9ac2bf2c-cc33-4146-b896-ad8e2a8efa5e,447728833978,2026-01-30 20:46:02.000,1,SUCCESS,0,GBP
c68ddc7d-9b7c-4052-8031-c2683e3dbf6e,a7194335-bf70-48fe-9a79-b5e92ed58a25,447784833534,2026-01-30 20:49:14.000,1,FAILED,0,GBP
63c9c86c-60f5-42e8-ae2a-c27838819e5a,ce302f3c-d19d-477d-9b4f-ecd7ae2f3283,447757429020,2026-01-30 21:00:02.000,2,FAILED,0,GBP
0310ae9b-b2e7-4921-b340-3dc3a620731f,68f40838-85e4-45e1-8aa9-03c7ad79c86c,447726798070,2026-01-30 21:09:48.000,2,SUCCESS,2.99,GBP
6bd5d29d-c10f-4194-820e-91b5a7a77936,33d42a62-61ba-4b95-8c81-1b1796c1973b,447778816407,2026-01-30 21:19:28.000,2,FAILED,0,GBP
83311cc4-59c0-476c-97c0-4ad905043b7b,47a9d9df-ccd7-4cd7-bf56-11724e957d39,447731130147,2026-01-30 21:20:57.000,2,SUCCESS,2.49,GBP
ae5aa489-edbd-45ca-8520-8b43c99ed432,8b121e67-52f9-4fc0-a9b2-ebeea9104f1d,447700525272,2026-01-30 21:22:29.000,2,PENDING,0,GBP
96b47831-406d-48b6-8207-82928ad70f2b,cc8d8884-93de-47a6-8e9e-1ab49ebc5267,447760339806,2026-01-30 21:54:50.000,1,SUCCESS,0,GBP
20881da3-1827-4b60-a6b6-057dc2878503,37947a8c-c4da-4028-bce4-0ebb01ca6bdc,447757436610,2026-01-30 22:03:41.000,1,FAILED,0,GBP
f788e61f-3f66-4cc4-9018-de8b7d9c2838,52fc43da-ba19-4027-ae24-cd578a932180,447782526070,2026-01-30 22:10:01.000,2,SUCCESS,3.49,GBP
85fb5ba7-2cb3-4804-970f-cd7e63e83f78,3c2a242c-837d-4ad1-8943-6efe578d38b7,447792912647,2026-01-30 22:10:21.000,2,FAILED,0,GBP
d04ad350-ad40-4b96-b712-bbae161b3407,9fd6f655-05f7-476f-ac90-dbaa59724369,447700071265,2026-01-30 22:18:20.000,2,PENDING,0,GBP
3f2d2515-9b8e-4fbc-b73f-fda05663dc16,cbea7974-6e72-44f2-beb2-b30a09af512e,447795329078,2026-01-30 22:18:49.000,2,FAILED,0,GBP
fda91173-94e0-4450-8c13-e95c1a2d4afa,46334906-d06b-46f1-8689-4f6644a28ed5,447725125507,2026-01-30 22:44:47.000,2,FAILED,0,GBP
3ef9abe3-68aa-43d8-a36b-b447d75e4b9b,1470cb64-4cf6-4ba3-bf04-22d233afccb7,447781825038,2026-01-30 22:48:18.000,2,SUCCESS,1.99,GBP
0387af96-0089-4e9d-827e-f3f78c446258,499b6817-dc90-4c25-98f9-d0e0b04de863,447771084036,2026-01-30 22:50:02.000,2,FAILED,0,GBP
19c1b277-748b-400f-b85e-7fca98e3533f,945b3909-7e1b-4178-9dca-f428a49b7edc,447799197470,2026-01-30 23:04:09.000,2,SUCCESS,1.99,GBP
43712f24-a118-44c4-8c56-abcd14779e00,a6b71ab2-0ba5-4244-829a-dfecc61c8209,447714796630,2026-01-30 23:23:03.000,2,SUCCESS,3.49,GBP
c93086bf-74c2-42d0-b037-55f515b03160,5acde35e-4e62-4c8c-88f3-d9ccaf7e099f,447722147889,2026-01-30 23:45:32.000,1,FAILED,0,GBP
d2ce171d-0058-4aaa-b3e8-c393afaa70ec,1a0d82a0-70d7-4420-805a-cd8f3264a7ea,447721254824,2026-01-30 23:59:10.000,2,PENDING,0,GBP
9928a4e0-cf7b-4629-8314-fed36b45cdc0,3f900fe0-117f-4dd0-8da2-6e8fe4d24e47,447789921354,2026-01-30 23:59:16.000,1,SUCCESS,0,GBP
12c85731-4099-48f8-a31d-93fc0751917d,f6d9afd0-c9d5-4845-849a-2dbc657e0ba5,447799708958,2026-01-31 00:16:52.000,2,FAILED,0,GBP
d640cf3b-ef2e-461c-bc99-c819dc8dfca3,b86e8638-5f71-491c-8fc7-801b6b5958f3,447722492069,2026-01-31 00:36:46.000,2,SUCCESS,1.99,GBP
4ad03788-93f4-4b4b-b821-d74b67aa2f7b,577dfda6-b4aa-4955-81df-9f40a03ba212,447799425029,2026-01-31 00:42:47.000,2,SUCCESS,1.99,GBP
59b1ac7b-16da-4943-b5e8-d87676e7343f,3cfc5d6b-dedc-4464-a84b-7a335ea31869,447768278565,2026-01-31 00:46:50.000,2,FAILED,0,GBP
87cee421-f1ba-4980-90c2-0d797f32c69a,c8006eb1-fe18-419a-a58d-e7d9e6013b26,447704341104,2026-01-31 00:53:58.000,2,SUCCESS,2.99,GBP
bfd32c17-4f31-4dee-a198-5037977f8306,0a663ea9-9ccb-4018-aeca-90df1fca7a4c,447798515496,2026-01-31 01:06:30.000,2,FAILED,0,GBP
5e0c1f8c-bd2e-4582-9cb4-399b555f4dcf,7eeb1c79-0edc-4995-a8dc-6db3ca5fb3bf,447727435977,2026-01-31 01:08:33.000,2,PENDING,0,GBP
e09c16de-9cab-4d56-84a1-d7e894b2d718,5e9158d7-e9ce-4db4-9ec9-21b1923c412a,447759957986,2026-01-31 01:38:59.000,2,SUCCESS,2.99,GBP
7043374b-4d29-4748-b238-d4f325582a71,1af7c9ff-441b-4800-9299-78410d7b4a34,447717364434,2026-01-31 01:39:22.000,2,SUCCESS,1.99,GBP
7c461470-c7e2-4e46-b4c2-779d0894b801,e1d3f52e-f5c5-49a7-864f-1fb35aa90b6d,447728842423,2026-01-31 02:26:46.000,2,SUCCESS,2.99,GBP
adb922c3-f9a3-478a-8c37-efce54666902,593cabcf-a25a-496c-882d-e3a03e652c3d,447702693812,2026-01-31 03:09:01.000,2,FAILED,0,GBP
9d2e9cfd-9938-4d49-83ec-fe9d74ac900b,7a341fe3-f201-495d-a9ab-6e4fd5706d39,447715416017,2026-01-31 03:27:04.000,2,SUCCESS,3.49,GBP
1c45dea9-05a9-45c3-9a45-1a4dca8281a4,9d90c546-06c0-4e1d-9efb-0729aa3207fa,447763776280,2026-01-31 03:48:53.000,2,SUCCESS,2.99,GBP
a9835b56-e701-48cb-bf88-51ddbcb50497,320b560b-d5b7-46ba-9323-314a46f4c997,447765916227,2026-01-31 03:56:48.000,2,SUCCESS,1.99,GBP
a6763286-9f65-4ec4-a7c5-84118e2061d3,996b9ef8-9161-4c72-9b9e-8078b4c174e7,447735872862,2026-01-31 04:10:29.000,2,SUCCESS,1.99,GBP
75683564-2118-447b-be6e-6ce96a3451b8,679dd722-497d-4441-8b5c-8542fe95f162,447721047600,2026-01-31 04:26:02.000,1,FAILED,0,GBP
a8dcfe61-5751-4f16-a1b0-22fa0b80c40f,20187ee3-5134-4854-b4b1-452659af6f0f,447777873622,2026-01-31 04:36:34.000,2,SUCCESS,1.99,GBP
f334c7fb-2cb4-452e-b73b-84ebe8987b0f,20187ee3-5134-4854-b4b1-452659af6f0f,447777873622,2026-01-31 04:38:05.000,1,SUCCESS,0,GBP
a67e682e-44fe-4370-90b9-90c3fae8fdd9,35e3e0bb-08ea-4bf4-bc59-38c1b4473a6a,447768025353,2026-01-31 05:01:54.000,2,SUCCESS,2.99,GBP
18b6d724-e8a5-4834-ae96-338257a47403,a8da398b-b102-4c52-96ca-ce18c5b7c58c,447713718489,2026-01-31 05:44:05.000,2,SUCCESS,3.49,GBP
84a42333-8ca2-4be2-9841-3c57c7173522,e1ebe200-86b0-4aff-aee8-36e9cfb3c7ce,447770522105,2026-01-31 05:57:33.000,1,PENDING,0,GBP
aa557ecc-071f-4a64-a9e9-c0ac0ac50612,50b4d856-c542-40b5-b016-1f02f37d0f9f,447725084301,2026-01-31 06:04:29.000,2,SUCCESS,3.49,GBP
049e38a3-35c7-4842-95a9-0455f3e2186e,49ed08b3-ec7e-472e-bc5b-101274bbea9e,447722661055,2026-01-31 06:08:31.000,1,SUCCESS,0,GBP
cb91a822-c077-4b34-a84b-c2b10c8a6890,2fda5143-10f8-4d57-8c0a-2f09e47ca62f,447713974122,2026-01-31 06:35:58.000,1,SUCCESS,0,GBP
3a8e76d8-b46f-4af5-a6e3-f2dea645b7ea,da853e92-b9ef-41ce-996a-4b0f2dafeeb2,447777296542,2026-01-31 06:47:21.000,1,FAILED,0,GBP
387f1ecc-e181-496b-962b-dc6deaaca742,6204853f-da92-4c6c-b95c-c1e6c7617dfc,447759808943,2026-01-31 07:39:03.000,2,SUCCESS,1.99,GBP
4b37a56e-3cf5-4e6b-90d4-1ad6bd2b32d7,f916878f-0de4-4cde-b079-aa73605cb01c,447799685600,2026-01-31 07:41:32.000,2,FAILED,0,GBP
17a216df-8ec3-44fc-8d70-997fe1c1a5e1,fde8df0e-0d6a-495f-a1f0-a4f7389cfd60,447707908324,2026-01-31 07:46:14.000,2,SUCCESS,2.99,GBP
53042047-3dda-42ee-bfe4-5ca40cbaca01,0109f587-cea6-476b-9d93-e3d7e61b134d,447747506330,2026-01-31 07:48:33.000,2,FAILED,0,GBP
f59ef2bc-4266-44fb-ac0a-8bf221ef1ffe,435648ad-45e1-415a-8720-148c5f77c730,447743483379,2026-01-31 08:07:10.000,2,FAILED,0,GBP
78b20c97-c451-4dd0-8839-b39e070fd5aa,641321d1-2fa3-4522-bf66-9c438fdaad5e,447768481316,2026-01-31 08:11:54.000,1,PENDING,0,GBP
57159e3b-fad9-4a76-aaaf-0c51aaf6ef9b,ec730f09-a5b2-467c-9cb2-9edbf6370506,447720552542,2026-01-31 08:19:12.000,2,PENDING,0,GBP
4b50279c-3e10-450f-8ab2-149dd3207644,3644f32a-9307-4b20-9a43-60a91d2f8726,447741030729,2026-01-31 08:31:57.000,2,FAILED,0,GBP
15dbcf43-7cde-461b-9573-03847ac46973,1654bdd8-1733-4f6e-bd24-f01e38575f31,447788985989,2026-01-31 08:33:23.000,2,FAILED,0,GBP
f95890e7-0f6f-4bcc-a7be-e6e6aab4c723,1626024d-c4e6-47b8-91e5-02077c254f3c,447705927296,2026-01-31 08:40:40.000,2,SUCCESS,1.99,GBP
cc8aae3d-6015-4f3e-b216-cb7b23284bd1,091c20c5-e794-4a1d-823d-efe1d304573d,447794836698,2026-01-31 09:09:04.000,2,FAILED,0,GBP
58a49f9c-55d4-4adf-810f-f7e9032a78a8,f12ce214-242d-4869-84c5-d73fbb769a98,447714709195,2026-01-31 09:24:28.000,2,SUCCESS,2.49,GBP
1a743bd7-32f7-4326-9e40-e8f41e5e5909,6c006485-abb3-4980-9658-c213b6ab9b98,447722052667,2026-01-31 09:41:35.000,2,SUCCESS,1.99,GBP
ba846571-91a6-472b-81d3-0887c56406c0,64a93b87-0958-4872-96b2-3030933036cb,447778840252,2026-01-31 09:45:24.000,2,SUCCESS,3.49,GBP
a7ebdfee-4998-4274-962e-b296c1c948b9,1d2720ea-5e61-46f3-a3c5-6dc14868424c,447762857819,2026-01-31 10:09:44.000,2,SUCCESS,1.99,GBP
37d88940-c924-4d80-931b-b05efac27b83,63d5ca0b-83be-45e1-9d9c-49b4d1aa98f6,447731502246,2026-01-31 10:13:21.000,2,FAILED,0,GBP
cc324f5b-7ebb-439f-a6fd-c111d930705d,4c72d061-18af-46df-a96f-7f09dc5f59da,447733299974,2026-01-31 10:26:20.000,1,FAILED,0,GBP
ae50801b-7ca6-44e4-8852-0d4c0e652d67,f025832f-3089-4123-bfb3-f27f5458180e,447714183423,2026-01-31 10:48:37.000,1,FAILED,0,GBP
a0b550e9-c05c-44fa-8036-17e20e99e413,8300bb55-321f-4e47-b559-e3f37aa76820,447793771084,2026-01-31 11:05:21.000,1,FAILED,0,GBP
b3a652bf-b8b6-4535-8fe3-2c61ad69c58b,cac058fd-482c-4507-a050-6f995b67de59,447784383757,2026-01-31 11:05:51.000,2,SUCCESS,2.49,GBP
1b6ec7a1-5a3e-4a27-b891-cdba8a4c5486,7622f5eb-3544-4b1b-a14a-7b5ecd831690,447723264515,2026-01-31 11:39:22.000,2,SUCCESS,1.99,GBP
824d5f55-ff9f-4610-a94c-3c95c96af804,74d98e34-c490-4498-8ec1-82ecde2e86c8,447732123713,2026-01-31 11:50:49.000,1,SUCCESS,0,GBP
1e3e19fd-9f18-4ae6-84ea-3e8ae117f5ad,7321a7e0-f32f-4be8-8373-cad57f6fb3d0,447706319660,2026-01-31 12:00:26.000,1,SUCCESS,0,GBP
77c97f5d-5792-43a6-8085-39bc948de302,d9bf0c3b-d394-4bf0-81c5-3e5a8cce75e0,447711630904,2026-01-31 12:05:17.000,1,SUCCESS,0,GBP
48dc2df1-b9c9-4d9d-8164-f1d9e1bcdd16,b49bc443-7a1b-4be4-b6ec-6c12e6943417,447746016483,2026-01-31 12:21:45.000,1,SUCCESS,0,GBP
d4ab3581-3897-43e8-bfe4-741be9c17566,ca9a9b6e-a543-4939-b361-fba840148f9c,447772742034,2026-01-31 12:22:13.000,2,SUCCESS,2.49,GBP
35f43c43-a181-4435-a620-c0299d6073d7,41680514-dd8b-4cc2-9a3e-2f34d0286b23,447777934624,2026-01-31 12:34:46.000,1,SUCCESS,0,GBP
96f8c5c6-f609-4714-8a80-464aa5d35bd6,c3541086-aaf5-424b-b9ba-178160598aa0,447740347465,2026-01-31 12:54:15.000,2,SUCCESS,2.99,GBP
15110b4e-4afa-449f-921e-a61ccc79c040,0b414acf-3cac-40d2-b27b-b71e366b3206,447793945010,2026-01-31 12:59:45.000,1,PENDING,0,GBP
ea120c45-5103-4efc-8b4c-cb9cf332da36,76f1fcd7-156f-4485-b6d6-aea05cc17194,447714431556,2026-01-31 13:11:48.000,2,SUCCESS,1.99,GBP
667868ef-7f72-460b-9270-5e629d97aed7,76f1fcd7-156f-4485-b6d6-aea05cc17194,447714431556,2026-01-31 13:12:28.000,1,SUCCESS,0,GBP
2b78534b-d6ca-4e3f-9dce-948d0606cca5,57325137-2240-40d3-9618-f774f737d2d1,447789392612,2026-01-31 13:27:08.000,2,SUCCESS,1.99,GBP
1a5ec5d9-8a0d-4ae5-986a-132e9e338313,4689f07c-0818-4531-8e87-7525ba769a2d,447710506156,2026-01-31 13:43:09.000,2,SUCCESS,1.99,GBP
07d6f54e-5e9b-478d-8d66-f74daef00d25,e657d8f5-931c-49e9-b960-b9854318cf50,447777748952,2026-01-31 14:27:08.000,1,PENDING,0,GBP
c75a0b2a-099d-4c5b-9270-3cc29e0a4210,134dfd95-d6d6-4bab-af98-2a32b34653b2,447783417910,2026-01-31 14:47:39.000,2,FAILED,0,GBP
ebdd09a7-e999-4b47-a947-93074562de68,540f2f57-fec0-4c80-ae5d-3467fd1273a4,447748589119,2026-01-31 14:47:52.000,2,FAILED,0,GBP
d1892b12-f83e-42a0-ab80-2ec402e0dd9a,73fce66b-5434-4a3a-be5f-72835c58d514,447764093913,2026-01-31 15:25:01.000,2,FAILED,0,GBP
b9b8e139-9510-4558-a50a-61a22063fd09,dce37385-a4eb-4683-9fd3-c15a6f747baa,447735642793,2026-01-31 15:33:14.000,2,SUCCESS,2.99,GBP
3782af3e-6c11-4e58-b705-3b4096af315d,9b4df825-b64b-4906-8f17-c01958608795,447746486964,2026-01-31 15:36:01.000,1,SUCCESS,0,GBP
c63b1b5a-6bf7-4509-a253-c76ffd97e861,c6fc5009-4224-4b6b-a55b-d133be3b3056,447727504101,2026-01-31 17:26:00.000,1,FAILED,0,GBP
4fdb6f6f-92c6-4e3e-b06b-258b80d694bf,2170f0ab-936f-47d6-8b08-8bc0a5dc05b7,447766750637,2026-01-31 17:26:53.000,2,SUCCESS,1.99,GBP
eb3eac27-cd37-4d95-a009-1b9c93c18633,ea33e99d-e2b7-4839-bbc7-ab9beb29f925,447762075226,2026-01-31 17:47:07.000,2,SUCCESS,2.99,GBP
5b490eb0-7d81-40d5-bbb4-558604f59d5e,f8d6b393-15a5-4800-b4a8-f04a775272dc,447755888148,2026-01-31 18:10:32.000,2,FAILED,0,GBP
2b52a6e2-f524-478d-8933-49ec4a041651,364c3785-8225-413b-bf8a-1ca71bfd5a3b,447794156338,2026-01-31 18:20:05.000,2,SUCCESS,2.49,GBP
3a411aab-f6d7-429b-9ce7-f9e21b2a6e4b,b0031380-805c-4408-a473-db584e0737b6,447746696130,2026-01-31 18:25:39.000,1,SUCCESS,0,GBP
264b729d-28fc-43ed-b05a-eae92c9ced61,803e562c-a436-437f-b6ff-7ba2631e465c,447794974542,2026-01-31 18:27:41.000,2,SUCCESS,1.99,GBP
320956ec-ef2b-45ac-8de0-5b7a78e730eb,02561719-75ae-4edc-ba84-a3c81a678b57,447729996945,2026-01-31 19:14:38.000,2,SUCCESS,2.99,GBP
cf932a6d-54a0-4d98-92da-1100a686f520,4e742e70-19d5-4e51-bed1-bd1fd4709f53,447776085656,2026-01-31 19:18:43.000,2,SUCCESS,1.99,GBP
52dd10ec-c633-4111-973a-33163e206738,a13736f4-7e88-452d-a32a-22fe16726694,447769241895,2026-01-31 19:27:17.000,2,SUCCESS,2.99,GBP
0b9523d8-747b-43c5-8829-b2834e34330f,a13736f4-7e88-452d-a32a-22fe16726694,447769241895,2026-01-31 19:27:35.000,1,SUCCESS,0,GBP
7201ab38-1f6c-4b41-97da-d32c3cba2faa,50e69285-f983-4287-83c5-177f8e2a7416,447717128090,2026-01-31 19:35:48.000,2,FAILED,0,GBP
d1246933-6d74-4257-aba9-b832e5ccc084,640eb32a-41f0-4fab-8825-40951366a4f9,447772518931,2026-01-31 19:45:34.000,1,FAILED,0,GBP
98eb9383-9aaf-4cd8-ab6c-8b0cf648914e,ee486886-10b3-4831-aa0c-0784ebb1adb7,447739444065,2026-01-31 20:11:33.000,2,FAILED,0,GBP
349b74d9-3d38-4755-a1c3-4464062790b6,4152745c-06dc-451e-be6e-1a60b45519f3,447711861130,2026-01-31 20:25:00.000,2,PENDING,0,GBP
2af1a449-a8c1-4b8c-9a4f-117604922bd0,e84e43d7-c1c7-44e8-b377-b36507179f58,447747452284,2026-01-31 21:30:23.000,2,SUCCESS,3.49,GBP
ff168d02-1c05-4ab3-b02c-fdf6b73b766f,1979ac87-5756-4355-acf5-d42845ece492,447779718573,2026-01-31 21:34:54.000,2,SUCCESS,2.49,GBP
02922f87-8a1d-4e1c-bd9f-17ec896a963e,5fb209a8-70b9-41b7-aad2-27359f65e824,447728892777,2026-01-31 21:36:45.000,2,FAILED,0,GBP
5f19f312-09a1-4dab-b4a6-4e9efafbc057,4f3cb7f9-a4c9-43f0-9c3d-76faf52b8fa2,447796141276,2026-01-31 21:45:21.000,2,FAILED,0,GBP
5144bf1a-aa45-4ed6-a3f8-f39312eadb73,d9ed7a3c-befc-4aab-bfd8-73e878293d5e,447798087740,2026-01-31 21:46:08.000,1,SUCCESS,0,GBP
c614e1ac-4053-4f57-b07d-58edaa309664,699e3c5e-ccfe-4fb4-9bb0-ddf7817e65d0,447706775479,2026-01-31 22:06:31.000,2,FAILED,0,GBP
34da8e86-0659-40d8-b01d-4e1ec58e1e24,bca3ebbd-4743-4bd1-90c3-240c2ebeb6cd,447727979432,2026-01-31 22:19:23.000,2,FAILED,0,GBP
09b0b56a-2299-4281-84c7-4a85b0417e5f,6bfc44c9-9bef-443e-91c3-6b51eb855827,447731983518,2026-01-31 23:11:30.000,1,FAILED,0,GBP
24e7a3f2-c052-4fee-8ab3-ebd32007553a,0edbc424-324a-453d-8a48-c95e41bdd4cf,447729251423,2026-01-31 23:26:13.000,2,SUCCESS,1.99,GBP
14307d58-ead2-4a9e-9405-1c96ef85bbc0,5e2b8eb8-81eb-48ea-a16f-db7dd98b30dd,447799130848,2026-01-31 23:27:10.000,2,PENDING,0,GBP
dfd9a04d-e08d-4701-8b88-721dc4974670,263f4437-d74a-404b-9b09-044942a5b805,447723193108,2026-01-31 23:48:05.000,1,SUCCESS,0,GBP
6377d5e9-2a8a-4545-b1a2-2116d9bf4490,7f610aed-587e-49ad-97cb-80310c468d79,447776299338,2026-01-31 23:56:36.000,2,FAILED,0,GBP
bb200522-0765-4ed8-8ca0-09fccddc3197,95e7e3d0-fa24-469b-87bd-8459951d1dfd,447791534940,2026-02-01 00:24:23.000,2,FAILED,0,GBP
4f5de10e-5027-4659-9be5-c1ce1275f250,1477fbae-8b24-4743-aaba-ae01c16e65b6,447708996280,2026-02-01 00:30:20.000,2,FAILED,0,GBP
f8fe01ec-e68c-4e3b-b779-82363ece3ce2,f60b611e-5208-4e2a-8bcf-e1a3ef82cffa,447726971155,2026-02-01 00:36:54.000,2,FAILED,0,GBP
cdb256a0-3e8c-4e14-bd44-11be91e974d4,0a9109d5-36c7-48c6-be8b-ec3b1595b83c,447712219807,2026-02-01 00:55:33.000,2,SUCCESS,3.49,GBP
c151bdb1-3458-451c-9ceb-2eec865d7540,ea3668cf-8aa2-4e20-b15c-3c9c43b6bd00,447787498378,2026-02-01 01:28:53.000,2,SUCCESS,1.99,GBP
f90d3690-749e-4d88-9f7e-8a509a9c41d8,611e2a3e-11ff-401a-a1b6-ef2d681df310,447719313775,2026-02-01 01:28:56.000,2,FAILED,0,GBP
eb935226-6106-406a-a7a6-a811d0133359,4015ad41-4993-4740-9813-02a28eec0b99,447774028638,2026-02-01 02:44:25.000,2,SUCCESS,2.99,GBP
90b1a32e-b418-45b3-941d-040c96661add,77436eeb-cc79-4e76-9411-f34c5d326c5e,447773579784,2026-02-01 02:54:32.000,2,FAILED,0,GBP
f1139a36-f785-47c5-9d98-df2238af126a,0ca9984e-8303-43ec-83b0-5252bb4925bb,447730107165,2026-02-01 03:14:07.000,3,SUCCESS,0,GBP
1ce0dd1a-e1d9-458b-b379-8454eb4977aa,f1ec35cc-7093-4936-8a62-64cd3d4cb6d5,447728599722,2026-02-01 03:37:42.000,2,SUCCESS,2.99,GBP
a1a72040-49dd-4c51-a724-69fa4414f4bb,a97c4f7d-1391-4564-a3ca-68c09df1d3e3,447781675816,2026-02-01 04:07:29.000,2,SUCCESS,3.49,GBP
f6faec9b-7e58-444a-b2b2-d114efca1e69,d0a0378f-cbb4-48ea-a3b3-4053a2650f49,447721876049,2026-02-01 04:26:12.000,3,SUCCESS,0,GBP
b80800d5-596c-4c7d-b95b-feb16881750e,5801e5eb-c7d7-45d3-ba69-fb46265ed3f7,447773675766,2026-02-01 05:08:51.000,2,SUCCESS,1.99,GBP
226eeb24-d092-4990-852f-f13de2c28f77,c3f96fae-21a3-4d93-bf81-7201ecbbb0da,447711228230,2026-02-01 05:17:17.000,2,FAILED,0,GBP
5c09cb07-505c-4e32-86ff-a68e4f92efba,6f92a0ab-9361-44cc-9979-57e0b5e418b4,447792112095,2026-02-01 06:00:13.000,2,SUCCESS,2.99,GBP
0d0abdd4-1b4e-47d2-b354-5266cfad9b59,46622cc6-8c0c-43d9-a4a6-b886ee42d6c3,447727353758,2026-02-01 07:01:53.000,2,SUCCESS,2.99,GBP
5636de07-547a-4fc5-b1ad-098ea76f18d7,54a72785-f67a-47f9-88bd-a4e4f2c47af8,447710473561,2026-02-01 07:01:54.000,2,PENDING,0,GBP
69c16628-3205-4b45-957b-bf494e7b2826,ac79d1b1-f62b-461a-b678-9594aa8cdc02,447712939371,2026-02-01 07:17:10.000,2,SUCCESS,2.99,GBP
0bc3cf21-ac2a-460d-9859-7ff85df67c89,6ca87903-1524-4c7f-8ca7-2b94346f7e38,447781898083,2026-02-01 07:49:12.000,2,SUCCESS,3.49,GBP
62c84013-6972-4220-9a92-0e0a2d39dbc6,b04a170a-c181-4ce2-8903-4ef62de19383,447791118780,2026-02-01 09:17:39.000,2,SUCCESS,2.99,GBP
b88aebf3-c899-4bcf-8041-4a928a1c4153,1503ae56-2810-4c23-8ac8-9b2288227672,447710065776,2026-02-01 10:17:34.000,2,FAILED,0,GBP
73e7db05-e8b5-4dec-a457-504d7b03db38,95e7e3d0-fa24-469b-87bd-8459951d1dfd,447791534940,2026-02-01 10:34:09.000,3,SUCCESS,0,GBP
dc8a869f-ca17-433b-8542-b48a105dcb79,d54f9dee-3212-4b6c-930e-1adea1a21a11,447785982837,2026-02-01 10:35:56.000,2,FAILED,0,GBP
4f98ed77-c4ed-4e92-8cbc-1b8eb592051b,b3ebc2a4-1e55-485b-a2a1-2c1fd7b33314,447795090835,2026-02-01 10:41:01.000,2,FAILED,0,GBP
10689c90-4f7f-44d4-a128-5a9102dc86fc,07ba46f4-5182-48a5-9704-fa88e45ab317,447768075420,2026-02-01 11:11:34.000,2,SUCCESS,2.99,GBP
12e868b5-6ac9-4b1a-bfbf-f0ab9690fdaf,91c30cc0-bf22-4823-af75-ea4f21517883,447724969585,2026-02-01 11:30:13.000,2,PENDING,0,GBP
2112eeac-d4ab-40b1-8707-2b767a29e5be,6ccb0b91-1515-4a05-9392-df632badae52,447761209672,2026-02-01 11:44:17.000,2,PENDING,0,GBP
0a00e641-353d-4451-99d2-e979824ca999,d758171b-a268-4962-8b05-43accad5de41,447785975263,2026-02-01 13:07:39.000,3,SUCCESS,0,GBP
84a05dfb-c907-4e39-a7d7-de2035ec9aa1,86103929-ba40-410a-8539-dd01f4644f2e,447774154672,2026-02-01 13:13:39.000,3,SUCCESS,0,GBP
b4639759-f3a2-4738-904e-fa26d5ecd456,8b1493d9-f34e-456b-aa33-8bc126763a26,447701950793,2026-02-01 13:32:44.000,2,SUCCESS,2.99,GBP
899dc2e5-08ea-4587-91e0-84a86e626a33,7d5b0045-e408-4536-af41-f1715a684996,447798594229,2026-02-01 13:41:38.000,2,PENDING,0,GBP
f9f49a6f-98cd-4e9c-b7cc-176c9f71f81b,e473a3dd-6690-49b9-8171-d4ee0b10d301,447740804903,2026-02-01 14:51:39.000,2,SUCCESS,3.49,GBP
6a7febbc-59f6-40ed-8d43-5b6ed4560466,533508d5-ac65-43e2-8d8d-c99e4d342333,447758183331,2026-02-01 15:22:10.000,2,FAILED,0,GBP
17a7356b-972f-408e-9cfd-15062c711a33,effa34bf-e8c1-4f24-a04c-24560ff8a11d,447759701604,2026-02-01 15:24:11.000,2,SUCCESS,2.99,GBP
c6d3e723-3cf8-4358-88fb-954e74ee7efe,86c118bf-fc36-4931-a7a6-462619e568ee,447789247069,2026-02-01 15:31:29.000,2,PENDING,0,GBP
4210262a-4acb-4182-b6d9-03123d8494a4,4bf93bb3-4e12-44cb-b744-8400e88ceb5f,447799935849,2026-02-01 15:41:07.000,2,SUCCESS,3.49,GBP
7743fe26-2d89-4b9b-9d97-f0d824466aeb,528c18d4-acff-4fa4-acb2-9b3cdb1c2fb8,447786599006,2026-02-01 15:56:22.000,2,SUCCESS,3.49,GBP
9de101c5-e4fe-40c9-a4ba-6fb9e39fdffe,cc33dc4e-2eb0-4caa-9c3d-6ec16f761818,447722309045,2026-02-01 16:08:49.000,3,SUCCESS,0,GBP
fdab66a3-11f1-4ba4-b5fe-aa445f1d26af,d6c3592c-850b-44de-99c5-041a6239b7fb,447792733627,2026-02-01 16:31:11.000,2,FAILED,0,GBP
bbeded8e-bde6-405f-9f60-57f6844a697a,03506690-4ee7-4579-9958-b9b4eb99c41e,447764954699,2026-02-01 16:39:27.000,2,SUCCESS,2.99,GBP
ad1c923c-7725-40a5-bce3-eb2a293458c5,e94b842b-4c5f-4356-be62-2aa7e698f498,447706225199,2026-02-01 16:59:33.000,2,SUCCESS,1.99,GBP
03ab3b21-f531-42ff-8251-1fa6e34c2d79,6aa65e73-fa4e-4cdf-914a-6a0e0174a997,447721114259,2026-02-01 17:37:16.000,3,SUCCESS,0,GBP
72a3bc6e-528d-46cf-99d7-0fd8c396f902,d59b0e43-1008-4262-99a3-0317baeb3d45,447761494632,2026-02-01 17:46:05.000,2,SUCCESS,3.49,GBP
f7320f8a-c2c7-4c68-b020-7aa3d3a3ca1b,d314d6a2-a7b8-49e5-9386-8c337f690cbb,447722082014,2026-02-01 19:11:18.000,2,FAILED,0,GBP
465efaab-8596-43c4-beb9-66117a37cb74,bd6bf4d3-d953-4a42-857d-da7f6a04e51c,447750523107,2026-02-01 19:19:06.000,2,SUCCESS,2.99,GBP
a23e74d4-6f31-41ef-b089-3a7e25689da2,507aea1e-574e-41db-873f-49cfe4c556f3,447701426740,2026-02-01 19:56:32.000,2,SUCCESS,3.49,GBP
ff1c81fd-11ae-45cc-bd92-6c8ea9dba768,51008534-5518-4d93-adc8-dc20df9d8479,447782203715,2026-02-01 20:09:19.000,2,FAILED,0,GBP
518aec1a-0e50-4f4d-a74b-a6b7cfd0b01e,50b4d856-c542-40b5-b016-1f02f37d0f9f,447725084301,2026-02-01 20:58:31.000,3,SUCCESS,0,GBP
38f509b1-20d2-4426-93a1-711a34ca877c,750be2ab-b27f-4b43-83ae-2182b0e6dedd,447781427314,2026-02-01 21:30:29.000,2,FAILED,0,GBP
e940bd6a-e11b-4223-b88d-f76584699a2e,02561719-75ae-4edc-ba84-a3c81a678b57,447729996945,2026-02-01 22:09:25.000,3,SUCCESS,0,GBP
144bb2ab-e642-4bd1-ae91-b027ca3906b7,6621ef9c-526d-4df3-b2e8-d34a4f31c723,447731694617,2026-02-01 22:49:40.000,2,FAILED,0,GBP
15b5190f-29af-4f38-90a8-027b19e7a14b,29a3e1fa-eb35-422a-88d8-ec7b13be6935,447798573193,2026-02-01 23:06:25.000,2,FAILED,0,GBP
4d72e951-a015-4ede-87b2-6792c9e88ca3,3a38a4df-4d03-4764-8211-8b933332d78a,447700271452,2026-02-01 23:46:03.000,2,FAILED,0,GBP
28b67cf8-76c9-4f4d-9803-5128771bc932,3307b181-5b43-4f19-bae4-aeda7c2ad656,447788772199,2026-02-02 01:00:22.000,2,PENDING,0,GBP
d093aecb-a353-4a03-9aeb-2cc64442a522,7181d5db-46a3-43b9-850a-25aba86ee3f7,447758497039,2026-02-02 02:46:52.000,2,SUCCESS,1.99,GBP
569de34b-3713-4349-81ec-9a97f50bcb00,b72bcdfe-86e3-4532-9657-9be28616bcd6,447724180247,2026-02-02 02:50:03.000,2,FAILED,0,GBP
489f2361-86fa-48ba-8035-6a4f4e24bb23,91afbabc-16d3-4b92-8ce5-9927c7d85b1b,447737867810,2026-02-02 02:55:46.000,2,SUCCESS,1.99,GBP
d8fd4b09-470a-469c-9ee5-ac17971b7402,0872e7cb-d845-4926-8083-07bac341f872,447750390869,2026-02-02 03:08:52.000,2,SUCCESS,2.99,GBP
7ce130c9-7b00-47aa-99af-a5309c0a3960,debd2341-deb6-470b-9a34-a70a32816452,447709273745,2026-02-02 04:05:09.000,2,FAILED,0,GBP
16485bfb-d73f-4b9e-a1c9-ba2489b63590,4cc4ddbf-1068-4b2b-afd9-6c64472ec873,447795471270,2026-02-02 04:14:11.000,2,FAILED,0,GBP
5cdbe1ed-cdbf-467c-aff1-106819a9dd20,6f124371-0262-4f14-8760-f8635082bdb6,447742674367,2026-02-02 04:18:25.000,2,FAILED,0,GBP
1c45051a-3fb7-46c6-ae9f-bb755e29cace,2af2a6bc-e759-4ff5-ba6b-12e6e1c4a8b0,447773559266,2026-02-02 04:49:32.000,2,PENDING,0,GBP
c88b1ad7-ae1a-4725-9a33-28abe84de920,5d177ec4-ee8c-40de-a4de-dbe2ed94083a,447773301442,2026-02-02 05:30:46.000,2,FAILED,0,GBP
28adaa22-32ce-48f5-baa8-528b15257a72,b7b8cca4-4627-407c-abd8-01f0dd8a3281,447763040981,2026-02-02 05:51:52.000,2,FAILED,0,GBP
19dbbdb7-fc99-451b-9612-762a01ec9616,bf702cab-2450-434a-a84f-6db2720562e1,447725381645,2026-02-02 06:26:28.000,2,FAILED,0,GBP
679eb108-9d11-48fc-ab8b-6dc8e858f30d,036218b5-a0ea-43d1-84be-a3acd12e35cb,447765768647,2026-02-02 07:24:51.000,2,SUCCESS,2.99,GBP
24dfa68f-7baa-4399-94eb-fe770ba0d489,6eb8a835-8f78-423a-8e9c-d4aa38ff2e04,447738269316,2026-02-02 07:25:08.000,3,SUCCESS,0,GBP
303f27f8-5231-4bbb-860c-141ea9b9b8c7,e17efff0-718e-4f53-8482-12bccf82dd4b,447742605611,2026-02-02 07:51:12.000,2,FAILED,0,GBP
2db54943-1640-4098-a86e-ade4a7db314e,dfe5599a-da05-4cc4-8ad4-63963ddff985,447722961766,2026-02-02 09:33:20.000,2,FAILED,0,GBP
d13d1c22-bdae-4bd1-bc82-4838bf221c2a,4498200d-7172-447c-9637-7ff864d8d832,447749155421,2026-02-02 09:39:45.000,2,SUCCESS,2.99,GBP
ec130aa9-e790-4b58-a3c0-c13052bd7e44,34f8924e-bdaf-44d7-842c-39eeac34c981,447743130287,2026-02-02 09:42:11.000,2,FAILED,0,GBP
18750699-b8f2-49cf-b012-a01d75f8de54,2d52eace-c7f8-442f-8594-b82668d40312,447760215958,2026-02-02 09:47:26.000,3,SUCCESS,0,GBP
7b371c4a-5786-411e-81ea-5ded3029fd6e,88fc5301-8db6-4c6c-bb42-afe9001f1c86,447707243541,2026-02-02 11:12:06.000,2,PENDING,0,GBP
291c7255-ea09-469a-ac9c-8b42bfb6530d,ef89bc0b-7a19-40ba-af40-b92d2927cc74,447730930568,2026-02-02 11:25:24.000,2,PENDING,0,GBP
cb477136-3521-4cb7-89f6-efac9b9244f5,c4bdeeab-9b4a-4d30-b66c-46722da04ebe,447737761076,2026-02-02 11:59:02.000,2,FAILED,0,GBP
6f2f103f-b9d2-4ade-a01d-82f71c06c4eb,bef5ef34-c4ef-49e5-b2ef-7c7a16b63257,447707137684,2026-02-02 13:07:53.000,2,PENDING,0,GBP
653172ee-f199-4238-8315-08d89ad341a1,86b7382a-194a-47f2-9a34-326a8856d7fb,447745177240,2026-02-02 13:35:01.000,2,SUCCESS,2.99,GBP
42adad60-bd52-4566-b530-9d1fc2fb727d,d9c07566-3ea8-4579-8371-eb1d8f161165,447783005306,2026-02-02 17:22:29.000,2,SUCCESS,2.99,GBP
4df98c71-bc6c-4e89-8ee1-62fe6108a22d,96131776-373d-459f-9e47-aab81c4fb915,447748278366,2026-02-02 18:55:32.000,2,FAILED,0,GBP
3f4455b8-0b58-4959-a9b9-f22919f0dde5,4b5972de-82dd-47cc-9435-7dbf98bd49ca,447788662694,2026-02-02 20:28:14.000,3,SUCCESS,0,GBP
581c0fdf-8dc9-4b46-a8c8-c1b0ceacc35e,e0c8747b-d9b9-4bcf-9073-deca5944ea21,447779868447,2026-02-02 20:46:29.000,2,FAILED,0,GBP
de01a544-9031-4367-a9bd-8c07eb65918c,06a8d15d-ce17-4b54-b386-1eff0d863a28,447735659479,2026-02-02 22:16:21.000,2,SUCCESS,2.99,GBP
b05da6ec-5d55-49eb-b1ce-dd822f424c49,e3bc30ca-909e-4efc-bbac-1d1770e034ba,447730922596,2026-02-02 22:57:38.000,2,FAILED,0,GBP
9e4ffb7c-ed45-4cbf-86ba-844466a14a76,ff4a88b5-91af-4ada-8a46-ddd1a6ae10f6,447710002911,2026-02-02 23:38:13.000,2,SUCCESS,1.99,GBP
2355c0f9-89a1-488f-b27b-5d6cc6178494,74e37183-4abc-4d2f-bcf5-ef331d5e3e6c,447720497381,2026-02-02 23:58:06.000,2,FAILED,0,GBP
c87889a1-e3ca-49a3-b0f8-b66d7970a2f3,bc335ca4-ae19-4c3f-8b5d-0a7d5610802a,447783761575,2026-02-03 00:36:14.000,2,FAILED,0,GBP
c043eff3-d3be-418b-817b-6cf682a3b5a2,f0bbac47-3086-4f43-8a95-bb43af141bd2,447744931923,2026-02-03 00:36:21.000,2,FAILED,0,GBP
9806cce3-962c-40f5-b9aa-b76739991184,e9551799-e1c5-46ad-859f-c2f20b24d628,447787941200,2026-02-03 01:36:48.000,2,SUCCESS,2.99,GBP
44135576-6d16-407c-afa8-3c244ec0cbcc,906765e4-2d67-49c4-a48e-907055fb712a,447739236250,2026-02-03 02:26:23.000,2,FAILED,0,GBP
f1ca7333-4dbb-443b-bf44-723e8d099496,fc27a122-2b82-4c1d-ba70-922e60f544c3,447769308132,2026-02-03 03:38:36.000,3,SUCCESS,0,GBP
d2734599-215c-40b0-8f63-51e98941fd78,7e6aa4cb-f9ab-4e31-b2da-2c9cf6f1ae5c,447754932869,2026-02-03 04:06:16.000,2,SUCCESS,3.49,GBP
c5232817-96d4-4a88-ba79-56507d34e6ad,c0284051-bd8f-45a2-8a45-695308e29fd5,447750683363,2026-02-03 04:25:08.000,2,FAILED,0,GBP
122160e6-e1bd-49d7-946d-36de87118088,b029a4f5-fae1-4297-ba9c-20f18509042f,447771875278,2026-02-03 05:13:19.000,2,PENDING,0,GBP
4daf7e08-0e4a-45f5-a7cb-03a4e27368e9,ba8bedd6-f663-41fa-a55e-9d5a4ab7ca69,447773983072,2026-02-03 05:33:38.000,2,FAILED,0,GBP
dd44e57f-9c9b-4c87-80f8-ebf5c44f9a00,1bdb6e69-f181-40d2-937f-d5a62cf0cfb7,447774240094,2026-02-03 05:37:36.000,2,SUCCESS,1.99,GBP
b5e059f5-f963-44a4-85e3-c021a1d33fb0,fdf1d23a-e4c7-42a3-bfbb-a4f279e68703,447760692607,2026-02-03 05:59:12.000,2,FAILED,0,GBP
72e32564-01e0-4006-906b-9d99d1119be9,7322331b-b18e-4d22-b5ff-1edb7cc70c6e,447758190973,2026-02-03 06:28:26.000,2,SUCCESS,1.99,GBP
f564dc75-5eac-420a-968b-e533c90f8067,e303f7f5-3efe-4dcf-8ff4-5ffb743a9882,447708637470,2026-02-03 07:03:26.000,2,SUCCESS,2.99,GBP
31ebe997-f986-41b1-8537-b1dae0e4bb9b,08579c9c-0248-402b-9d99-3d449d73bd84,447706274795,2026-02-03 07:21:23.000,2,FAILED,0,GBP
c5f0e156-6009-46c8-bb35-62bf88f5ced6,5d02317e-c508-4d81-9820-14bf341f6a62,447706367213,2026-02-03 07:42:44.000,2,FAILED,0,GBP
f63a5a25-73b1-46bf-9473-d0f56fda2f0f,c571b1d3-c86d-48f8-bff1-b884377eaf7d,447754359652,2026-02-03 07:43:10.000,2,PENDING,0,GBP
fb5d06fb-61a5-4cf7-9170-2dfe38ab0efd,cdb12b8c-5037-4c4e-b56c-bd1c5a7d9b23,447744276449,2026-02-03 07:57:59.000,3,SUCCESS,0,GBP
34656bf7-1b1e-42b5-a73c-3309e4d1dde0,07c4e166-611d-4a03-ad4a-39e9fbf2f43a,447724957701,2026-02-03 09:31:59.000,2,FAILED,0,GBP
c4d732f2-77c6-4714-a093-c883bc57bd8f,0c17332b-646e-481a-8683-f37c73bf90ab,447763645470,2026-02-03 09:36:48.000,2,SUCCESS,2.99,GBP
9617e635-8a80-47ae-b6ee-1c7e204b7476,2148645a-f02b-49eb-add6-5397951cfec2,447713483226,2026-02-03 10:08:06.000,2,PENDING,0,GBP
b57ea765-8b6c-4caa-98a6-c3e36f04ab28,b916c1b0-0ec5-4f5b-bcda-b3cea514cd18,447755654818,2026-02-03 10:50:44.000,2,SUCCESS,2.99,GBP
5e02b939-03c7-4b7a-8b06-67e58b418fa9,c84ebb7c-c0a0-4229-bfb0-6b3adb640f85,447749710339,2026-02-03 12:37:15.000,2,SUCCESS,1.99,GBP
8bffd236-ed8d-4ba7-be35-bf928914d849,2082f8a4-d6a3-48a7-a859-f8b9b11e557a,447762895999,2026-02-03 13:00:29.000,2,SUCCESS,3.49,GBP
ef0ba3dc-08d3-49b1-b629-da218a58c8d4,ef1c60f3-e10d-4ae7-96fd-c79f55e1b12b,447734325975,2026-02-03 14:15:19.000,2,SUCCESS,2.99,GBP
4c653898-0b4f-45b8-a351-5f8e77c5b187,4f127579-4fbe-4a47-a92d-0dba15fdd539,447725791156,2026-02-03 15:32:35.000,2,FAILED,0,GBP
062a6a25-68e6-4e9d-a957-356e51c51d5e,3722d0de-b3f6-454f-a368-816ec2d5f5c7,447771709126,2026-02-03 16:09:05.000,2,SUCCESS,2.99,GBP
22530296-7b78-4468-a44f-f4bc98bcbf87,77e33644-eaa3-4ac6-b3b4-48bf47ff4610,447710830367,2026-02-03 16:46:31.000,2,FAILED,0,GBP
2a03ff55-def8-4170-8e65-666356643eb6,981c2db3-4218-4234-ac6e-b5e3e9abd724,447739320286,2026-02-03 16:52:36.000,2,SUCCESS,1.99,GBP
dc282f7d-c98d-4b36-bc42-e769fe44cf27,e4ea4489-c44b-495f-8a58-bdfab4a6d30f,447749557546,2026-02-03 16:59:09.000,2,SUCCESS,3.49,GBP
fea5479e-0fc6-4845-a447-f7b05b321ce4,1baa3c34-ed3d-4678-ac52-918ad290e24f,447785992380,2026-02-03 17:25:14.000,2,SUCCESS,2.99,GBP
e172169a-c542-4cca-9a4a-b2665a776c28,f2702180-5d97-4738-a7bc-150243de591e,447715699798,2026-02-03 17:29:12.000,2,SUCCESS,3.49,GBP
768bdf92-c013-434c-b06c-7bc3666c5e7b,1aae3fb5-89c4-4188-914f-5a8806f61174,447717028262,2026-02-03 18:03:57.000,2,PENDING,0,GBP
e24904f5-2640-4d0a-8a06-1e6d0d326dbe,d0a0378f-cbb4-48ea-a3b3-4053a2650f49,447721876049,2026-02-03 18:09:47.000,2,SUCCESS,2.99,GBP
33a921c1-f621-42c3-a108-10b221f8fe8b,8468f8b2-0d31-42f8-a79d-e03fb160af2a,447737437428,2026-02-03 18:12:45.000,2,SUCCESS,2.99,GBP
0e1b3777-df1d-47a0-aac0-e0c5c77c13dc,e0ad16d8-9e9e-4cc9-a19d-1c79370d27b0,447711709677,2026-02-03 18:25:02.000,2,PENDING,0,GBP
ff42670a-003e-45e8-845a-a2bd2107cbe6,c2df7d5d-e0d8-4416-915b-dde7d26fce4f,447741592229,2026-02-03 18:25:09.000,2,SUCCESS,1.99,GBP
46c8c559-571c-4001-9bcb-bce6b6b6467c,1acc8394-6ef3-48ca-bcbb-a27843e749d2,447711284547,2026-02-03 18:42:42.000,2,SUCCESS,3.49,GBP
777f21f6-4f97-42f4-96ad-3e9d674c00dd,bff0692b-2080-477c-9200-10156a49b9d6,447759164829,2026-02-03 18:58:09.000,2,PENDING,0,GBP
3d2559d5-24e5-4b02-b22a-dbc0386e5120,bc7100e4-665c-46fb-b346-c0701b1d9fdd,447735004550,2026-02-03 19:47:04.000,2,SUCCESS,3.49,GBP
4a22ec80-2c4b-4ded-b0d2-2c4c20acd7ee,f90105c0-3188-4d57-beef-e32a4c71fa57,447737807962,2026-02-03 20:20:04.000,2,PENDING,0,GBP
598f4f64-7f2f-41b5-aa1f-d0c126fca89d,1210e4e6-eca7-4fcb-8ea6-7d1497988a18,447725150432,2026-02-03 20:26:58.000,2,PENDING,0,GBP
f0335cbb-5918-4890-addb-47e44897eaa2,13c6d8da-e537-4e15-89ba-756498d23490,447763435441,2026-02-03 20:32:19.000,2,SUCCESS,1.99,GBP
0190473c-940f-46ca-ab7d-c33e01f4291c,5347ce1b-9941-4ae9-85e0-bf4d112c3581,447773704929,2026-02-03 21:44:24.000,2,SUCCESS,3.49,GBP
98d200e4-e156-47fc-b7f8-8e57e6e4cc33,9332a6b0-4f30-40c5-9c8f-109c793bd625,447748748830,2026-02-03 23:00:49.000,2,SUCCESS,3.49,GBP
150fc979-33eb-4377-9cd8-866fc6ea9f18,7deda305-d129-45d4-b6f6-5c03f6814e9c,447741033065,2026-02-03 23:02:53.000,2,FAILED,0,GBP
a7abf5a9-38a0-4757-a8a1-0eb1b5847e91,57db8dd3-41ac-4582-87aa-f317fdd4f89e,447731752312,2026-02-04 00:03:29.000,2,SUCCESS,2.99,GBP
45a50127-efa8-4409-b26f-e6d0c0412f3c,a15e957a-cecc-46d0-a03a-f58ac4f57ecc,447754845385,2026-02-04 00:41:05.000,2,SUCCESS,1.99,GBP
26febf6a-f83c-412a-b634-bce4f3f3b1ff,daf0d2d3-84ca-4b0f-9d12-ada3bf1204fd,447747475077,2026-02-04 01:24:02.000,2,FAILED,0,GBP
133f5e3b-6439-44ec-a22f-0a691f8308ae,94be585e-5370-4c78-9566-5c49c7b9ded2,447729398504,2026-02-04 01:59:06.000,2,SUCCESS,1.99,GBP
3a6c0960-2263-4740-9d3a-a5aaee8ed04c,ecf8e7dc-a9bc-425c-bddd-deba73636383,447798231797,2026-02-04 03:29:20.000,2,FAILED,0,GBP
61d7a1e7-4cba-4838-a868-191e38cfdff2,74eaa940-c7e8-4785-8223-8e0e08501b9d,447767300297,2026-02-04 04:03:30.000,2,FAILED,0,GBP
cb1ce174-5c71-4257-b9f4-a96c63f6311e,acb74803-df2c-4c74-8258-d5455205ff48,447736365564,2026-02-04 04:08:41.000,2,FAILED,0,GBP
dcfb99e7-9af7-4217-9166-ea929014a3e4,9cfe1111-402e-4682-8c5a-c5c55faee37f,447792303840,2026-02-04 04:12:44.000,2,PENDING,0,GBP
8ea79272-35ec-4412-8cef-875e3993752e,499b6817-dc90-4c25-98f9-d0e0b04de863,447771084036,2026-02-04 04:22:17.000,3,SUCCESS,0,GBP
462c241d-d2f2-4e9b-976d-84e6581f0548,a0ac225d-ffa3-423d-8372-7a8bfe5e089e,447778235177,2026-02-04 05:01:36.000,2,SUCCESS,1.99,GBP
d33e85d3-d099-44f6-8e76-f7b4fc7e44a4,f8144043-8017-4161-8652-01fc78642e17,447715400759,2026-02-04 05:08:50.000,2,FAILED,0,GBP
e4fa3bb5-e4ca-4294-bfbc-edd79698ee8e,e24286dd-2a70-4b0a-ba6e-9c7bb3abfa6f,447760972165,2026-02-04 05:58:20.000,2,SUCCESS,3.49,GBP
052f6458-ef02-47e2-a613-09a9755eccd6,f4fb0784-abbe-4cfb-88cc-3766dca3301a,447716827441,2026-02-04 06:41:53.000,2,SUCCESS,2.99,GBP
f4cd973e-cca2-4324-91db-d64943b15dc2,be3de8f1-02a6-4fbd-a499-b1f8d7ac21e0,447727715582,2026-02-04 06:54:05.000,2,FAILED,0,GBP
bd00772b-8acc-412a-9a70-2ce9f96ccfc7,058e5f70-2360-4e61-acf6-c42346c8fabf,447784843358,2026-02-04 07:00:15.000,2,PENDING,0,GBP
3c10ae12-df3b-4ee6-8c01-152874d2cb09,2b07b397-f8ac-4317-9a4e-cb9eb5fdfef2,447710203401,2026-02-04 07:36:34.000,2,FAILED,0,GBP
eccfe1ea-626c-4dae-a02b-6550311e0f5c,2da2c600-f099-4dce-9aca-dc01624fcc5c,447734854382,2026-02-04 07:37:19.000,2,SUCCESS,3.49,GBP
b36667b6-b350-44a2-bf8c-55fd71beede9,ee3b2ae9-31e3-4e91-9162-2b34b59cc7d0,447792126838,2026-02-04 07:38:12.000,2,FAILED,0,GBP
5151a1d3-a61e-4a78-8419-ff37af8ae667,4a3fe9e5-8b6d-437b-9139-4ff578c7a693,447768514801,2026-02-04 08:59:56.000,2,SUCCESS,1.99,GBP
6457f723-6dfe-4803-8a13-3fef732b429f,710d8b6b-5c1d-4ecd-8acd-356f6a43567c,447748536525,2026-02-04 09:51:26.000,2,FAILED,0,GBP
1280d574-caa3-4013-b2ba-259a5a5e6865,ba2e3b21-cfa6-42c3-9370-cbb0e1447a9b,447710794452,2026-02-04 10:21:23.000,2,FAILED,0,GBP
6d8c3f9a-f4b7-4ea5-9395-45f49d1f31d2,5abd9a8d-6825-45b6-8f0b-be574d013147,447703177067,2026-02-04 10:59:57.000,2,FAILED,0,GBP
f14ccc6d-6d3e-4887-bfb7-c729321943a4,2357fb37-540e-4de0-bdbd-039e96893828,447761283803,2026-02-04 11:00:28.000,2,SUCCESS,1.99,GBP
0f9da1a3-4898-4be1-a973-44a42487f4cd,a73e75d0-b145-4957-ab42-2ac2b81c8171,447771375549,2026-02-04 11:37:59.000,2,SUCCESS,3.49,GBP
a572ce70-8292-406e-b41d-3e205dc3b176,08376018-5eae-458a-b059-7af69feec7c6,447771807074,2026-02-04 12:21:30.000,2,SUCCESS,3.49,GBP
93734bfe-ed12-4f46-8511-5663dc15afcb,3c1a7e6d-e1e7-49b7-b70a-4042408fe1fe,447788415591,2026-02-04 13:02:15.000,2,PENDING,0,GBP
e373c6aa-b459-431a-a10b-bdfa1a975216,76ae0b8e-ab85-43a3-9d9f-5721012a4c4e,447767781562,2026-02-04 13:27:03.000,2,SUCCESS,3.49,GBP
2d956b3f-1089-4319-8765-9683c234e553,974da493-6948-4a15-a68b-e805ec6d04a2,447747158907,2026-02-04 13:33:39.000,2,FAILED,0,GBP
23bb2096-0b6d-4d77-b0df-db604581f067,c331fb03-3227-47f9-bb0c-8ff6fe72e732,447767437735,2026-02-04 13:34:00.000,3,SUCCESS,0,GBP
6087abf6-1248-4178-ac6e-38059dbd3df2,63dcb55e-f5ac-4bf7-8f41-df0fd09e3015,447765572729,2026-02-04 14:08:44.000,2,FAILED,0,GBP
2824a523-e5d3-434d-a523-c0db77cb5855,0eda7f02-00b7-4684-b716-0c637f45922d,447785915825,2026-02-04 14:12:39.000,2,FAILED,0,GBP
d10c24b5-9879-44a1-b08d-5f22a650a4f9,cd8464e4-e5a9-4def-ae21-f49ef11e80f7,447731285674,2026-02-04 14:16:53.000,2,SUCCESS,3.49,GBP
881b50cd-e5bb-4ab6-b977-f6133a0a8de8,24822cd0-87f2-4ff6-8da5-9e4837a5cd1b,447735767584,2026-02-04 14:18:27.000,2,FAILED,0,GBP
119b5581-a79b-462c-a8fc-7c7c87817d1b,ec4b8d78-2cca-4f31-ada6-e5dc156abee1,447791828658,2026-02-04 14:42:20.000,2,SUCCESS,1.99,GBP
dc26b202-223f-4025-9d0e-7642d4a4d9c8,db0083fd-272e-41a0-a79f-f510ec1c2d8a,447794571711,2026-02-04 14:53:29.000,2,SUCCESS,3.49,GBP
e6c00c18-61f1-429b-a6a7-58c5f65c63b7,6ffc6878-280c-4e4f-918a-1598918baba6,447741550707,2026-02-04 15:29:20.000,2,SUCCESS,3.49,GBP
e4294d25-b48d-4c23-867e-9bcd9bd321cf,ba08fae9-1650-4533-a9be-1ed60b81ccab,447762578744,2026-02-04 15:51:52.000,2,SUCCESS,1.99,GBP
eecfd23f-6824-4d3c-97dd-a883bc7d98cb,5a662a42-3383-4a89-b534-1ed2f8bf7bd0,447735397635,2026-02-04 15:55:16.000,2,SUCCESS,3.49,GBP
378fad12-575d-4b6d-918e-bb3f696a4e84,5cf643f5-766d-414d-858b-babfec379cc9,447784169016,2026-02-04 15:57:20.000,2,PENDING,0,GBP
69017699-a8d0-4f4a-b827-38ba329cac22,7de5571f-7a06-4200-aebe-b9a0cb66b3e5,447702813249,2026-02-04 17:50:41.000,2,SUCCESS,1.99,GBP
da9c20a7-5bc6-41aa-a0d3-451403f78b10,64adf4d2-90d6-445c-bc9b-d6ad2d19bc4a,447747716970,2026-02-04 18:35:00.000,2,FAILED,0,GBP
d0330428-360c-4c09-aeaf-2ab3d1b60468,72e43333-a984-4dd4-9197-522eb437f64b,447715849017,2026-02-04 19:25:07.000,2,SUCCESS,2.99,GBP
7edd0c53-1e28-4276-8c9b-178015c3bd05,65342c41-c49a-491f-bf5c-caad5ace89d5,447740489494,2026-02-04 19:41:40.000,2,PENDING,0,GBP
6cc1ae8d-de06-414a-b551-d29e80d2af51,7cb50602-1ecc-45ad-8adb-1fdadd6987ba,447795684931,2026-02-04 19:53:17.000,2,FAILED,0,GBP
f50c4eb7-1655-438f-ac0a-36c9bde6c586,6aa65e73-fa4e-4cdf-914a-6a0e0174a997,447721114259,2026-02-04 20:18:03.000,2,FAILED,0,GBP
6551e33b-fed5-4de4-a5da-0f1191476eb3,0ca9984e-8303-43ec-83b0-5252bb4925bb,447730107165,2026-02-04 20:43:59.000,2,SUCCESS,1.99,GBP
cd027e7e-32ff-4609-99e1-9c47475fa634,6621ef9c-526d-4df3-b2e8-d34a4f31c723,447731694617,2026-02-04 21:26:03.000,3,SUCCESS,0,GBP
51795c99-5fed-412c-ac56-09800a222277,0492c4b3-884d-4cc1-a69a-b4cc8d3f58c3,447741858482,2026-02-04 21:32:12.000,2,SUCCESS,3.49,GBP
a3867bdd-ab06-431c-b5a1-7cc30a316892,08e2ee2a-a36c-4207-8723-0e6a1c2b1988,447773464295,2026-02-04 21:53:30.000,2,PENDING,0,GBP
eda725fa-f337-4b9b-b2ca-273b9489f44c,12fb05f8-0413-4a30-b267-27fbfe899572,447774502609,2026-02-04 22:05:15.000,2,PENDING,0,GBP
9f537394-9e5b-4d46-8663-3b45210a5322,0253dc8b-e632-409d-8b0f-cf5ce2940b03,447718791072,2026-02-04 23:12:45.000,2,FAILED,0,GBP
875c016b-bef7-4005-851d-e15e45ae9a6d,1e3223c1-1761-4547-9520-0ef7b122615a,447724536227,2026-02-04 23:25:59.000,2,SUCCESS,3.49,GBP
bf7fb47c-d94e-4e63-ac1f-16a25ad5e2b8,1f233b96-1d69-42a6-9d6a-f35b6b045a5e,447738387408,2026-02-04 23:53:16.000,2,FAILED,0,GBP
52538a14-2ea9-40ea-9719-cdd20dfd992d,d4592afc-763e-4b2b-a0b6-517886dc76af,447770912426,2026-02-05 00:11:14.000,2,FAILED,0,GBP
a593d50c-be32-4755-af86-8273ba6cf288,402f3967-1925-4e55-8ead-2e2253edca42,447711790860,2026-02-05 00:38:18.000,2,SUCCESS,3.49,GBP
3d1b3fb1-c82c-486a-a243-9a4a62d0bf66,883fed07-b84b-46bd-ae91-c23d813eeb27,447768273896,2026-02-05 01:02:22.000,2,SUCCESS,1.99,GBP
449f39de-259f-4adb-ba5f-8177ee757510,2d52eace-c7f8-442f-8594-b82668d40312,447760215958,2026-02-05 01:16:03.000,2,SUCCESS,3.49,GBP
34a40d93-b8a9-4daa-b2de-d71e944932a4,1a6d25b3-7d4a-42cc-8b77-2d4822fccc36,447713102455,2026-02-05 01:58:33.000,2,SUCCESS,3.49,GBP
a75400f1-f855-4c15-a536-eb9438abbce1,74e37183-4abc-4d2f-bcf5-ef331d5e3e6c,447720497381,2026-02-05 02:07:29.000,3,SUCCESS,0,GBP
bfd87169-b31c-492b-a4c7-06cd93a93a2b,b2e1e4a7-f1ad-4f0c-8604-4f8e40755d25,447745988531,2026-02-05 02:16:26.000,2,SUCCESS,3.49,GBP
6eb5868c-9911-4039-9bbe-46cfa0228280,270667bc-eb89-479e-9f69-41a8530f31c4,447738701216,2026-02-05 03:02:55.000,2,FAILED,0,GBP
1e9d07aa-030f-4576-a1a2-739b312efa8c,fe8e9e47-3827-46b5-9c06-fc8ffbf0673a,447792862525,2026-02-05 03:29:55.000,3,SUCCESS,0,GBP
47203b04-a22f-43b9-bb37-92a197d0f4e8,8c70fe05-2493-4aed-80d9-94c987ae2a32,447763260704,2026-02-05 04:20:17.000,2,PENDING,0,GBP
15de0d68-08e7-4e46-8f35-4cb56dc42228,634eb730-61fd-40ec-8280-bdb4325411ad,447738746511,2026-02-05 04:30:26.000,2,FAILED,0,GBP
fcaa76d7-7910-4381-b92c-c016d424d9d7,c5be9220-f8d0-452b-920c-ab8062fbc52a,447718067675,2026-02-05 04:45:13.000,2,FAILED,0,GBP
3bc5c546-145f-47ff-a7b2-d913886551d8,8d287457-d4ba-4265-90c6-620d4fe248e6,447737036454,2026-02-05 05:03:23.000,2,SUCCESS,3.49,GBP
25329bf7-baae-4f90-b6bf-aca82d38cec3,1537370d-e557-4f5c-95d6-3552248d75da,447776438765,2026-02-05 05:13:56.000,2,FAILED,0,GBP
51ff3211-67b1-408b-9906-30b416a794a9,a99224c4-142f-4adf-917f-f3d41949bf7a,447749732658,2026-02-05 05:17:24.000,2,FAILED,0,GBP
2278c0aa-b87b-43fb-93ad-e8460bb9f202,68f0c2af-3bea-4c10-9893-98007d4453a1,447765928309,2026-02-05 05:55:03.000,2,SUCCESS,2.99,GBP
fa5fd8a3-ad11-4d6d-9fcf-96288e843378,c701fb63-ae9e-4437-a1e7-821f41379669,447724085250,2026-02-05 06:03:10.000,2,FAILED,0,GBP
5c2c7634-dac5-46aa-a3b1-b7b8ba91c09e,2aca5da1-6e3a-4eb5-8d97-21fbd74267a5,447741433286,2026-02-05 07:25:14.000,2,SUCCESS,3.49,GBP
8916342b-c7a7-4cdc-a269-ba61317b2957,33f866fd-d651-480c-ad55-2db7baccdf6c,447775829223,2026-02-05 08:16:10.000,2,SUCCESS,1.99,GBP
2dde1903-8d33-4e00-af7c-3d7d096b2d88,a0e738b6-5a28-4555-8bfd-6f9ac544ac20,447762797483,2026-02-05 08:23:17.000,2,FAILED,0,GBP
33d56818-c984-4e3c-aae0-6ea5f6b768d2,92974d69-d4c9-40df-810f-1b6562312ce3,447764615561,2026-02-05 08:25:50.000,2,SUCCESS,2.99,GBP
f582c414-b0e6-4b3c-9a1f-c746a38cce19,3c712bac-46c5-46bf-8a05-5d3e28d0cfe9,447760204171,2026-02-05 08:47:05.000,2,PENDING,0,GBP
d0a81dda-d207-4d09-8561-4f836d169be1,bdaa7e82-84d5-4821-b0e2-fb157e970923,447794776995,2026-02-05 08:57:35.000,2,FAILED,0,GBP
812c16b9-c1b9-4995-b6f5-af7f4441a2f6,702ce712-a2e0-419e-99b1-a42c74c86899,447771309530,2026-02-05 12:37:57.000,2,SUCCESS,1.99,GBP
62b5e140-7d37-4f15-a7b8-a608f7f29b9a,cf2df953-ee4a-400c-b744-7ebbd3aa35d1,447720848359,2026-02-05 13:05:47.000,2,PENDING,0,GBP
d05d259d-f7d2-4ab1-ad62-3f392033fad4,1b88ecc8-7b49-4707-86f7-e134e22eff9b,447742305442,2026-02-05 13:19:04.000,2,SUCCESS,1.99,GBP
6ef8e735-6d3c-46cb-965e-5ca7be7364d3,1649ac4c-1aab-4dcf-96f3-462285033f69,447761806575,2026-02-05 13:37:26.000,2,SUCCESS,3.49,GBP
0b41d57b-7568-49da-b6e2-f921990cd421,746ad665-412b-4380-be58-cc04621b8188,447767419542,2026-02-05 14:22:28.000,2,FAILED,0,GBP
ec54981b-f3fd-4555-891c-94a5a73eeb11,f4fb0784-abbe-4cfb-88cc-3766dca3301a,447716827441,2026-02-05 15:12:45.000,3,SUCCESS,0,GBP
9e1aaca1-467a-483a-85f9-d18c8298a885,bc3344b2-b60f-4874-9b45-e48785f4aae4,447771044235,2026-02-05 15:47:47.000,2,SUCCESS,1.99,GBP
1e547784-a04f-4b54-8e4e-aa4e86d638b2,3ed91e1f-2a08-4468-9574-690f483404bf,447733972968,2026-02-05 15:58:56.000,2,SUCCESS,3.49,GBP
3f2491a5-8f61-4f1c-a44d-783fb7ac8f35,cd76d50a-e465-41a5-9d63-c5228541787c,447731625228,2026-02-05 16:00:50.000,2,SUCCESS,3.49,GBP
015b4049-633b-4210-9094-96715815d693,08579c9c-0248-402b-9d99-3d449d73bd84,447706274795,2026-02-05 16:51:45.000,3,SUCCESS,0,GBP
a2cb2321-1118-476a-8f0f-a5453936e522,9a1fcd4b-5e52-424c-952b-c00ee42c8fd1,447725221070,2026-02-05 16:54:26.000,2,SUCCESS,3.49,GBP
239a220c-a3eb-46ce-8294-91ca48bb7149,29a3e1fa-eb35-422a-88d8-ec7b13be6935,447798573193,2026-02-05 17:26:42.000,3,SUCCESS,0,GBP
f2295042-998c-40a8-b04d-20ffb2246edf,0e5a956f-e83a-404e-885f-c904212ba56b,447795385815,2026-02-05 18:00:49.000,2,FAILED,0,GBP
d37cfe29-b4a1-4651-b9a0-360f53a123ac,29ca970d-e24b-4352-aafe-15c5800e3664,447796829630,2026-02-05 18:22:19.000,2,FAILED,0,GBP
fe6103ca-d3d8-4caf-833c-7957ce331426,58c8fde2-1724-4c04-8bc8-d721e6eadc25,447737665512,2026-02-05 19:23:49.000,2,SUCCESS,3.49,GBP
b9891480-0942-4efe-b561-674733316b03,d758171b-a268-4962-8b05-43accad5de41,447785975263,2026-02-05 19:44:51.000,2,SUCCESS,3.49,GBP
23b13b96-d6b1-4755-8528-11d801c7a18a,a9542c8b-ae25-4e8e-8ece-d569999e566e,447752059050,2026-02-05 19:51:12.000,2,SUCCESS,2.99,GBP
2deb44bb-aa87-4086-af26-d4df64c67c93,9d6d7f98-1c48-44f8-8991-a3f3d1fadd5d,447767884624,2026-02-05 21:11:52.000,2,FAILED,0,GBP
cda389f5-5fde-4ad8-9e9b-c2220aa7a724,5ccd7872-da79-4d95-981f-1615d885fe00,447777933549,2026-02-05 22:42:27.000,2,SUCCESS,2.99,GBP
474ac062-ec64-4b4e-92d3-51147f0de332,0a6649a2-f8b8-4915-ba08-69f472c3703e,447785102663,2026-02-05 22:51:34.000,2,FAILED,0,GBP
05a0c818-4b2a-402f-aab8-b708827f4927,58c8fde2-1724-4c04-8bc8-d721e6eadc25,447737665512,2026-02-05 23:49:05.000,3,SUCCESS,0,GBP
75e195c9-b575-4306-a61d-b2ae4c4cd787,f015dbb0-088b-42dc-88a0-0e19829c653e,447752655906,2026-02-05 23:50:09.000,2,PENDING,0,GBP
9004544c-50db-4023-bbd2-ebf606e1156d,e0623c3b-ee96-4323-bfaa-dd9ff236cdee,447736487538,2026-02-06 00:52:59.000,2,SUCCESS,3.49,GBP
0dfe5790-50ce-4ca2-90ec-9d7a14d86573,3c2b1122-3ad2-4291-b6d2-2cf1bd867974,447745342937,2026-02-06 01:18:37.000,2,FAILED,0,GBP
620875e2-3d2e-45d9-8dbc-66f9cb15497a,c725e53d-0172-4395-95f9-d25b415e5ca3,447781399503,2026-02-06 01:23:09.000,2,SUCCESS,1.99,GBP
961058db-4bd7-4869-90a0-59f106fa4d51,49d46bcb-014a-4a82-acbf-28c7e4d3fa10,447700442636,2026-02-06 02:11:52.000,2,FAILED,0,GBP
7166326d-effe-473b-90ff-5414a8706382,ef1e85ad-9467-4bab-9b4e-861de7a894b7,447761273693,2026-02-06 02:26:22.000,2,PENDING,0,GBP
545e0948-6477-45ea-8d91-81ce5d268ed1,5605b28b-f8c4-48a8-94a0-c40a989ce80b,447767098790,2026-02-06 03:30:30.000,2,FAILED,0,GBP
9b37c89f-4c64-4c06-9800-0cb79dfa9f51,fe8e9e47-3827-46b5-9c06-fc8ffbf0673a,447792862525,2026-02-06 03:48:27.000,2,SUCCESS,1.99,GBP
d668ceff-6df2-408e-a5a3-d54356e40730,795797fe-580d-40b0-908c-123db0359c89,447797390320,2026-02-06 04:46:52.000,2,FAILED,0,GBP
0abf21b2-5544-446d-ac41-87a6712fe77f,690326df-8717-431a-a31e-d2294a98f9c8,447734378199,2026-02-06 04:59:42.000,2,PENDING,0,GBP
b35d4576-ddaa-40d5-9b17-5e7aabb48ba7,3f12a266-7185-4f2a-bb56-a2a30a398c6f,447702023451,2026-02-06 05:09:45.000,2,FAILED,0,GBP
7555bcf0-c594-45a4-8a32-01e2c29b0e8a,05a52649-939e-4875-b31c-bf8ef887b862,447711191238,2026-02-06 05:17:36.000,2,SUCCESS,1.99,GBP
e2364daa-d97d-40bc-b37c-6eb0da067082,03cd5884-e568-43f2-82d2-778f3e27ae8f,447778617150,2026-02-06 06:22:07.000,2,SUCCESS,3.49,GBP
a24bbd76-22bd-4f3b-9301-58bf8dfd5558,e2d20cce-0e07-4594-b936-461eef902a8e,447781089799,2026-02-06 06:36:35.000,2,FAILED,0,GBP
aa12d9f2-7f72-474e-9999-fd8922de86b2,50368f62-1e52-45e7-9ecb-c04ccb25a233,447748416221,2026-02-06 06:58:17.000,2,SUCCESS,3.49,GBP
3a33c052-3cfb-4914-8f32-260e102cf20f,53efaac1-a139-4854-a261-e86fdb608bf0,447706951835,2026-02-06 07:02:31.000,2,FAILED,0,GBP
971fcd93-e803-4bd7-a1f3-74a6d252271d,12fc2a33-7b97-4f8b-9b78-615b6721f7dc,447795743612,2026-02-06 07:11:16.000,2,SUCCESS,1.99,GBP
6ffd452a-2f89-4dcd-84b6-4fc63362a865,4b1f65f3-ae44-4710-8748-918fa3d892d9,447780340200,2026-02-06 07:31:53.000,2,PENDING,0,GBP
634ed187-26ab-4f31-a331-070a159353d7,5546b62b-c590-4eea-869b-8e4ffd76e467,447737423342,2026-02-06 08:27:03.000,2,PENDING,0,GBP
acdf9427-7dca-42b8-bc46-30eb8f34e7c8,85154408-b8cb-4bec-a56e-2683b21bbab4,447757427624,2026-02-06 09:05:11.000,2,FAILED,0,GBP
b06536ec-7bf5-4eb9-9ef8-44bea76265da,95518e09-dc64-414a-b3ce-6857b64e5059,447719497198,2026-02-06 09:25:25.000,2,PENDING,0,GBP
ab31fdcc-6ede-4f68-86fd-b1efb91e3581,08078e94-e0d0-46fb-b0fc-122e404c8ec7,447776632440,2026-02-06 09:46:36.000,2,FAILED,0,GBP
1e8cf27d-efff-4d8c-b4a1-774b12a24575,ebc02fbc-dc25-4dce-aa75-964908c33dbc,447795474341,2026-02-06 10:17:10.000,2,SUCCESS,1.99,GBP
49b447f8-8346-464d-8b8e-44f813d17160,6ff7ae8c-e9d2-4d68-9ada-dd28213da1a3,447700193255,2026-02-06 10:18:32.000,2,SUCCESS,1.99,GBP
48d77699-d749-496c-9ee6-17d52a452e2b,2a0ad89a-3a7d-41ba-9a09-8efe206541af,447768497755,2026-02-06 10:49:56.000,2,PENDING,0,GBP
9f1fe61f-abb0-4ed4-8205-82ec250e9538,85c6a119-872e-432c-acfb-c948924caf9c,447754147695,2026-02-06 10:50:20.000,2,FAILED,0,GBP
2fbe8819-502a-43a4-93b2-630f6c18d84a,5b0fbddc-1159-45b7-a340-b14395864df3,447703746612,2026-02-06 11:50:39.000,2,FAILED,0,GBP
c8cbbccf-56bc-4c1a-82f5-a3b7e021b472,1210e4e6-eca7-4fcb-8ea6-7d1497988a18,447725150432,2026-02-06 12:18:27.000,3,SUCCESS,0,GBP
e0200311-7c7d-4cd7-948b-00bfbde9af1b,f3b7247a-5dc5-4ebe-b695-45a90b8031ef,447799231281,2026-02-06 12:56:23.000,2,PENDING,0,GBP
df6bc62d-de31-4329-9b93-90b63640ffa3,669d7f32-5013-48f6-9668-8bcf0d676edf,447732677897,2026-02-06 13:07:10.000,2,FAILED,0,GBP
c374063d-952a-42d8-803c-1453ad90c2ab,5f096c85-8b71-4876-9d7f-060b627fe767,447795064427,2026-02-06 13:10:46.000,2,PENDING,0,GBP
aaf00768-873d-42ce-b7fd-6b81a14f1fa1,05d80484-b44d-46bd-857c-17436797f1fa,447780777690,2026-02-06 13:12:10.000,2,PENDING,0,GBP
222d9752-5909-4e23-895c-f2cc4f66fe58,aed724cd-11b4-4949-b434-eb273e529e3d,447752483644,2026-02-06 14:03:29.000,2,FAILED,0,GBP
8ff72975-f16b-4d96-a97b-023f6e70abe3,65d7ea64-1c3e-4b43-9764-97a05eb9bab5,447715560946,2026-02-06 14:25:19.000,2,SUCCESS,1.99,GBP
2e213c8c-3981-4aca-a4bc-20c3d40456e6,c9e0f409-3112-4511-bfbb-027eae9a584c,447731445855,2026-02-06 14:53:44.000,2,SUCCESS,1.99,GBP
822e4260-0527-4333-906a-e9d1bb0d8c32,02360f6c-d2f7-4494-9316-936a20428ae8,447735965951,2026-02-06 15:30:23.000,2,FAILED,0,GBP
8c96cea3-654f-4d81-813c-1fc0a51eb690,9b4d3714-a4da-4eab-85d8-b07d1d5df2b4,447742934943,2026-02-06 15:43:33.000,2,FAILED,0,GBP
0ca76dfa-fe9c-4a88-bf9b-83e28a60c109,4e4da081-145c-4919-99c2-6407ca3de6b3,447701753260,2026-02-06 16:56:31.000,2,SUCCESS,3.49,GBP
79f25996-0536-4159-ae72-fee8783f6c80,73a10220-54bd-4cf3-9fe3-6183a6b867fe,447717939317,2026-02-06 17:09:57.000,2,FAILED,0,GBP
68e0feb8-d449-414a-bb7f-410fb0f02c16,091b109a-719d-4c95-8dc4-6a7a2763c78a,447792886307,2026-02-06 17:29:28.000,2,FAILED,0,GBP
490ed89a-96ac-46b2-bfee-f6085a121556,45508e7f-f55d-4772-b501-6b30700f5e7c,447799182671,2026-02-06 18:13:03.000,2,PENDING,0,GBP
17b59dcd-663f-4a6a-ab40-4a81090879a5,6d2966b0-e8e5-485e-9a4d-5b898ec4950a,447712986419,2026-02-06 19:15:55.000,2,SUCCESS,3.49,GBP
e0471bd7-91b0-40db-a504-e31948c4af33,c84a81be-547e-41e5-bf10-930df45dccef,447729505346,2026-02-06 19:41:23.000,2,SUCCESS,2.99,GBP
adfac134-d905-4605-bad2-c2f9e8641bf7,ce302f3c-d19d-477d-9b4f-ecd7ae2f3283,447757429020,2026-02-06 20:48:06.000,2,FAILED,0,GBP
137eebbd-40df-46e8-8fe8-e9675bfc4fc5,9ac2bf2c-cc33-4146-b896-ad8e2a8efa5e,447728833978,2026-02-06 21:17:12.000,2,FAILED,0,GBP
599b9ab1-684d-4e0f-897e-c9f7355e0f91,b9488533-ab5c-4e92-a8e0-300cae8e95af,447741652412,2026-02-06 21:26:41.000,2,FAILED,0,GBP
78c5d677-e24a-441a-8730-a5cefce79e64,52fc43da-ba19-4027-ae24-cd578a932180,447782526070,2026-02-06 21:51:29.000,2,PENDING,0,GBP
625eb84e-89d6-4117-b2f8-5ff5c96b0917,c9b7a2d8-15e8-4c90-a8a0-dad69df49142,447777496616,2026-02-06 21:53:57.000,2,FAILED,0,GBP
4d3bb3bb-2398-41ea-8c3e-b56d1d4b91d1,68f40838-85e4-45e1-8aa9-03c7ad79c86c,447726798070,2026-02-06 22:18:20.000,2,SUCCESS,2.99,GBP
fa73bd7a-907c-4d9a-8a9c-8fdab8ed42b8,a6b71ab2-0ba5-4244-829a-dfecc61c8209,447714796630,2026-02-06 22:30:09.000,2,SUCCESS,3.49,GBP
16348e35-16ba-4e80-b6e3-5c26511c1078,cc8d8884-93de-47a6-8e9e-1ab49ebc5267,447760339806,2026-02-06 22:36:23.000,2,SUCCESS,2.99,GBP
ec8eae76-3af0-4939-b475-1573462352d5,8b121e67-52f9-4fc0-a9b2-ebeea9104f1d,447700525272,2026-02-06 22:53:13.000,2,SUCCESS,1.99,GBP
8e220230-6a85-491f-b569-63126a220200,3f900fe0-117f-4dd0-8da2-6e8fe4d24e47,447789921354,2026-02-06 23:00:03.000,2,SUCCESS,2.99,GBP
d2e2b6a6-175a-4220-bce6-fd372510ff50,945b3909-7e1b-4178-9dca-f428a49b7edc,447799197470,2026-02-06 23:14:27.000,2,SUCCESS,1.99,GBP
51a8cbc7-185c-490e-bdea-2cb449580175,cbea7974-6e72-44f2-beb2-b30a09af512e,447795329078,2026-02-06 23:19:50.000,2,FAILED,0,GBP
c28d87f4-b24d-4bee-9c1b-dff7c8f34f15,2a0ad89a-3a7d-41ba-9a09-8efe206541af,447768497755,2026-02-07 00:20:04.000,3,SUCCESS,0,GBP
d7cb4a3d-5424-412c-92b3-c82d4ca90515,577dfda6-b4aa-4955-81df-9f40a03ba212,447799425029,2026-02-07 00:42:22.000,2,SUCCESS,1.99,GBP
3fb9c55a-49e5-4ab5-9e73-bd917cc5aff1,1a0d82a0-70d7-4420-805a-cd8f3264a7ea,447721254824,2026-02-07 00:49:49.000,2,SUCCESS,1.99,GBP
4086090b-24d0-4620-aebd-5331b55e2df6,7eeb1c79-0edc-4995-a8dc-6db3ca5fb3bf,447727435977,2026-02-07 00:52:52.000,2,FAILED,0,GBP
3d587695-ba33-4df6-9478-8c38715cd09b,b86e8638-5f71-491c-8fc7-801b6b5958f3,447722492069,2026-02-07 00:57:30.000,2,SUCCESS,1.99,GBP
107e74df-f3a6-41ac-90d4-659e8c201f05,c8006eb1-fe18-419a-a58d-e7d9e6013b26,447704341104,2026-02-07 01:09:06.000,2,FAILED,0,GBP
51ae6391-271e-4513-a58d-5b83e2b45fe6,5e9158d7-e9ce-4db4-9ec9-21b1923c412a,447759957986,2026-02-07 01:11:08.000,2,SUCCESS,2.99,GBP
8e4b9bfa-f954-448c-8c24-c3a7b3e0cce8,f6d9afd0-c9d5-4845-849a-2dbc657e0ba5,447799708958,2026-02-07 01:17:16.000,2,PENDING,0,GBP
b98a9849-c4da-4dc7-9eb4-b44f5f044689,7a341fe3-f201-495d-a9ab-6e4fd5706d39,447715416017,2026-02-07 03:42:36.000,2,FAILED,0,GBP
be3ae732-3fdb-4af2-9c72-8e52167f1e43,20187ee3-5134-4854-b4b1-452659af6f0f,447777873622,2026-02-07 04:01:12.000,2,SUCCESS,1.99,GBP
de35742f-9d96-4419-bafb-f8fca5c82e8c,35e3e0bb-08ea-4bf4-bc59-38c1b4473a6a,447768025353,2026-02-07 04:15:02.000,2,PENDING,0,GBP
f60f5114-7f97-43c6-b408-358d0ca15f41,50b4d856-c542-40b5-b016-1f02f37d0f9f,447725084301,2026-02-07 04:25:08.000,2,FAILED,0,GBP
80b1388d-2d8c-45b3-b54b-ad591ac78da4,49ed08b3-ec7e-472e-bc5b-101274bbea9e,447722661055,2026-02-07 05:15:13.000,2,FAILED,0,GBP
94b4f979-571c-4787-a2a9-6321969d349f,2fda5143-10f8-4d57-8c0a-2f09e47ca62f,447713974122,2026-02-07 05:56:13.000,2,SUCCESS,1.99,GBP
f8d48f22-fa8b-4308-9038-c0d35b86ed29,f916878f-0de4-4cde-b079-aa73605cb01c,447799685600,2026-02-07 07:27:49.000,2,FAILED,0,GBP
3aa1f8f0-49b5-4032-96a8-25a9bc7888df,fde8df0e-0d6a-495f-a1f0-a4f7389cfd60,447707908324,2026-02-07 08:01:44.000,2,FAILED,0,GBP
c9f234e8-e8bd-4ab2-a518-fe3e6735c6f5,6c006485-abb3-4980-9658-c213b6ab9b98,447722052667,2026-02-07 09:00:54.000,2,SUCCESS,1.99,GBP
26a6e76a-3e71-4b77-98ae-d57f301413d2,1626024d-c4e6-47b8-91e5-02077c254f3c,447705927296,2026-02-07 09:11:14.000,2,PENDING,0,GBP
e0825aaf-18db-4e52-a161-a75545f73fbe,ec730f09-a5b2-467c-9cb2-9edbf6370506,447720552542,2026-02-07 09:19:22.000,2,FAILED,0,GBP
6d5b34d1-798a-4cf7-89bc-e6cbef02bec2,3644f32a-9307-4b20-9a43-60a91d2f8726,447741030729,2026-02-07 09:29:21.000,2,FAILED,0,GBP
dc3c38dd-f55b-4383-8cda-665fc6d0f4f0,1d2720ea-5e61-46f3-a3c5-6dc14868424c,447762857819,2026-02-07 10:26:25.000,2,SUCCESS,1.99,GBP
7939631b-6915-4ba0-a826-2988e5c66f89,7622f5eb-3544-4b1b-a14a-7b5ecd831690,447723264515,2026-02-07 10:35:16.000,2,FAILED,0,GBP
f74abb5a-5eba-4527-8092-3864c238048a,c3541086-aaf5-424b-b9ba-178160598aa0,447740347465,2026-02-07 11:19:52.000,2,FAILED,0,GBP
be2be039-be9e-4b5c-98ff-8afe01008df6,74d98e34-c490-4498-8ec1-82ecde2e86c8,447732123713,2026-02-07 12:22:29.000,2,PENDING,0,GBP
a52965fa-6068-4c63-839c-5c6dc089ef26,7321a7e0-f32f-4be8-8373-cad57f6fb3d0,447706319660,2026-02-07 12:25:38.000,2,SUCCESS,3.49,GBP
14501ed3-a434-4e3c-acc9-aa6277a45126,41680514-dd8b-4cc2-9a3e-2f34d0286b23,447777934624,2026-02-07 12:32:31.000,2,SUCCESS,3.49,GBP
1968c230-b305-4afe-a6ba-0c4f8a2cf1c4,d9bf0c3b-d394-4bf0-81c5-3e5a8cce75e0,447711630904,2026-02-07 12:35:12.000,2,FAILED,0,GBP
2eb315a1-de73-401f-859a-e59a2d9bca6b,76f1fcd7-156f-4485-b6d6-aea05cc17194,447714431556,2026-02-07 12:44:34.000,2,SUCCESS,1.99,GBP
1aa049c3-b66e-4d2f-ba50-20741410803b,4689f07c-0818-4531-8e87-7525ba769a2d,447710506156,2026-02-07 13:04:33.000,2,FAILED,0,GBP
3676e19e-cad8-4b02-af65-335761fcc78d,b49bc443-7a1b-4be4-b6ec-6c12e6943417,447746016483,2026-02-07 13:05:29.000,2,FAILED,0,GBP
5f9fa068-3ed5-4335-af96-cad062c11ecd,73fce66b-5434-4a3a-be5f-72835c58d514,447764093913,2026-02-07 15:02:04.000,2,PENDING,0,GBP
8023ca03-794a-48f8-9a70-01997fbdac25,540f2f57-fec0-4c80-ae5d-3467fd1273a4,447748589119,2026-02-07 15:44:23.000,2,SUCCESS,1.99,GBP
1ee87c0f-f467-43ed-8c76-dd90b6547b91,9b4df825-b64b-4906-8f17-c01958608795,447746486964,2026-02-07 16:03:35.000,2,PENDING,0,GBP
b7836add-d833-4826-baa0-1f0b88252b87,f015dbb0-088b-42dc-88a0-0e19829c653e,447752655906,2026-02-07 16:08:13.000,3,SUCCESS,0,GBP
181bef0b-29a2-4d79-acc6-a725f8c4ac31,ea33e99d-e2b7-4839-bbc7-ab9beb29f925,447762075226,2026-02-07 17:09:07.000,2,FAILED,0,GBP
27160cc9-08d9-4b89-9f5e-80508c6f79e1,2170f0ab-936f-47d6-8b08-8bc0a5dc05b7,447766750637,2026-02-07 18:33:18.000,2,FAILED,0,GBP
a930217b-c39d-4153-9b9b-27256e5e877e,ee486886-10b3-4831-aa0c-0784ebb1adb7,447739444065,2026-02-07 19:00:48.000,2,FAILED,0,GBP
56986d24-eec7-48aa-910e-4f18c4f5299a,b0031380-805c-4408-a473-db584e0737b6,447746696130,2026-02-07 19:09:43.000,2,PENDING,0,GBP
48ee20eb-9801-4230-905c-637c53d006d7,a13736f4-7e88-452d-a32a-22fe16726694,447769241895,2026-02-07 19:52:45.000,2,SUCCESS,2.99,GBP
3cc02944-0e37-4e09-a6be-2b363e9323d2,bca3ebbd-4743-4bd1-90c3-240c2ebeb6cd,447727979432,2026-02-07 20:32:54.000,2,SUCCESS,1.99,GBP
bfdd4a82-d1ad-4319-8283-7ee7cfb07117,4152745c-06dc-451e-be6e-1a60b45519f3,447711861130,2026-02-07 21:20:16.000,2,FAILED,0,GBP
b4c2b555-47b5-42ae-a8f0-be5221f3f20e,d9ed7a3c-befc-4aab-bfd8-73e878293d5e,447798087740,2026-02-07 21:21:03.000,2,PENDING,0,GBP
711b943d-4be6-4afe-b8a7-25cd83950359,4f3cb7f9-a4c9-43f0-9c3d-76faf52b8fa2,447796141276,2026-02-07 22:15:26.000,2,SUCCESS,1.99,GBP
1a593ae0-32c7-407e-990b-3b4f8368430d,e84e43d7-c1c7-44e8-b377-b36507179f58,447747452284,2026-02-07 23:10:53.000,2,FAILED,0,GBP
5a5f5a73-24eb-4609-bb8a-749d02753de6,5fb209a8-70b9-41b7-aad2-27359f65e824,447728892777,2026-02-07 23:18:30.000,2,FAILED,0,GBP
5aef3dc3-85fc-459a-83b0-e84d9dbd5929,0a9109d5-36c7-48c6-be8b-ec3b1595b83c,447712219807,2026-02-07 23:41:26.000,2,PENDING,0,GBP
e62f9c53-c8c6-4f3d-8bd5-73e4b573fcf4,7f610aed-587e-49ad-97cb-80310c468d79,447776299338,2026-02-07 23:56:09.000,2,SUCCESS,3.49,GBP
67bfabd5-4eba-4a87-9911-75f40301888d,263f4437-d74a-404b-9b09-044942a5b805,447723193108,2026-02-08 00:16:52.000,2,SUCCESS,3.49,GBP
e7e23132-121a-4bdc-9f2a-1ee2faa29080,ea3668cf-8aa2-4e20-b15c-3c9c43b6bd00,447787498378,2026-02-08 01:09:53.000,2,SUCCESS,1.99,GBP
ff3d18b0-92c4-41e5-a96e-34f35ddb1eb1,611e2a3e-11ff-401a-a1b6-ef2d681df310,447719313775,2026-02-08 01:24:49.000,2,SUCCESS,2.99,GBP
d57393e6-d236-4270-a8d3-6fbbee27f13c,4015ad41-4993-4740-9813-02a28eec0b99,447774028638,2026-02-08 01:41:31.000,2,FAILED,0,GBP
bd77864c-0c25-4f5e-842e-20786c14bf3b,a97c4f7d-1391-4564-a3ca-68c09df1d3e3,447781675816,2026-02-08 03:17:21.000,2,SUCCESS,3.49,GBP
652d6c6a-ce98-4130-9ecf-c564df9bf927,f1ec35cc-7093-4936-8a62-64cd3d4cb6d5,447728599722,2026-02-08 04:00:58.000,2,SUCCESS,2.99,GBP
0a879db3-5df2-443b-ad81-fe3eb5c6ae8f,5801e5eb-c7d7-45d3-ba69-fb46265ed3f7,447773675766,2026-02-08 04:51:05.000,2,PENDING,0,GBP
1275eea1-5c3e-492f-946a-89340d9e8290,c3f96fae-21a3-4d93-bf81-7201ecbbb0da,447711228230,2026-02-08 05:21:47.000,2,FAILED,0,GBP
71d6a07d-8bb2-4edd-98f6-817672dea8c3,6f92a0ab-9361-44cc-9979-57e0b5e418b4,447792112095,2026-02-08 05:35:31.000,2,SUCCESS,2.99,GBP
e3dad398-41b8-4d88-b709-65c0e072f1c6,46622cc6-8c0c-43d9-a4a6-b886ee42d6c3,447727353758,2026-02-08 07:17:45.000,2,SUCCESS,2.99,GBP
3deb4d53-3656-4087-8bb1-936a39a272ed,54a72785-f67a-47f9-88bd-a4e4f2c47af8,447710473561,2026-02-08 07:34:30.000,2,PENDING,0,GBP
8024fd7b-9ab6-4208-ae3d-61bd119671ff,b04a170a-c181-4ce2-8903-4ef62de19383,447791118780,2026-02-08 07:40:23.000,2,PENDING,0,GBP
b669c9b1-8f13-4298-9c69-b09aed059e36,6ca87903-1524-4c7f-8ca7-2b94346f7e38,447781898083,2026-02-08 08:03:34.000,2,PENDING,0,GBP
1d1a69f6-d62d-40da-a377-ae06a87dbe4a,d54f9dee-3212-4b6c-930e-1adea1a21a11,447785982837,2026-02-08 10:42:52.000,2,SUCCESS,3.49,GBP
0d117467-6648-46c9-abe6-c7e63be5ab1b,1503ae56-2810-4c23-8ac8-9b2288227672,447710065776,2026-02-08 10:59:44.000,2,FAILED,0,GBP
f36165de-8dde-4478-9e5a-e778ef489f0c,91c30cc0-bf22-4823-af75-ea4f21517883,447724969585,2026-02-08 12:11:24.000,2,SUCCESS,1.99,GBP
ca6a7ced-33c6-40a7-98f9-d393a0755765,8b1493d9-f34e-456b-aa33-8bc126763a26,447701950793,2026-02-08 12:19:36.000,2,SUCCESS,2.99,GBP
ac8d2a64-c6f2-481c-a753-126523c91944,6ccb0b91-1515-4a05-9392-df632badae52,447761209672,2026-02-08 12:21:16.000,2,SUCCESS,3.49,GBP
e940d5f7-0249-478a-874c-7d24f6a2eac3,46622cc6-8c0c-43d9-a4a6-b886ee42d6c3,447727353758,2026-02-08 13:46:45.000,3,SUCCESS,0,GBP
ab5eef99-2820-451f-ae78-26db6c59c00e,533508d5-ac65-43e2-8d8d-c99e4d342333,447758183331,2026-02-08 15:25:10.000,2,FAILED,0,GBP
c4e75f9b-e04b-4b2e-8672-3d109d7ed2d7,e473a3dd-6690-49b9-8171-d4ee0b10d301,447740804903,2026-02-08 15:36:36.000,2,SUCCESS,3.49,GBP
d426970b-3b2e-4bd7-a99c-82f9be512308,effa34bf-e8c1-4f24-a04c-24560ff8a11d,447759701604,2026-02-08 15:36:43.000,2,FAILED,0,GBP
96615093-0b36-4c92-bf26-3a3a614004af,03506690-4ee7-4579-9958-b9b4eb99c41e,447764954699,2026-02-08 16:28:07.000,2,SUCCESS,2.99,GBP
a100eb25-a76e-4e1b-a3f8-753feb3f1379,d6c3592c-850b-44de-99c5-041a6239b7fb,447792733627,2026-02-08 16:28:45.000,2,FAILED,0,GBP
c6da113b-8ae7-4474-b91d-2ff602e56df4,77e33644-eaa3-4ac6-b3b4-48bf47ff4610,447710830367,2026-02-08 16:31:32.000,3,SUCCESS,0,GBP
d8f66325-e2d9-4d7e-8bcb-79156397dc52,d314d6a2-a7b8-49e5-9386-8c337f690cbb,447722082014,2026-02-08 19:09:39.000,2,FAILED,0,GBP
25bda20b-cde7-4e31-80d1-7341c7680e2d,cd8464e4-e5a9-4def-ae21-f49ef11e80f7,447731285674,2026-02-08 19:30:27.000,3,SUCCESS,0,GBP
e691a382-c7c2-454d-8648-25aa34b8b6ef,750be2ab-b27f-4b43-83ae-2182b0e6dedd,447781427314,2026-02-08 19:40:12.000,2,PENDING,0,GBP
6799af47-c2dc-4c45-9eb5-6208f37acd16,4ba9b5b2-1031-4876-a7d7-2fb36d855abc,447781366836,2026-02-08 19:42:35.000,3,SUCCESS,0,GBP
97a9b8bc-bbdb-4af5-85b3-f0ba571630e9,51008534-5518-4d93-adc8-dc20df9d8479,447782203715,2026-02-08 20:11:19.000,2,FAILED,0,GBP
3de39060-d01b-4d5a-aafe-152396ecf3b5,3a38a4df-4d03-4764-8211-8b933332d78a,447700271452,2026-02-08 23:15:48.000,2,SUCCESS,2.99,GBP
585e46d7-d0d4-4e2f-ad96-033ad8f062c4,3307b181-5b43-4f19-bae4-aeda7c2ad656,447788772199,2026-02-09 01:52:48.000,2,SUCCESS,3.49,GBP
14c66987-cc18-4d81-b51b-8c5ca4c7f335,b72bcdfe-86e3-4532-9657-9be28616bcd6,447724180247,2026-02-09 02:09:02.000,2,FAILED,0,GBP
2e521d0f-9534-4cb7-9ab6-f35aba83f288,7181d5db-46a3-43b9-850a-25aba86ee3f7,447758497039,2026-02-09 02:37:19.000,2,FAILED,0,GBP
c35c280d-b9a8-4226-a8a4-50b378b6c466,91afbabc-16d3-4b92-8ce5-9927c7d85b1b,447737867810,2026-02-09 02:52:47.000,2,SUCCESS,1.99,GBP
6657d711-be24-4841-bbb7-8f7fd8ab7410,debd2341-deb6-470b-9a34-a70a32816452,447709273745,2026-02-09 03:13:08.000,2,PENDING,0,GBP
d0112749-ba46-40e4-9444-789351305587,2af2a6bc-e759-4ff5-ba6b-12e6e1c4a8b0,447773559266,2026-02-09 03:52:08.000,2,SUCCESS,1.99,GBP
da361ef0-9cac-4668-aa2e-f197d9dccedc,0872e7cb-d845-4926-8083-07bac341f872,447750390869,2026-02-09 04:25:33.000,2,FAILED,0,GBP
fe4ea516-652d-4aef-8c37-688c6cbe2175,94be585e-5370-4c78-9566-5c49c7b9ded2,447729398504,2026-02-09 04:50:42.000,3,SUCCESS,0,GBP
60391a53-1b58-4178-bef9-7aead609af66,6f124371-0262-4f14-8760-f8635082bdb6,447742674367,2026-02-09 05:02:37.000,2,SUCCESS,2.99,GBP
6149cbd8-c2c3-4d8e-aa4e-4b1126511837,5d177ec4-ee8c-40de-a4de-dbe2ed94083a,447773301442,2026-02-09 05:45:32.000,2,SUCCESS,3.49,GBP
ddf3813b-e4ca-4689-b73f-c231770be881,b7b8cca4-4627-407c-abd8-01f0dd8a3281,447763040981,2026-02-09 05:55:27.000,2,FAILED,0,GBP
0c8946bf-d3bb-4b24-95f7-c2c3e1e62516,dfe5599a-da05-4cc4-8ad4-63963ddff985,447722961766,2026-02-09 08:35:43.000,2,SUCCESS,3.49,GBP
dd3d28bd-6782-45e2-a809-13519061d2c3,e17efff0-718e-4f53-8482-12bccf82dd4b,447742605611,2026-02-09 08:37:27.000,2,PENDING,0,GBP
9e000197-ab4b-46f1-82d3-da1a8abfd856,4498200d-7172-447c-9637-7ff864d8d832,447749155421,2026-02-09 08:52:58.000,2,SUCCESS,2.99,GBP
986839df-27f3-4495-977e-01cc0e6e4e55,88fc5301-8db6-4c6c-bb42-afe9001f1c86,447707243541,2026-02-09 11:36:38.000,2,SUCCESS,3.49,GBP
e2b5013e-01ef-4d91-b5cb-122f4713d0ec,86b7382a-194a-47f2-9a34-326a8856d7fb,447745177240,2026-02-09 13:41:18.000,2,SUCCESS,2.99,GBP
604954cc-01ef-43ad-acc3-b032d9127ee9,bef5ef34-c4ef-49e5-b2ef-7c7a16b63257,447707137684,2026-02-09 14:00:18.000,2,FAILED,0,GBP
f1c26584-1387-4640-8b9f-a78eb3401041,d9c07566-3ea8-4579-8371-eb1d8f161165,447783005306,2026-02-09 17:14:47.000,2,SUCCESS,2.99,GBP
f523d03b-2c9d-49de-9069-cffeb17e40d6,74e37183-4abc-4d2f-bcf5-ef331d5e3e6c,447720497381,2026-02-09 23:18:33.000,2,PENDING,0,GBP
5bf8391d-3dc8-4122-ba56-81999f4a0668,bc335ca4-ae19-4c3f-8b5d-0a7d5610802a,447783761575,2026-02-09 23:35:05.000,2,SUCCESS,1.99,GBP
c8015218-4b17-44da-9383-171bbb3b248b,06a8d15d-ce17-4b54-b386-1eff0d863a28,447735659479,2026-02-10 00:00:38.000,2,FAILED,0,GBP
4a0481c0-db89-450c-bd37-fcd38c74cfba,e3bc30ca-909e-4efc-bbac-1d1770e034ba,447730922596,2026-02-10 00:41:27.000,2,FAILED,0,GBP
876ae4b1-3932-493d-a745-f09a61bc2bd6,e9551799-e1c5-46ad-859f-c2f20b24d628,447787941200,2026-02-10 01:54:59.000,2,PENDING,0,GBP
c1358b5a-4ba4-423e-8f27-9cabd6c49e86,b029a4f5-fae1-4297-ba9c-20f18509042f,447771875278,2026-02-10 05:14:53.000,2,SUCCESS,2.99,GBP
93221358-bdb5-40b6-a32c-30316c6f21b9,c0284051-bd8f-45a2-8a45-695308e29fd5,447750683363,2026-02-10 05:28:40.000,2,FAILED,0,GBP
8c794cdd-1970-42c5-a8a1-44c5b0d0cc36,1bc097f1-8455-46a8-98eb-b811497e8839,447717748100,2026-02-10 05:37:39.000,3,SUCCESS,0,GBP
01d50588-d880-48fa-a56d-f34ab64566e8,fdf1d23a-e4c7-42a3-bfbb-a4f279e68703,447760692607,2026-02-10 05:45:28.000,2,FAILED,0,GBP
23725337-4e38-4214-bf70-a8456326df8d,1bdb6e69-f181-40d2-937f-d5a62cf0cfb7,447774240094,2026-02-10 06:00:13.000,2,FAILED,0,GBP
86142ca8-946a-4517-8c7c-ba0de67be873,5d02317e-c508-4d81-9820-14bf341f6a62,447706367213,2026-02-10 06:26:54.000,2,PENDING,0,GBP
4f935850-6caa-4565-86ab-5822e5e75edf,f916878f-0de4-4cde-b079-aa73605cb01c,447799685600,2026-02-10 06:28:14.000,3,SUCCESS,0,GBP
a5dd7899-bfc2-4ab7-9e4d-62b4b9c4e82a,e303f7f5-3efe-4dcf-8ff4-5ffb743a9882,447708637470,2026-02-10 08:05:14.000,2,SUCCESS,2.99,GBP
68accb32-746f-421e-8518-8c968598b0e6,c571b1d3-c86d-48f8-bff1-b884377eaf7d,447754359652,2026-02-10 08:44:46.000,2,FAILED,0,GBP
b1d3755c-b454-4ffc-974d-5131eb74968e,07c4e166-611d-4a03-ad4a-39e9fbf2f43a,447724957701,2026-02-10 09:12:09.000,2,SUCCESS,2.99,GBP
33d45212-2c85-492a-80ec-ad240806c573,c84ebb7c-c0a0-4229-bfb0-6b3adb640f85,447749710339,2026-02-10 11:26:29.000,2,SUCCESS,1.99,GBP
956114ef-a948-4041-b4ab-5933de6ac5c1,b916c1b0-0ec5-4f5b-bcda-b3cea514cd18,447755654818,2026-02-10 12:18:31.000,2,SUCCESS,2.99,GBP
f782b85d-a43b-4cd6-bdf9-2f57ba2be798,2082f8a4-d6a3-48a7-a859-f8b9b11e557a,447762895999,2026-02-10 12:55:39.000,2,SUCCESS,3.49,GBP
971b4802-ff7b-4729-9d78-d67e68529639,3722d0de-b3f6-454f-a368-816ec2d5f5c7,447771709126,2026-02-10 14:41:57.000,2,PENDING,0,GBP
99602586-1c67-4d20-9f18-44794afd87de,981c2db3-4218-4234-ac6e-b5e3e9abd724,447739320286,2026-02-10 16:04:04.000,2,PENDING,0,GBP
0f349ada-fb4a-47e2-87e3-aa58e2a2f312,77e33644-eaa3-4ac6-b3b4-48bf47ff4610,447710830367,2026-02-10 16:08:36.000,2,PENDING,0,GBP
aad34468-6847-4b7a-8830-cdbbde72af35,1aae3fb5-89c4-4188-914f-5a8806f61174,447717028262,2026-02-10 18:00:32.000,2,PENDING,0,GBP
005750ca-eb79-4b43-a254-1029ed5199cd,8468f8b2-0d31-42f8-a79d-e03fb160af2a,447737437428,2026-02-10 18:02:02.000,2,SUCCESS,2.99,GBP
91f223d1-28d2-43e8-88fb-e63e73c47c6c,d0a0378f-cbb4-48ea-a3b3-4053a2650f49,447721876049,2026-02-10 18:08:43.000,2,SUCCESS,2.99,GBP
a5e35cd1-9aa4-4b69-98f1-f3e48dcae0af,c2df7d5d-e0d8-4416-915b-dde7d26fce4f,447741592229,2026-02-10 18:13:10.000,2,PENDING,0,GBP
f27e8c17-3335-4acb-9930-c0839d63ca48,bff0692b-2080-477c-9200-10156a49b9d6,447759164829,2026-02-10 18:24:03.000,2,SUCCESS,2.99,GBP
a449d051-cdc1-4977-b614-01f00d3e9f28,1210e4e6-eca7-4fcb-8ea6-7d1497988a18,447725150432,2026-02-10 19:03:39.000,2,FAILED,0,GBP
8dbf6916-b0fd-4928-bc44-b6f13f1b7b91,bc7100e4-665c-46fb-b346-c0701b1d9fdd,447735004550,2026-02-10 19:05:21.000,2,FAILED,0,GBP
d2e9ef86-ab05-446f-a54a-3bc40ff4659d,e0ad16d8-9e9e-4cc9-a19d-1c79370d27b0,447711709677,2026-02-10 20:04:18.000,2,FAILED,0,GBP
53892376-d106-4f67-a302-77243721b1c8,13c6d8da-e537-4e15-89ba-756498d23490,447763435441,2026-02-10 20:55:27.000,2,SUCCESS,1.99,GBP
36195a6d-bc29-4d5a-b156-a39d6caa59ee,f90105c0-3188-4d57-beef-e32a4c71fa57,447737807962,2026-02-10 21:06:58.000,2,SUCCESS,3.49,GBP
f0b82531-1521-4e21-98ab-9e4505d778ca,5347ce1b-9941-4ae9-85e0-bf4d112c3581,447773704929,2026-02-10 22:21:07.000,2,FAILED,0,GBP
5dba34d0-fe94-41ac-a45e-e0eca4a25a01,9332a6b0-4f30-40c5-9c8f-109c793bd625,447748748830,2026-02-10 22:44:15.000,2,FAILED,0,GBP
31bff483-19de-4b9b-afd2-18e50bc3887f,7deda305-d129-45d4-b6f6-5c03f6814e9c,447741033065,2026-02-11 00:16:26.000,2,SUCCESS,1.99,GBP
243f5efb-44ae-4506-b99d-f148eb480b5d,a15e957a-cecc-46d0-a03a-f58ac4f57ecc,447754845385,2026-02-11 01:31:15.000,2,SUCCESS,1.99,GBP
6d4a45fa-1252-444e-ac93-762618940226,57db8dd3-41ac-4582-87aa-f317fdd4f89e,447731752312,2026-02-11 01:41:47.000,2,FAILED,0,GBP
16565ccc-8aff-4c08-9e6a-fcc99fac4944,94be585e-5370-4c78-9566-5c49c7b9ded2,447729398504,2026-02-11 02:52:27.000,2,SUCCESS,1.99,GBP
14ccaa20-cbe8-4ddf-90e8-4d768a70ed04,acb74803-df2c-4c74-8258-d5455205ff48,447736365564,2026-02-11 03:38:00.000,2,FAILED,0,GBP
8920c05c-dfc7-4aa3-b9b3-8e210ed6e4be,74eaa940-c7e8-4785-8223-8e0e08501b9d,447767300297,2026-02-11 03:57:18.000,2,SUCCESS,2.99,GBP
96fecd33-a246-49a8-9936-343c5f39d5a0,a424a922-f6d1-4e07-9d0f-5ca9c3f3fde3,447732210817,2026-02-11 04:03:59.000,3,SUCCESS,0,GBP
a6c913e8-9360-44ec-b773-2d56be58e7bc,ecf8e7dc-a9bc-425c-bddd-deba73636383,447798231797,2026-02-11 04:20:00.000,2,SUCCESS,1.99,GBP
3aacbe76-b77b-4a42-b109-3d8bae730c3b,9cfe1111-402e-4682-8c5a-c5c55faee37f,447792303840,2026-02-11 04:27:54.000,2,SUCCESS,1.99,GBP
3ecb6e39-608f-44ab-b12e-f517a575267a,f8144043-8017-4161-8652-01fc78642e17,447715400759,2026-02-11 05:50:20.000,2,FAILED,0,GBP
c56a3eac-f00e-4328-9529-22b51e631677,f4fb0784-abbe-4cfb-88cc-3766dca3301a,447716827441,2026-02-11 06:59:05.000,2,SUCCESS,2.99,GBP
17844956-eb63-4c64-bafc-6da5664462e6,2b07b397-f8ac-4317-9a4e-cb9eb5fdfef2,447710203401,2026-02-11 07:57:02.000,2,PENDING,0,GBP
c05e95b2-2bf4-4255-b38a-24aafdac2aab,4a3fe9e5-8b6d-437b-9139-4ff578c7a693,447768514801,2026-02-11 08:15:53.000,2,SUCCESS,1.99,GBP
af0b360e-d1a1-4e46-a69c-b80030fc2aa3,2da2c600-f099-4dce-9aca-dc01624fcc5c,447734854382,2026-02-11 08:21:28.000,2,SUCCESS,3.49,GBP
2e88d987-14f1-4ca7-90e3-5794fb3862a7,2357fb37-540e-4de0-bdbd-039e96893828,447761283803,2026-02-11 09:22:34.000,2,SUCCESS,1.99,GBP
f49cf37b-1c16-4635-944a-8f783167b50f,ba2e3b21-cfa6-42c3-9370-cbb0e1447a9b,447710794452,2026-02-11 09:57:38.000,2,SUCCESS,1.99,GBP
358949aa-47de-446c-bc5a-d9e0428de228,73a10220-54bd-4cf3-9fe3-6183a6b867fe,447717939317,2026-02-11 11:39:36.000,3,SUCCESS,0,GBP
32b63ba3-f57e-4694-8d4a-551150a93227,76ae0b8e-ab85-43a3-9d9f-5721012a4c4e,447767781562,2026-02-11 12:09:43.000,2,SUCCESS,3.49,GBP
71094080-0411-4e5a-9f0a-8936629dd7fc,5abd9a8d-6825-45b6-8f0b-be574d013147,447703177067,2026-02-11 12:31:44.000,2,PENDING,0,GBP
ea3749b3-ebce-488e-82af-32dd5d0cc5a3,3c1a7e6d-e1e7-49b7-b70a-4042408fe1fe,447788415591,2026-02-11 12:33:34.000,2,FAILED,0,GBP
27081696-4d7d-4179-93e5-5f1514cfa6e9,974da493-6948-4a15-a68b-e805ec6d04a2,447747158907,2026-02-11 12:41:34.000,2,FAILED,0,GBP
17072051-2904-459b-8547-7738fc6cc4ac,08376018-5eae-458a-b059-7af69feec7c6,447771807074,2026-02-11 13:20:15.000,2,SUCCESS,3.49,GBP
53192c8b-5355-44c8-a9b4-800c4f2d8ed2,f3b7247a-5dc5-4ebe-b695-45a90b8031ef,447799231281,2026-02-11 13:23:12.000,3,SUCCESS,0,GBP
0b86dea9-916a-4b23-a6f0-f72f4a35fd87,91c30cc0-bf22-4823-af75-ea4f21517883,447724969585,2026-02-11 13:43:06.000,3,SUCCESS,0,GBP
a0148f4d-422b-4595-950b-b9229b485bec,0eda7f02-00b7-4684-b716-0c637f45922d,447785915825,2026-02-11 14:14:00.000,2,PENDING,0,GBP
b31234d4-06c4-4624-87c4-54304fd3b3c8,63dcb55e-f5ac-4bf7-8f41-df0fd09e3015,447765572729,2026-02-11 14:29:27.000,2,SUCCESS,2.99,GBP
29c3c2b9-42e6-4284-b72c-1015804b1f95,795797fe-580d-40b0-908c-123db0359c89,447797390320,2026-02-11 15:41:03.000,3,SUCCESS,0,GBP
95567bb2-0587-4cd8-a31d-f285b761f0b0,6ffc6878-280c-4e4f-918a-1598918baba6,447741550707,2026-02-11 15:41:51.000,2,FAILED,0,GBP
92214cce-be94-4fe6-b861-98d70d09b5cd,cd8464e4-e5a9-4def-ae21-f49ef11e80f7,447731285674,2026-02-11 15:44:20.000,2,PENDING,0,GBP
634d6820-97c8-4ab9-ad4a-b09ed07c935d,ba08fae9-1650-4533-a9be-1ed60b81ccab,447762578744,2026-02-11 15:56:49.000,2,FAILED,0,GBP
b3457dfa-e7eb-47d5-9a19-befc2679dce7,db0083fd-272e-41a0-a79f-f510ec1c2d8a,447794571711,2026-02-11 16:03:05.000,2,FAILED,0,GBP
7449fc3a-5000-4b88-8054-649da77f8b56,5a662a42-3383-4a89-b534-1ed2f8bf7bd0,447735397635,2026-02-11 16:11:34.000,2,FAILED,0,GBP
83d51f80-b838-4d78-829a-c5d8bc235853,5cf643f5-766d-414d-858b-babfec379cc9,447784169016,2026-02-11 16:49:56.000,2,SUCCESS,1.99,GBP
64ea8cc9-c2ce-4876-b736-bf8b592a18f2,7de5571f-7a06-4200-aebe-b9a0cb66b3e5,447702813249,2026-02-11 17:43:12.000,2,SUCCESS,1.99,GBP
32c73a30-6964-4e26-8c56-4efb9644bead,64adf4d2-90d6-445c-bc9b-d6ad2d19bc4a,447747716970,2026-02-11 18:09:45.000,2,SUCCESS,3.49,GBP
6690e7fc-76dd-447e-986b-2725b3c5e284,65342c41-c49a-491f-bf5c-caad5ace89d5,447740489494,2026-02-11 19:53:58.000,2,SUCCESS,3.49,GBP
3b539b34-97e9-49cf-abfc-4e9896f125fa,72e43333-a984-4dd4-9197-522eb437f64b,447715849017,2026-02-11 20:06:14.000,2,SUCCESS,2.99,GBP
887dc6e6-f3bc-4ef7-9079-d6a0c13e8057,0ca9984e-8303-43ec-83b0-5252bb4925bb,447730107165,2026-02-11 20:21:47.000,2,SUCCESS,1.99,GBP
3a2271bd-69d0-42b0-8ad2-24eb70b79cc7,6aa65e73-fa4e-4cdf-914a-6a0e0174a997,447721114259,2026-02-11 20:24:44.000,2,PENDING,0,GBP
2cb75509-8d64-434f-9f13-8286807c3342,08e2ee2a-a36c-4207-8723-0e6a1c2b1988,447773464295,2026-02-11 20:41:30.000,2,SUCCESS,2.99,GBP
4488ef6e-4aa7-4f3a-adba-defab9605d81,4b1f65f3-ae44-4710-8748-918fa3d892d9,447780340200,2026-02-11 21:17:20.000,3,SUCCESS,0,GBP
d17cd352-1a44-4626-8719-101490042228,12fb05f8-0413-4a30-b267-27fbfe899572,447774502609,2026-02-11 22:14:39.000,2,FAILED,0,GBP
d582820c-dba0-4bc3-b4b5-81a9cd57a858,0492c4b3-884d-4cc1-a69a-b4cc8d3f58c3,447741858482,2026-02-11 22:16:22.000,2,FAILED,0,GBP
36821563-b63d-4c9c-8e33-660ac2347262,1f233b96-1d69-42a6-9d6a-f35b6b045a5e,447738387408,2026-02-11 22:49:42.000,2,FAILED,0,GBP
4ef73883-9f72-415d-8bb6-db9c141357e2,883fed07-b84b-46bd-ae91-c23d813eeb27,447768273896,2026-02-11 23:59:56.000,2,FAILED,0,GBP
7be23a7d-176e-40af-924d-ffe930600a64,1e3223c1-1761-4547-9520-0ef7b122615a,447724536227,2026-02-12 00:00:25.000,2,PENDING,0,GBP
ce4cc5a0-ad53-426d-a6c1-dc837cb22869,b2e1e4a7-f1ad-4f0c-8604-4f8e40755d25,447745988531,2026-02-12 01:50:37.000,2,SUCCESS,3.49,GBP
62bf2060-fe6a-4c32-b78c-2e5c2e9a7fa0,8d287457-d4ba-4265-90c6-620d4fe248e6,447737036454,2026-02-12 03:17:56.000,2,FAILED,0,GBP
a7e4f6ab-ffdc-41f7-a450-594ebce70384,1a6d25b3-7d4a-42cc-8b77-2d4822fccc36,447713102455,2026-02-12 03:29:34.000,2,FAILED,0,GBP
a2b03d01-c8e1-490e-b29c-3cdb32b58848,634eb730-61fd-40ec-8280-bdb4325411ad,447738746511,2026-02-12 04:16:33.000,2,SUCCESS,3.49,GBP
3a20a087-0c5f-43a4-b605-159883c1fef8,c5be9220-f8d0-452b-920c-ab8062fbc52a,447718067675,2026-02-12 05:11:56.000,2,SUCCESS,2.99,GBP
dfb21949-cb79-4449-bc4f-875801ce3347,1537370d-e557-4f5c-95d6-3552248d75da,447776438765,2026-02-12 05:14:45.000,2,PENDING,0,GBP
1c6b4ff2-c334-46cd-bbaa-7bba4de9e164,68f0c2af-3bea-4c10-9893-98007d4453a1,447765928309,2026-02-12 06:19:50.000,2,FAILED,0,GBP
9d9715c4-7d2f-474a-a031-ea9280d1a4ce,a99224c4-142f-4adf-917f-f3d41949bf7a,447749732658,2026-02-12 06:46:30.000,2,SUCCESS,1.99,GBP
1be2037b-1fb0-4007-b92b-5f9116808fc3,2aca5da1-6e3a-4eb5-8d97-21fbd74267a5,447741433286,2026-02-12 06:50:05.000,2,SUCCESS,3.49,GBP
082fd036-6b3f-4e05-af53-7dbae608f8f4,92974d69-d4c9-40df-810f-1b6562312ce3,447764615561,2026-02-12 08:01:00.000,2,SUCCESS,2.99,GBP
44ff10d5-af1f-4100-9cf6-8331429efd78,a0e738b6-5a28-4555-8bfd-6f9ac544ac20,447762797483,2026-02-12 08:17:05.000,2,SUCCESS,2.99,GBP
a189a59e-0c3a-4bfd-b052-d82d8ab88e89,bdaa7e82-84d5-4821-b0e2-fb157e970923,447794776995,2026-02-12 08:40:43.000,2,SUCCESS,1.99,GBP
f970ef29-0d26-4ee1-96a3-7c2c2ad47486,3c712bac-46c5-46bf-8a05-5d3e28d0cfe9,447760204171,2026-02-12 09:05:07.000,2,SUCCESS,2.99,GBP
823c58ef-30ff-4764-a475-9cbee735fe5a,1b88ecc8-7b49-4707-86f7-e134e22eff9b,447742305442,2026-02-12 12:41:03.000,2,FAILED,0,GBP
fcbeca65-177e-4787-b3f0-fb248cd40a02,702ce712-a2e0-419e-99b1-a42c74c86899,447771309530,2026-02-12 13:00:47.000,2,PENDING,0,GBP
df87346b-4314-49f3-a23d-138beb5bc4fc,1649ac4c-1aab-4dcf-96f3-462285033f69,447761806575,2026-02-12 13:32:19.000,2,SUCCESS,3.49,GBP
6862efbb-a243-4a8e-a3ac-0064ccbc323e,746ad665-412b-4380-be58-cc04621b8188,447767419542,2026-02-12 14:08:52.000,2,SUCCESS,1.99,GBP
5c6cd912-5cbf-41b7-b6bc-b8168d1d5b72,bc3344b2-b60f-4874-9b45-e48785f4aae4,447771044235,2026-02-12 15:25:59.000,2,SUCCESS,1.99,GBP
5f5d11ef-c5d8-48dd-a55e-ec14480c05f6,9a1fcd4b-5e52-424c-952b-c00ee42c8fd1,447725221070,2026-02-12 16:31:04.000,2,SUCCESS,3.49,GBP
ddbc310e-7369-4ddd-af10-80db8c9ee111,3ed91e1f-2a08-4468-9574-690f483404bf,447733972968,2026-02-12 17:08:16.000,2,SUCCESS,3.49,GBP
881f3f85-cbed-40c3-b97c-5c23e7cdb720,0e5a956f-e83a-404e-885f-c904212ba56b,447795385815,2026-02-12 17:16:05.000,2,SUCCESS,3.49,GBP
5c01374a-cd31-4778-bfbe-e4b422019fad,29ca970d-e24b-4352-aafe-15c5800e3664,447796829630,2026-02-12 17:56:05.000,2,FAILED,0,GBP
56cd64d2-81ba-444e-9bea-c186b1ff777c,d758171b-a268-4962-8b05-43accad5de41,447785975263,2026-02-12 19:24:55.000,2,FAILED,0,GBP
f6df89af-4463-4c0b-a619-1b363698c603,58c8fde2-1724-4c04-8bc8-d721e6eadc25,447737665512,2026-02-12 19:29:51.000,2,PENDING,0,GBP
8fa60b4a-1047-47e9-a18d-3ab8a465f7fa,981c2db3-4218-4234-ac6e-b5e3e9abd724,447739320286,2026-02-12 21:59:06.000,3,SUCCESS,0,GBP
166297d4-968f-4966-8ea7-81cb68cf8709,9d6d7f98-1c48-44f8-8991-a3f3d1fadd5d,447767884624,2026-02-12 22:21:55.000,2,FAILED,0,GBP
b73938fb-6fcc-44fb-91e2-9451d111971b,0a6649a2-f8b8-4915-ba08-69f472c3703e,447785102663,2026-02-12 22:28:39.000,2,FAILED,0,GBP
e871c14c-247e-43a2-915d-6391492a23f8,5ccd7872-da79-4d95-981f-1615d885fe00,447777933549,2026-02-12 23:02:51.000,2,FAILED,0,GBP
f3862a9c-8eb9-4693-ab9a-f7a0fc6e5d0e,3c2b1122-3ad2-4291-b6d2-2cf1bd867974,447745342937,2026-02-13 00:43:19.000,2,FAILED,0,GBP
23e8475e-092d-4f7a-9672-dfd258e34dd7,49d46bcb-014a-4a82-acbf-28c7e4d3fa10,447700442636,2026-02-13 01:11:52.000,2,SUCCESS,1.99,GBP
e4544f3f-9f80-467d-8e04-3f464e6307ce,ef1e85ad-9467-4bab-9b4e-861de7a894b7,447761273693,2026-02-13 01:16:10.000,2,SUCCESS,2.99,GBP
28d7a1d5-f307-4018-b609-708a4e499531,5605b28b-f8c4-48a8-94a0-c40a989ce80b,447767098790,2026-02-13 02:26:51.000,2,SUCCESS,1.99,GBP
8f28bf15-d4be-4d0e-8b4a-639150b0dc64,c725e53d-0172-4395-95f9-d25b415e5ca3,447781399503,2026-02-13 02:32:09.000,2,FAILED,0,GBP
24de1f0a-8537-4db1-9c88-3db0434be817,fe8e9e47-3827-46b5-9c06-fc8ffbf0673a,447792862525,2026-02-13 03:15:19.000,2,FAILED,0,GBP
a334ec67-cccc-420a-a875-a0619558484e,05a52649-939e-4875-b31c-bf8ef887b862,447711191238,2026-02-13 03:46:13.000,2,PENDING,0,GBP
571f7dc7-df10-4b06-bed1-dfe89e189609,4b1f65f3-ae44-4710-8748-918fa3d892d9,447780340200,2026-02-13 06:19:48.000,2,SUCCESS,1.99,GBP
0ab4010f-06bc-49ca-a08b-4e86e484023b,3f12a266-7185-4f2a-bb56-a2a30a398c6f,447702023451,2026-02-13 06:55:32.000,2,SUCCESS,3.49,GBP
b6c9e65d-754e-4559-825c-f5e31cd9e846,12fc2a33-7b97-4f8b-9b78-615b6721f7dc,447795743612,2026-02-13 07:42:25.000,2,PENDING,0,GBP
336b4ec4-3587-4973-b262-64e4983fe8df,53efaac1-a139-4854-a261-e86fdb608bf0,447706951835,2026-02-13 07:46:50.000,2,FAILED,0,GBP
62f846b0-dd04-45a8-af7f-8819fa1d1bd5,5546b62b-c590-4eea-869b-8e4ffd76e467,447737423342,2026-02-13 08:39:44.000,2,SUCCESS,2.99,GBP
14498a96-3790-45c7-9941-4653977fd6e6,95518e09-dc64-414a-b3ce-6857b64e5059,447719497198,2026-02-13 09:00:19.000,2,SUCCESS,2.99,GBP
1761b53b-b860-46bf-8102-e8813d5ad9ea,08078e94-e0d0-46fb-b0fc-122e404c8ec7,447776632440,2026-02-13 09:18:59.000,2,SUCCESS,1.99,GBP
b85c7088-624f-41a5-8aba-4b030078a0f8,96131776-373d-459f-9e47-aab81c4fb915,447748278366,2026-02-13 09:38:08.000,3,SUCCESS,0,GBP
c1d73cc7-2033-48e0-a837-741f04c05269,6ff7ae8c-e9d2-4d68-9ada-dd28213da1a3,447700193255,2026-02-13 10:09:14.000,2,FAILED,0,GBP
16b48364-2cc6-4899-8e47-afce6b4cc040,85c6a119-872e-432c-acfb-c948924caf9c,447754147695,2026-02-13 11:43:54.000,2,FAILED,0,GBP
cc14f688-ecdb-4bb7-a9c8-6c2cdf7c4653,05d80484-b44d-46bd-857c-17436797f1fa,447780777690,2026-02-13 12:39:00.000,2,FAILED,0,GBP
c235b790-7378-4521-9b8f-b3b51cbefbe9,aed724cd-11b4-4949-b434-eb273e529e3d,447752483644,2026-02-13 13:12:59.000,2,SUCCESS,1.99,GBP
b91c59f6-8829-47ef-91cb-970e9b57a985,5f096c85-8b71-4876-9d7f-060b627fe767,447795064427,2026-02-13 14:08:47.000,2,SUCCESS,1.99,GBP
037e8d16-31a5-44cc-92b7-bbcb8c9d8c3c,f3b7247a-5dc5-4ebe-b695-45a90b8031ef,447799231281,2026-02-13 14:13:24.000,2,SUCCESS,2.99,GBP
2ded5d60-4a76-48b3-ab69-4890cc6d5a02,65d7ea64-1c3e-4b43-9764-97a05eb9bab5,447715560946,2026-02-13 14:50:22.000,2,FAILED,0,GBP
c17fc6fa-1870-4975-a1f9-6dbf709d0e94,1f233b96-1d69-42a6-9d6a-f35b6b045a5e,447738387408,2026-02-13 14:50:47.000,3,SUCCESS,0,GBP
fdf7ec3d-1a6a-402a-9bd9-d37cfcaec74c,73a10220-54bd-4cf3-9fe3-6183a6b867fe,447717939317,2026-02-13 15:14:03.000,2,FAILED,0,GBP
b6cb0d63-ea21-4048-865b-a07b0f5976cd,c9e0f409-3112-4511-bfbb-027eae9a584c,447731445855,2026-02-13 16:34:52.000,2,SUCCESS,1.99,GBP
f33f06e7-517a-47de-9ca4-0fd1db9ce44a,02360f6c-d2f7-4494-9316-936a20428ae8,447735965951,2026-02-13 16:38:30.000,2,SUCCESS,3.49,GBP
d981af25-3841-429c-8bf6-6496da81a5df,9b4d3714-a4da-4eab-85d8-b07d1d5df2b4,447742934943,2026-02-13 16:52:43.000,2,FAILED,0,GBP
dd48bdf2-6765-4b56-a4c4-bc760d3c573c,3722d0de-b3f6-454f-a368-816ec2d5f5c7,447771709126,2026-02-13 17:27:05.000,3,SUCCESS,0,GBP
448f0186-5586-4626-8732-f48dac3c4912,091b109a-719d-4c95-8dc4-6a7a2763c78a,447792886307,2026-02-13 18:15:46.000,2,FAILED,0,GBP
dbf96611-f3bb-46ec-81ad-6e1403cdfe41,634eb730-61fd-40ec-8280-bdb4325411ad,447738746511,2026-02-13 19:01:39.000,3,SUCCESS,0,GBP
06e35f5a-8ed5-404b-bb11-521ddf2cb88b,6d2966b0-e8e5-485e-9a4d-5b898ec4950a,447712986419,2026-02-13 19:32:13.000,2,SUCCESS,3.49,GBP
a4e5b599-f05d-4886-a1c0-a4daf3be90a3,ce302f3c-d19d-477d-9b4f-ecd7ae2f3283,447757429020,2026-02-13 19:49:25.000,2,SUCCESS,1.99,GBP
866d86b9-edc7-4aed-89e7-dd00db30670c,c84a81be-547e-41e5-bf10-930df45dccef,447729505346,2026-02-13 20:06:22.000,2,SUCCESS,2.99,GBP
928bd8d0-a79d-4274-986e-377e9bb9dc48,9ac2bf2c-cc33-4146-b896-ad8e2a8efa5e,447728833978,2026-02-13 20:38:49.000,2,FAILED,0,GBP
de81f2f5-d331-4819-a284-119206f71888,b9488533-ab5c-4e92-a8e0-300cae8e95af,447741652412,2026-02-13 20:40:44.000,2,SUCCESS,1.99,GBP
adbf8b92-4551-4d05-a867-24123b40bd9f,8b121e67-52f9-4fc0-a9b2-ebeea9104f1d,447700525272,2026-02-13 21:34:36.000,2,FAILED,0,GBP
d46c64ca-a109-48ab-aa45-057f4169d395,68f40838-85e4-45e1-8aa9-03c7ad79c86c,447726798070,2026-02-13 21:34:46.000,2,SUCCESS,2.99,GBP
108aef96-e5d9-416d-b8ed-95937fd7617f,52fc43da-ba19-4027-ae24-cd578a932180,447782526070,2026-02-13 21:42:45.000,2,FAILED,0,GBP
af096589-447d-49ab-b07f-91c144a100e4,c9b7a2d8-15e8-4c90-a8a0-dad69df49142,447777496616,2026-02-13 22:01:14.000,2,SUCCESS,2.99,GBP
58073154-4269-44a0-b36a-19212b02530d,a6b71ab2-0ba5-4244-829a-dfecc61c8209,447714796630,2026-02-13 23:21:31.000,2,SUCCESS,3.49,GBP
37d4bde2-ef0e-4c8e-b83b-9db19c3680aa,7eeb1c79-0edc-4995-a8dc-6db3ca5fb3bf,447727435977,2026-02-13 23:51:47.000,2,FAILED,0,GBP
d787c496-d960-4831-beca-d5e031f848ab,3f900fe0-117f-4dd0-8da2-6e8fe4d24e47,447789921354,2026-02-13 23:57:17.000,2,FAILED,0,GBP
57bdcc8b-1628-48a1-b662-979a510a00f0,1a0d82a0-70d7-4420-805a-cd8f3264a7ea,447721254824,2026-02-14 00:04:56.000,2,SUCCESS,1.99,GBP
a3e6881a-2cad-43ee-8982-1025e6efc455,b86e8638-5f71-491c-8fc7-801b6b5958f3,447722492069,2026-02-14 01:13:32.000,2,SUCCESS,1.99,GBP
655e7634-6c7c-430d-88fe-d8a7b70535d3,577dfda6-b4aa-4955-81df-9f40a03ba212,447799425029,2026-02-14 01:30:04.000,2,SUCCESS,1.99,GBP
f44147dc-5f4d-4522-a9a0-c176c501f60e,35e3e0bb-08ea-4bf4-bc59-38c1b4473a6a,447768025353,2026-02-14 03:48:04.000,2,SUCCESS,2.99,GBP
9b3a35e5-c1d9-4517-8da2-3589c065f845,20187ee3-5134-4854-b4b1-452659af6f0f,447777873622,2026-02-14 04:54:44.000,2,PENDING,0,GBP
a485fe45-f89a-4d22-9215-4d62678145ce,50b4d856-c542-40b5-b016-1f02f37d0f9f,447725084301,2026-02-14 05:22:04.000,2,FAILED,0,GBP
98264aea-ffe5-408a-a400-ee4f95f61d2c,2fda5143-10f8-4d57-8c0a-2f09e47ca62f,447713974122,2026-02-14 05:37:48.000,2,FAILED,0,GBP
59d4b49f-e19e-452b-a721-718c3c6207b1,49ed08b3-ec7e-472e-bc5b-101274bbea9e,447722661055,2026-02-14 07:05:20.000,2,FAILED,0,GBP
9758d45d-3c8a-4e48-8735-d5185965a307,fde8df0e-0d6a-495f-a1f0-a4f7389cfd60,447707908324,2026-02-14 07:53:50.000,2,SUCCESS,2.99,GBP
ad8702a7-bf62-4e7c-b4e9-80f108d2a72a,6c006485-abb3-4980-9658-c213b6ab9b98,447722052667,2026-02-14 08:09:55.000,2,FAILED,0,GBP
5dbcb1a4-af48-4071-a666-a432a5c32e79,f916878f-0de4-4cde-b079-aa73605cb01c,447799685600,2026-02-14 08:11:16.000,2,SUCCESS,3.49,GBP
57368d94-e7f3-47c5-8b4f-a625cd209d63,1626024d-c4e6-47b8-91e5-02077c254f3c,447705927296,2026-02-14 09:29:49.000,2,SUCCESS,1.99,GBP
2c2c7aee-87da-46ff-bade-8282c933dab2,7622f5eb-3544-4b1b-a14a-7b5ecd831690,447723264515,2026-02-14 10:37:13.000,2,SUCCESS,1.99,GBP
6554a741-5e66-4c91-a249-ea5638400feb,7321a7e0-f32f-4be8-8373-cad57f6fb3d0,447706319660,2026-02-14 10:59:36.000,3,SUCCESS,0,GBP
9767820e-7f4f-4ee3-ac9c-aba72896ec82,41680514-dd8b-4cc2-9a3e-2f34d0286b23,447777934624,2026-02-14 11:51:08.000,2,SUCCESS,3.49,GBP
99d4201a-2f6c-4417-b442-aadda2d2daa4,74d98e34-c490-4498-8ec1-82ecde2e86c8,447732123713,2026-02-14 11:58:37.000,2,SUCCESS,1.99,GBP
48444bd4-2cd5-4f98-b326-72939871d498,c3541086-aaf5-424b-b9ba-178160598aa0,447740347465,2026-02-14 12:20:51.000,2,SUCCESS,2.99,GBP
0e61d20e-b1f2-478a-a261-0aeb397d9b50,7321a7e0-f32f-4be8-8373-cad57f6fb3d0,447706319660,2026-02-14 12:25:50.000,2,PENDING,0,GBP
a932ffab-411e-4208-a49f-0fd72e8fdc1d,76f1fcd7-156f-4485-b6d6-aea05cc17194,447714431556,2026-02-14 12:59:53.000,2,FAILED,0,GBP
cf504b49-06b8-443f-9eb2-5a0f34d5e65b,b49bc443-7a1b-4be4-b6ec-6c12e6943417,447746016483,2026-02-14 13:11:46.000,2,SUCCESS,1.99,GBP
98e9e7bd-ce24-4573-8ef3-46d957101b12,73fce66b-5434-4a3a-be5f-72835c58d514,447764093913,2026-02-14 13:39:35.000,2,SUCCESS,3.49,GBP
9e5deb46-349d-4ace-83a7-29f8befc9283,4689f07c-0818-4531-8e87-7525ba769a2d,447710506156,2026-02-14 14:08:43.000,2,FAILED,0,GBP
c7d95c4a-1ef6-465b-8b49-b68a093c05d8,a13736f4-7e88-452d-a32a-22fe16726694,447769241895,2026-02-14 18:40:57.000,2,SUCCESS,2.99,GBP
8b3d9b9f-ebb2-4c1a-bf84-f742f4228879,ee486886-10b3-4831-aa0c-0784ebb1adb7,447739444065,2026-02-14 19:07:06.000,2,FAILED,0,GBP
896c5f20-182c-4b95-9731-781eff2283f1,bca3ebbd-4743-4bd1-90c3-240c2ebeb6cd,447727979432,2026-02-14 21:28:11.000,2,SUCCESS,1.99,GBP
f633fbe4-33b7-439c-91bd-8706c9e51d3d,20187ee3-5134-4854-b4b1-452659af6f0f,447777873622,2026-02-14 21:30:51.000,3,SUCCESS,0,GBP
dd744b1f-5e15-44d7-8dcc-2f807a735cdf,d9ed7a3c-befc-4aab-bfd8-73e878293d5e,447798087740,2026-02-14 21:55:46.000,2,SUCCESS,3.49,GBP
0554cc35-7864-4ca1-8f1f-c7b7a3700b8a,883fed07-b84b-46bd-ae91-c23d813eeb27,447768273896,2026-02-14 22:46:44.000,3,SUCCESS,0,GBP
b3a9b020-5969-41d2-b0f9-49f4f99aca0c,4f3cb7f9-a4c9-43f0-9c3d-76faf52b8fa2,447796141276,2026-02-14 22:54:05.000,2,SUCCESS,1.99,GBP
5fe9b8df-ac9d-4d24-b144-12bfb736dde9,7f610aed-587e-49ad-97cb-80310c468d79,447776299338,2026-02-14 23:50:28.000,2,PENDING,0,GBP
53aef195-43f4-4242-b8be-eae7e38a5d21,0a9109d5-36c7-48c6-be8b-ec3b1595b83c,447712219807,2026-02-15 00:13:34.000,2,SUCCESS,3.49,GBP
9e1faaf4-f133-421b-a3f8-86b6b80c4af5,263f4437-d74a-404b-9b09-044942a5b805,447723193108,2026-02-15 00:28:48.000,2,SUCCESS,3.49,GBP
f28f8ef3-313d-4f13-9253-672132870fce,611e2a3e-11ff-401a-a1b6-ef2d681df310,447719313775,2026-02-15 01:11:37.000,2,FAILED,0,GBP
a8885c44-1fe0-4f3d-9888-b134373c3903,4015ad41-4993-4740-9813-02a28eec0b99,447774028638,2026-02-15 02:05:48.000,2,FAILED,0,GBP
e998a7ac-7fe1-4155-b6a0-d0ec90e5bc7a,ea3668cf-8aa2-4e20-b15c-3c9c43b6bd00,447787498378,2026-02-15 02:21:07.000,2,PENDING,0,GBP
347e118d-818b-48d3-824d-18aa3d1ba43e,debd2341-deb6-470b-9a34-a70a32816452,447709273745,2026-02-15 03:04:10.000,3,SUCCESS,0,GBP
345e9b2a-e18b-4c2e-a6d2-4bef7c85ad7d,c3f96fae-21a3-4d93-bf81-7201ecbbb0da,447711228230,2026-02-15 04:36:27.000,2,FAILED,0,GBP
38ad73bb-96cf-4ffc-8571-00c93e031521,5801e5eb-c7d7-45d3-ba69-fb46265ed3f7,447773675766,2026-02-15 06:02:02.000,2,FAILED,0,GBP
a3adf35e-8139-49fa-90bb-aa09efe127c9,46622cc6-8c0c-43d9-a4a6-b886ee42d6c3,447727353758,2026-02-15 06:20:43.000,2,FAILED,0,GBP
a64d36e9-cfb0-49c0-9cda-99eb9f9cee28,6ca87903-1524-4c7f-8ca7-2b94346f7e38,447781898083,2026-02-15 07:24:39.000,2,FAILED,0,GBP
fd23d537-3964-44fc-ae3f-18d0689ea66f,b04a170a-c181-4ce2-8903-4ef62de19383,447791118780,2026-02-15 08:07:43.000,2,SUCCESS,2.99,GBP
2bb3e04b-741c-423b-bd83-cff22f8be386,1503ae56-2810-4c23-8ac8-9b2288227672,447710065776,2026-02-15 10:48:54.000,2,SUCCESS,1.99,GBP
0c2cbf2b-2517-4a46-b0f4-459431bf64f3,91c30cc0-bf22-4823-af75-ea4f21517883,447724969585,2026-02-15 11:19:09.000,2,FAILED,0,GBP
1361dbed-93e2-409d-981d-86b05b913dc2,270667bc-eb89-479e-9f69-41a8530f31c4,447738701216,2026-02-15 11:43:24.000,3,SUCCESS,0,GBP
21109f25-a45f-4c6d-9252-c5a9c7bd2ceb,6ccb0b91-1515-4a05-9392-df632badae52,447761209672,2026-02-15 12:51:38.000,2,PENDING,0,GBP
5acac086-3017-4f7b-ad31-b80d4db9d177,d6c3592c-850b-44de-99c5-041a6239b7fb,447792733627,2026-02-15 15:09:01.000,2,FAILED,0,GBP
2d106f73-3eca-4fc8-a821-1dce5accec8b,03506690-4ee7-4579-9958-b9b4eb99c41e,447764954699,2026-02-15 15:56:27.000,2,FAILED,0,GBP
857d5f10-b41f-40fe-ad8f-907855cb27a4,effa34bf-e8c1-4f24-a04c-24560ff8a11d,447759701604,2026-02-15 16:51:56.000,2,FAILED,0,GBP
d401c272-b5e6-4f68-a5b8-880cd692cccf,750be2ab-b27f-4b43-83ae-2182b0e6dedd,447781427314,2026-02-15 20:19:51.000,2,FAILED,0,GBP
e7be5466-9286-4506-8c59-6191d56a8d23,3307b181-5b43-4f19-bae4-aeda7c2ad656,447788772199,2026-02-16 00:54:05.000,2,SUCCESS,3.49,GBP
eae291cc-c3db-40b7-a196-f1d2df869785,7181d5db-46a3-43b9-850a-25aba86ee3f7,447758497039,2026-02-16 01:36:53.000,2,FAILED,0,GBP
b1742521-a1d5-4377-b5b1-491093e978d5,b72bcdfe-86e3-4532-9657-9be28616bcd6,447724180247,2026-02-16 03:07:19.000,2,FAILED,0,GBP
ad793485-3386-4b1c-8d28-0025a40e2e27,0872e7cb-d845-4926-8083-07bac341f872,447750390869,2026-02-16 04:08:02.000,2,SUCCESS,2.99,GBP
0c98509f-0b4c-4595-b04a-a5381f37e4f3,07c4e166-611d-4a03-ad4a-39e9fbf2f43a,447724957701,2026-02-16 04:22:48.000,3,SUCCESS,0,GBP
0cee750d-332d-45e4-882c-bcac90c82f33,b9488533-ab5c-4e92-a8e0-300cae8e95af,447741652412,2026-02-16 07:57:36.000,3,SUCCESS,0,GBP
a7b1d128-f13b-4393-bc32-b05c73944fa1,e17efff0-718e-4f53-8482-12bccf82dd4b,447742605611,2026-02-16 08:12:33.000,2,SUCCESS,2.99,GBP
1f42a4b7-0a23-45ba-8969-5e835b41c7d6,4498200d-7172-447c-9637-7ff864d8d832,447749155421,2026-02-16 09:09:12.000,2,SUCCESS,2.99,GBP
4d9ad462-f691-49f7-a407-50d24da4f815,3c2b1122-3ad2-4291-b6d2-2cf1bd867974,447745342937,2026-02-16 09:21:54.000,3,SUCCESS,0,GBP
dd423814-d8e1-4359-a0f4-9a2c89d66b2f,dfe5599a-da05-4cc4-8ad4-63963ddff985,447722961766,2026-02-16 09:59:09.000,2,FAILED,0,GBP
46f3b21a-42bf-4114-895e-ae3e7d2ae8d6,bef5ef34-c4ef-49e5-b2ef-7c7a16b63257,447707137684,2026-02-16 13:27:59.000,2,FAILED,0,GBP
0fcf8aec-0dbf-491a-a7df-90f2eb1dd070,86b7382a-194a-47f2-9a34-326a8856d7fb,447745177240,2026-02-16 14:47:56.000,2,SUCCESS,2.99,GBP
60cc5722-99e1-4806-a069-61d72e8ee0dc,3307b181-5b43-4f19-bae4-aeda7c2ad656,447788772199,2026-02-16 14:57:43.000,3,SUCCESS,0,GBP
d8b0f0f0-594b-4bc9-be85-7310a0255513,159afcbf-c6ed-4e3e-bd7e-4333334b17a0,447771710632,2026-02-16 22:44:33.000,3,SUCCESS,0,GBP
03f13077-d8db-4e48-a352-b0368345cddd,06a8d15d-ce17-4b54-b386-1eff0d863a28,447735659479,2026-02-16 23:15:47.000,2,SUCCESS,2.99,GBP
2b6b313b-7ecd-477d-be91-348e946e608b,74e37183-4abc-4d2f-bcf5-ef331d5e3e6c,447720497381,2026-02-16 23:43:29.000,2,FAILED,0,GBP
947c08a5-9504-44c9-8b41-bc49dfb1dd76,bc335ca4-ae19-4c3f-8b5d-0a7d5610802a,447783761575,2026-02-16 23:43:33.000,2,SUCCESS,1.99,GBP
79d9c7f7-ea33-4d53-b57f-9a72f4d0617c,9a1fcd4b-5e52-424c-952b-c00ee42c8fd1,447725221070,2026-02-17 00:21:57.000,3,SUCCESS,0,GBP
a1a7faad-dbbf-46f3-91b6-c1f9ce1ec432,e9551799-e1c5-46ad-859f-c2f20b24d628,447787941200,2026-02-17 00:23:46.000,2,FAILED,0,GBP
0322692a-8336-46f3-a801-78d3cb65955e,e3bc30ca-909e-4efc-bbac-1d1770e034ba,447730922596,2026-02-17 00:49:13.000,2,SUCCESS,3.49,GBP
13c509de-c915-4855-9967-ceecba74d3f5,b029a4f5-fae1-4297-ba9c-20f18509042f,447771875278,2026-02-17 04:06:45.000,2,SUCCESS,2.99,GBP
54bd8b2c-469a-4874-8e0d-1943421ecd9d,36d7d90c-213e-4109-9cd8-8500258c59ef,447760623929,2026-02-17 04:13:48.000,3,SUCCESS,0,GBP
1db4141c-7aa6-4d15-9202-fc9c53dc75b2,5d02317e-c508-4d81-9820-14bf341f6a62,447706367213,2026-02-17 06:18:13.000,2,PENDING,0,GBP
d92e47fc-91b0-4820-87ac-bd296334815f,fdf1d23a-e4c7-42a3-bfbb-a4f279e68703,447760692607,2026-02-17 06:19:50.000,2,SUCCESS,3.49,GBP
e5b6173f-1a22-45da-93b5-a3e7dcaf4ba1,c571b1d3-c86d-48f8-bff1-b884377eaf7d,447754359652,2026-02-17 08:35:37.000,2,FAILED,0,GBP
d23bd6fc-5465-422d-96fd-3964b00ea22f,07c4e166-611d-4a03-ad4a-39e9fbf2f43a,447724957701,2026-02-17 09:24:00.000,2,FAILED,0,GBP
c8851aff-84ba-4a36-a734-f0237957e51f,b916c1b0-0ec5-4f5b-bcda-b3cea514cd18,447755654818,2026-02-17 11:06:57.000,2,FAILED,0,GBP
d562b9ae-2618-4eef-9ed9-980479e70a0b,c84ebb7c-c0a0-4229-bfb0-6b3adb640f85,447749710339,2026-02-17 12:07:42.000,2,SUCCESS,1.99,GBP
31e3437c-073a-4c0a-92a1-04db3136f062,3722d0de-b3f6-454f-a368-816ec2d5f5c7,447771709126,2026-02-17 14:26:32.000,2,PENDING,0,GBP
03b29cac-f919-4733-8c99-5cb08f58b0e2,77e33644-eaa3-4ac6-b3b4-48bf47ff4610,447710830367,2026-02-17 15:24:05.000,2,FAILED,0,GBP
fe59da41-63b7-48d3-9236-e62fa4f4566d,d9ed7a3c-befc-4aab-bfd8-73e878293d5e,447798087740,2026-02-17 16:35:59.000,3,SUCCESS,0,GBP
c6603265-4635-415b-bfda-912bd15dcf46,bc7100e4-665c-46fb-b346-c0701b1d9fdd,447735004550,2026-02-17 18:35:36.000,2,SUCCESS,3.49,GBP
a72c5b7e-cfe7-4b38-b2eb-b12b9db3a861,e0ad16d8-9e9e-4cc9-a19d-1c79370d27b0,447711709677,2026-02-17 19:30:51.000,2,PENDING,0,GBP
6477ea04-0b00-46a8-b713-e1daed4981df,d0a0378f-cbb4-48ea-a3b3-4053a2650f49,447721876049,2026-02-17 19:48:42.000,2,PENDING,0,GBP
ba5e4d2d-8d7a-4ff9-ac4b-613740465701,8468f8b2-0d31-42f8-a79d-e03fb160af2a,447737437428,2026-02-17 19:51:18.000,2,SUCCESS,2.99,GBP
fa032c02-ea9b-42ed-8213-567365bf4946,7f610aed-587e-49ad-97cb-80310c468d79,447776299338,2026-02-17 20:20:00.000,3,SUCCESS,0,GBP
a60b4dfa-5d32-4bd8-a44b-b2c462134cfa,13c6d8da-e537-4e15-89ba-756498d23490,447763435441,2026-02-17 21:34:25.000,2,SUCCESS,1.99,GBP
194cde05-65f7-453b-a209-45c04b8c8c25,5347ce1b-9941-4ae9-85e0-bf4d112c3581,447773704929,2026-02-17 21:56:07.000,2,SUCCESS,3.49,GBP
0958be7a-9102-4ba2-b4b7-b65412954ebb,9332a6b0-4f30-40c5-9c8f-109c793bd625,447748748830,2026-02-17 23:38:03.000,2,FAILED,0,GBP
6dbde7a5-eb07-4cc2-943e-60b9b42c6221,57db8dd3-41ac-4582-87aa-f317fdd4f89e,447731752312,2026-02-18 00:13:10.000,2,FAILED,0,GBP
cc1e0f04-da63-4340-9809-4a999b9ef2f7,94be585e-5370-4c78-9566-5c49c7b9ded2,447729398504,2026-02-18 01:57:23.000,2,FAILED,0,GBP
0bc0dd91-22ca-4f86-9180-8dbed049bc09,65342c41-c49a-491f-bf5c-caad5ace89d5,447740489494,2026-02-18 02:42:45.000,3,SUCCESS,0,GBP
3af52a60-a9ec-4cf4-a39d-7164c05880b7,ecf8e7dc-a9bc-425c-bddd-deba73636383,447798231797,2026-02-18 04:17:23.000,2,SUCCESS,1.99,GBP
49d7ac88-78ee-4877-b58f-9c5ec96a0a98,f4fb0784-abbe-4cfb-88cc-3766dca3301a,447716827441,2026-02-18 07:26:30.000,2,FAILED,0,GBP
e1ed672b-c18d-499e-9fc9-903d25e5cbf4,2357fb37-540e-4de0-bdbd-039e96893828,447761283803,2026-02-18 09:23:23.000,2,SUCCESS,1.99,GBP
b4c6e3bb-a3c2-4302-9a22-5182a3e8bbef,ba2e3b21-cfa6-42c3-9370-cbb0e1447a9b,447710794452,2026-02-18 10:00:38.000,2,FAILED,0,GBP
a6876fbd-9ab8-4826-b9ed-5e2fbe6b9710,5abd9a8d-6825-45b6-8f0b-be574d013147,447703177067,2026-02-18 10:53:11.000,2,FAILED,0,GBP
a094237a-8d40-4ff7-a96d-2e8540f76ed3,974da493-6948-4a15-a68b-e805ec6d04a2,447747158907,2026-02-18 13:22:03.000,2,FAILED,0,GBP
bad67992-fc7e-46b8-b912-fb4027a343d5,76ae0b8e-ab85-43a3-9d9f-5721012a4c4e,447767781562,2026-02-18 13:45:58.000,2,PENDING,0,GBP
4df13847-f969-4d5e-abc5-ae9690c29b3d,0eda7f02-00b7-4684-b716-0c637f45922d,447785915825,2026-02-18 13:46:48.000,2,FAILED,0,GBP
fd7a79b6-c869-4e02-95a7-fc14b181e45b,cd8464e4-e5a9-4def-ae21-f49ef11e80f7,447731285674,2026-02-18 15:37:16.000,2,FAILED,0,GBP
c547f120-48aa-43b7-a345-a36fca98cad8,63dcb55e-f5ac-4bf7-8f41-df0fd09e3015,447765572729,2026-02-18 15:40:25.000,2,SUCCESS,2.99,GBP
b6916b98-e724-4227-9d59-55ce96a49875,ba08fae9-1650-4533-a9be-1ed60b81ccab,447762578744,2026-02-18 15:48:48.000,2,SUCCESS,1.99,GBP
2bd091b4-9d9a-4b71-99b1-b523d13cf441,5a662a42-3383-4a89-b534-1ed2f8bf7bd0,447735397635,2026-02-18 16:36:29.000,2,SUCCESS,3.49,GBP
49324a88-22ec-44af-b366-8498a73c6c90,7de5571f-7a06-4200-aebe-b9a0cb66b3e5,447702813249,2026-02-18 16:54:52.000,2,SUCCESS,1.99,GBP
33681d57-a45e-448f-bf12-e5bb685b8316,72e43333-a984-4dd4-9197-522eb437f64b,447715849017,2026-02-18 19:08:43.000,2,SUCCESS,2.99,GBP
3b708fe1-642d-406e-b561-78329cb03ea8,64adf4d2-90d6-445c-bc9b-d6ad2d19bc4a,447747716970,2026-02-18 19:11:18.000,2,FAILED,0,GBP
508db2e4-e5a8-4b0f-8f1a-77fc14b9634d,0ca9984e-8303-43ec-83b0-5252bb4925bb,447730107165,2026-02-18 20:05:54.000,2,FAILED,0,GBP
e086d55a-ea51-44f2-b2f0-f1e51e7e5c4e,6aa65e73-fa4e-4cdf-914a-6a0e0174a997,447721114259,2026-02-18 20:58:41.000,2,SUCCESS,1.99,GBP
15d857f5-c90c-4085-8456-82b36c3fc077,08e2ee2a-a36c-4207-8723-0e6a1c2b1988,447773464295,2026-02-18 22:01:07.000,2,FAILED,0,GBP
929f71ff-4ae3-46f7-8238-19b975656e45,1f233b96-1d69-42a6-9d6a-f35b6b045a5e,447738387408,2026-02-18 23:42:36.000,2,SUCCESS,2.99,GBP
b5c9f8cb-8971-4caf-b156-30a51018ea17,1e3223c1-1761-4547-9520-0ef7b122615a,447724536227,2026-02-19 00:05:11.000,2,SUCCESS,3.49,GBP
9c7112f9-86d9-4cd0-a71b-7464eac94445,49ed08b3-ec7e-472e-bc5b-101274bbea9e,447722661055,2026-02-19 01:35:23.000,3,SUCCESS,0,GBP
3337e965-3c02-41b0-a8aa-0c3e8848a279,b2e1e4a7-f1ad-4f0c-8604-4f8e40755d25,447745988531,2026-02-19 02:03:24.000,2,SUCCESS,3.49,GBP
5f209401-81b0-4841-b31d-08c9225421e4,8d287457-d4ba-4265-90c6-620d4fe248e6,447737036454,2026-02-19 03:19:03.000,2,SUCCESS,3.49,GBP
0c4435c9-75c8-4fbb-9a5c-c66fc78f4204,634eb730-61fd-40ec-8280-bdb4325411ad,447738746511,2026-02-19 04:09:31.000,2,SUCCESS,3.49,GBP
5607c15e-9dd3-49f8-928f-9881f0610cf9,c2df7d5d-e0d8-4416-915b-dde7d26fce4f,447741592229,2026-02-19 05:14:17.000,3,SUCCESS,0,GBP
0ed728c9-6d8f-4bfe-9dc7-a85f29fc1bed,68f0c2af-3bea-4c10-9893-98007d4453a1,447765928309,2026-02-19 06:04:45.000,2,SUCCESS,2.99,GBP
42f1796a-b3be-4849-8638-7145d16a29e6,3c712bac-46c5-46bf-8a05-5d3e28d0cfe9,447760204171,2026-02-19 08:09:24.000,2,FAILED,0,GBP
0c1e6a54-a444-40e5-84fd-db6ca2372de1,a0e738b6-5a28-4555-8bfd-6f9ac544ac20,447762797483,2026-02-19 08:13:09.000,2,SUCCESS,2.99,GBP
f48cf278-0518-4ae2-bf65-5ffce6614944,2aca5da1-6e3a-4eb5-8d97-21fbd74267a5,447741433286,2026-02-19 08:31:41.000,2,PENDING,0,GBP
f4bf5876-781e-4b6b-8788-6bc48f630eb5,702ce712-a2e0-419e-99b1-a42c74c86899,447771309530,2026-02-19 11:58:04.000,2,SUCCESS,1.99,GBP
1b844a7a-5857-40c6-8f70-7e842a07e9b6,1b88ecc8-7b49-4707-86f7-e134e22eff9b,447742305442,2026-02-19 12:55:46.000,2,SUCCESS,1.99,GBP
f7935225-0d43-4db0-bf1e-d24282ea9c1f,746ad665-412b-4380-be58-cc04621b8188,447767419542,2026-02-19 14:36:14.000,2,SUCCESS,1.99,GBP
96697d0a-af5a-4cf4-b19c-dc68a598e530,9a1fcd4b-5e52-424c-952b-c00ee42c8fd1,447725221070,2026-02-19 15:36:50.000,2,SUCCESS,3.49,GBP
503c0b13-882d-4224-9f4f-60dcb4077897,bc3344b2-b60f-4874-9b45-e48785f4aae4,447771044235,2026-02-19 16:15:40.000,2,SUCCESS,1.99,GBP
6e2bc40a-0b50-4f35-94bf-0c7cf0f26dfb,3ed91e1f-2a08-4468-9574-690f483404bf,447733972968,2026-02-19 16:21:40.000,2,FAILED,0,GBP
ce27656d-7dbd-45e0-95e6-aaa93f7fb775,5f096c85-8b71-4876-9d7f-060b627fe767,447795064427,2026-02-19 18:16:33.000,3,SUCCESS,0,GBP
ae2ad607-9485-48b1-8389-122c8e3961a6,0e5a956f-e83a-404e-885f-c904212ba56b,447795385815,2026-02-19 18:36:35.000,2,FAILED,0,GBP
bef5b07f-6195-40ac-9f13-49db59a33257,d758171b-a268-4962-8b05-43accad5de41,447785975263,2026-02-19 20:13:40.000,2,FAILED,0,GBP
4a05ca51-fbea-4bc0-b7f2-85603ad565e4,58c8fde2-1724-4c04-8bc8-d721e6eadc25,447737665512,2026-02-19 20:26:17.000,2,SUCCESS,3.49,GBP
a02e52b6-5590-487b-802a-5117c6faf7f1,c571b1d3-c86d-48f8-bff1-b884377eaf7d,447754359652,2026-02-19 21:22:27.000,3,SUCCESS,0,GBP
7fe4ae8d-1de0-446a-a460-8e4100844d35,9d6d7f98-1c48-44f8-8991-a3f3d1fadd5d,447767884624,2026-02-19 21:35:49.000,2,SUCCESS,2.99,GBP
e12e9f90-bfc7-4ce0-9ba1-0a771c624c34,0a6649a2-f8b8-4915-ba08-69f472c3703e,447785102663,2026-02-19 22:39:24.000,2,SUCCESS,1.99,GBP
c90912af-9513-43d6-8f20-a1d60839363e,5ccd7872-da79-4d95-981f-1615d885fe00,447777933549,2026-02-19 23:18:27.000,2,FAILED,0,GBP
ab24d1bc-f243-4f32-8605-f5f075c76283,ef1e85ad-9467-4bab-9b4e-861de7a894b7,447761273693,2026-02-20 00:47:47.000,2,SUCCESS,2.99,GBP
e4a01a7c-09f0-4777-8425-cafc075d6017,c725e53d-0172-4395-95f9-d25b415e5ca3,447781399503,2026-02-20 01:40:37.000,2,SUCCESS,1.99,GBP
3f02eedf-b203-4d85-8eb7-5a26cd9d1279,3c2b1122-3ad2-4291-b6d2-2cf1bd867974,447745342937,2026-02-20 02:26:02.000,2,SUCCESS,2.99,GBP
1f2fcc4d-2f2e-4386-b824-1525a996ff31,fe8e9e47-3827-46b5-9c06-fc8ffbf0673a,447792862525,2026-02-20 04:15:06.000,2,SUCCESS,1.99,GBP
64df37d4-24e6-4b4a-ba97-8752480c7f9f,12fc2a33-7b97-4f8b-9b78-615b6721f7dc,447795743612,2026-02-20 06:20:27.000,2,FAILED,0,GBP
9b76e0af-4195-4a48-8d3e-28eab17638e3,4b1f65f3-ae44-4710-8748-918fa3d892d9,447780340200,2026-02-20 06:27:30.000,2,SUCCESS,1.99,GBP
b21d2ed0-9915-4ad7-a8dc-058558d086f9,53efaac1-a139-4854-a261-e86fdb608bf0,447706951835,2026-02-20 07:36:27.000,2,SUCCESS,2.99,GBP
0e60bc13-2f07-49a4-be80-09ea9fbb3d85,f8144043-8017-4161-8652-01fc78642e17,447715400759,2026-02-20 08:43:28.000,3,SUCCESS,0,GBP
f60b45ee-2849-4c82-9916-10eeac96382c,95518e09-dc64-414a-b3ce-6857b64e5059,447719497198,2026-02-20 09:24:51.000,2,PENDING,0,GBP
46fc81a7-8f01-4072-b74d-e524a1ce95ca,08078e94-e0d0-46fb-b0fc-122e404c8ec7,447776632440,2026-02-20 09:49:47.000,2,SUCCESS,1.99,GBP
f3ed0a35-7df7-4339-a390-39cb51e3da3e,6ff7ae8c-e9d2-4d68-9ada-dd28213da1a3,447700193255,2026-02-20 10:39:20.000,2,SUCCESS,1.99,GBP
2e877a7b-4b4a-4fc9-9197-4c49ac4d256c,85c6a119-872e-432c-acfb-c948924caf9c,447754147695,2026-02-20 11:48:49.000,2,FAILED,0,GBP
faf34b36-d037-4187-bf0b-a736eb5a3235,65d7ea64-1c3e-4b43-9764-97a05eb9bab5,447715560946,2026-02-20 13:38:39.000,2,SUCCESS,1.99,GBP
11c4e409-c23c-4c75-91a3-c938c38636a0,f3b7247a-5dc5-4ebe-b695-45a90b8031ef,447799231281,2026-02-20 14:05:33.000,2,PENDING,0,GBP
312d7f3b-3781-4835-a335-37d29962f363,05d80484-b44d-46bd-857c-17436797f1fa,447780777690,2026-02-20 14:12:26.000,2,FAILED,0,GBP
f5749f15-3ade-470f-9637-a1e44992769e,aed724cd-11b4-4949-b434-eb273e529e3d,447752483644,2026-02-20 14:31:27.000,2,PENDING,0,GBP
79d0095c-9f1c-4552-875c-e899efa946af,73a10220-54bd-4cf3-9fe3-6183a6b867fe,447717939317,2026-02-20 16:26:24.000,2,SUCCESS,1.99,GBP
f05c17da-7e2f-4250-a276-55d8d03fe6da,091b109a-719d-4c95-8dc4-6a7a2763c78a,447792886307,2026-02-20 18:29:47.000,2,FAILED,0,GBP
1e4b7ecd-6136-4463-ab75-7e5ceec81b61,b9488533-ab5c-4e92-a8e0-300cae8e95af,447741652412,2026-02-20 19:36:38.000,2,SUCCESS,1.99,GBP
290d2e3e-dbf4-47de-b2f1-f9f0743c7f8e,9ac2bf2c-cc33-4146-b896-ad8e2a8efa5e,447728833978,2026-02-20 20:10:57.000,2,FAILED,0,GBP
420e2ca9-4900-406e-877a-6b7470bdb686,c84a81be-547e-41e5-bf10-930df45dccef,447729505346,2026-02-20 21:20:49.000,2,FAILED,0,GBP
f58a5f40-df0f-445c-a6ce-7bfad8edeb95,c9b7a2d8-15e8-4c90-a8a0-dad69df49142,447777496616,2026-02-20 22:03:58.000,2,SUCCESS,2.99,GBP
ac08e0ac-6aa2-4c66-9649-34dfda1b62c5,68f40838-85e4-45e1-8aa9-03c7ad79c86c,447726798070,2026-02-20 22:11:26.000,2,PENDING,0,GBP
5970cabd-3266-479e-b5c5-441c64331c2a,8b121e67-52f9-4fc0-a9b2-ebeea9104f1d,447700525272,2026-02-20 22:22:18.000,2,SUCCESS,1.99,GBP
0615cc45-4f02-4d12-9a0a-c388ecc2496e,a6b71ab2-0ba5-4244-829a-dfecc61c8209,447714796630,2026-02-20 23:18:17.000,2,PENDING,0,GBP
595d9f2a-6aeb-4eef-9909-92556e81e0f8,1a0d82a0-70d7-4420-805a-cd8f3264a7ea,447721254824,2026-02-21 00:11:26.000,2,SUCCESS,1.99,GBP
baed7458-14e2-4234-ba42-b3ade2761709,577dfda6-b4aa-4955-81df-9f40a03ba212,447799425029,2026-02-21 00:13:52.000,2,SUCCESS,1.99,GBP
347a0b86-1f63-4753-8015-f38b436df683,b86e8638-5f71-491c-8fc7-801b6b5958f3,447722492069,2026-02-21 00:27:18.000,2,SUCCESS,1.99,GBP
22321001-d576-4f8f-a4d8-4a14c4c1c53b,35e3e0bb-08ea-4bf4-bc59-38c1b4473a6a,447768025353,2026-02-21 04:23:08.000,2,SUCCESS,2.99,GBP
49da06aa-432e-48e4-8e14-804ef441734b,9ac2bf2c-cc33-4146-b896-ad8e2a8efa5e,447728833978,2026-02-21 05:45:00.000,3,SUCCESS,0,GBP
76b22f59-edcc-456f-be72-6d89efb848d2,49ed08b3-ec7e-472e-bc5b-101274bbea9e,447722661055,2026-02-21 06:13:10.000,2,FAILED,0,GBP
43a80f22-907c-4bda-8ba5-a9194604d783,2fda5143-10f8-4d57-8c0a-2f09e47ca62f,447713974122,2026-02-21 06:52:42.000,2,FAILED,0,GBP
b2598dc5-5022-4362-86a6-05043e8edda8,f916878f-0de4-4cde-b079-aa73605cb01c,447799685600,2026-02-21 07:37:06.000,2,FAILED,0,GBP
bb679fba-de67-4b80-9c87-105c9c3c83ae,1626024d-c4e6-47b8-91e5-02077c254f3c,447705927296,2026-02-21 09:29:52.000,2,PENDING,0,GBP
ded7f3cd-c66a-47bd-beda-1aad90eaa60d,7622f5eb-3544-4b1b-a14a-7b5ecd831690,447723264515,2026-02-21 11:12:33.000,2,FAILED,0,GBP
48c4790d-faa2-483c-82d7-8dd48f43c523,7321a7e0-f32f-4be8-8373-cad57f6fb3d0,447706319660,2026-02-21 11:24:56.000,2,SUCCESS,3.49,GBP
7d520bfb-1b33-41af-a9f6-2fefcc4c7c0d,41680514-dd8b-4cc2-9a3e-2f34d0286b23,447777934624,2026-02-21 11:46:48.000,2,SUCCESS,3.49,GBP
84233e8d-6342-4ee2-a5f6-b0d254c48cc2,74d98e34-c490-4498-8ec1-82ecde2e86c8,447732123713,2026-02-21 11:54:40.000,2,PENDING,0,GBP
a852976c-d305-4806-906e-7f4e6ea8eb7a,b49bc443-7a1b-4be4-b6ec-6c12e6943417,447746016483,2026-02-21 11:56:48.000,2,FAILED,0,GBP
367a2d7f-2a0c-42f9-9907-8b444a763027,4689f07c-0818-4531-8e87-7525ba769a2d,447710506156,2026-02-21 13:00:13.000,2,SUCCESS,1.99,GBP
88ff3c1b-f20b-40f4-80ac-1bca8ae2f5d0,76f1fcd7-156f-4485-b6d6-aea05cc17194,447714431556,2026-02-21 13:30:05.000,2,FAILED,0,GBP
a7241419-db8b-4031-86e7-cbc432feaa65,a13736f4-7e88-452d-a32a-22fe16726694,447769241895,2026-02-21 20:17:25.000,2,PENDING,0,GBP
fb178b29-78de-464a-a4bd-9b036c1ab45b,ee486886-10b3-4831-aa0c-0784ebb1adb7,447739444065,2026-02-21 20:23:37.000,2,SUCCESS,1.99,GBP
32abc3ae-18b9-4e4c-ad47-bcc4c7220adc,4f3cb7f9-a4c9-43f0-9c3d-76faf52b8fa2,447796141276,2026-02-21 21:50:12.000,2,PENDING,0,GBP
5ee873df-9739-42f2-9d24-b60cba88d78a,0a9109d5-36c7-48c6-be8b-ec3b1595b83c,447712219807,2026-02-21 23:39:37.000,2,SUCCESS,3.49,GBP
91ac7823-d8a2-4b1a-a344-87ca4017e676,263f4437-d74a-404b-9b09-044942a5b805,447723193108,2026-02-21 23:45:14.000,2,SUCCESS,3.49,GBP
165161cc-23b3-4866-b5bf-0ff1c4d7ccfa,7f610aed-587e-49ad-97cb-80310c468d79,447776299338,2026-02-21 23:56:36.000,2,PENDING,0,GBP
cb21ffba-3a90-4d74-aa3e-d69271524f9e,611e2a3e-11ff-401a-a1b6-ef2d681df310,447719313775,2026-02-22 00:55:17.000,2,PENDING,0,GBP
7e638f91-582c-4b94-9036-99460435b485,4689f07c-0818-4531-8e87-7525ba769a2d,447710506156,2026-02-22 01:49:24.000,3,SUCCESS,0,GBP
78268f24-1ff2-40fd-8e61-946831d6fcdb,4015ad41-4993-4740-9813-02a28eec0b99,447774028638,2026-02-22 02:04:25.000,2,SUCCESS,2.99,GBP
42a6bac2-4dc1-47e0-9102-58952fc6bf92,5801e5eb-c7d7-45d3-ba69-fb46265ed3f7,447773675766,2026-02-22 04:20:58.000,2,FAILED,0,GBP
3278a891-a998-4df0-b24f-8906a506631d,c3f96fae-21a3-4d93-bf81-7201ecbbb0da,447711228230,2026-02-22 04:27:53.000,2,FAILED,0,GBP
bc8e4d35-bc96-4b5a-bf55-b200833c8fef,b04a170a-c181-4ce2-8903-4ef62de19383,447791118780,2026-02-22 08:24:02.000,2,FAILED,0,GBP
92447deb-e9ee-4116-bc6d-9cf540fd538a,6ca87903-1524-4c7f-8ca7-2b94346f7e38,447781898083,2026-02-22 09:16:04.000,2,FAILED,0,GBP
029c6147-a657-4830-8a1b-c7bdb9e38789,6ccb0b91-1515-4a05-9392-df632badae52,447761209672,2026-02-22 13:05:41.000,2,FAILED,0,GBP
c581901f-9078-4759-87ac-26d064e862e3,d6c3592c-850b-44de-99c5-041a6239b7fb,447792733627,2026-02-22 16:43:55.000,2,SUCCESS,2.99,GBP
7813a925-61f1-4e0e-85e4-cdef4a41c0ad,effa34bf-e8c1-4f24-a04c-24560ff8a11d,447759701604,2026-02-22 16:44:19.000,2,FAILED,0,GBP
6d66f35f-1cef-4a4f-9175-43bda0c9aa17,08078e94-e0d0-46fb-b0fc-122e404c8ec7,447776632440,2026-02-22 18:22:43.000,3,SUCCESS,0,GBP
3baacd26-13ae-42b7-8c39-591fd3c44239,533508d5-ac65-43e2-8d8d-c99e4d342333,447758183331,2026-02-22 18:43:49.000,3,SUCCESS,0,GBP
5e06b5f6-7510-42f9-b719-b681ddd4eac8,3307b181-5b43-4f19-bae4-aeda7c2ad656,447788772199,2026-02-23 01:15:54.000,2,FAILED,0,GBP
230356c1-b630-4b3b-bfec-9f3ad630b99d,7181d5db-46a3-43b9-850a-25aba86ee3f7,447758497039,2026-02-23 02:56:02.000,2,SUCCESS,1.99,GBP
40ff3b68-ffaf-43de-ba40-9942e4bf623a,e17efff0-718e-4f53-8482-12bccf82dd4b,447742605611,2026-02-23 07:06:03.000,2,SUCCESS,2.99,GBP
90b6498a-f3bb-4ccb-a860-e46e18e910d3,dfe5599a-da05-4cc4-8ad4-63963ddff985,447722961766,2026-02-23 10:05:23.000,2,SUCCESS,3.49,GBP
f5e7a77d-cba6-48e1-8152-dc86c289b86b,86b7382a-194a-47f2-9a34-326a8856d7fb,447745177240,2026-02-23 14:40:30.000,2,PENDING,0,GBP
f985051c-b01c-4b93-aaaa-2248b9d40271,29ca970d-e24b-4352-aafe-15c5800e3664,447796829630,2026-02-23 16:38:14.000,3,SUCCESS,0,GBP
38a50a7d-ffc6-4603-b2f1-64f8abf3a3f9,091c20c5-e794-4a1d-823d-efe1d304573d,447794836698,2026-02-23 23:38:40.000,3,SUCCESS,0,GBP
e09b0f51-c5ad-4aed-a89f-540915ab6758,06a8d15d-ce17-4b54-b386-1eff0d863a28,447735659479,2026-02-23 23:54:20.000,2,FAILED,0,GBP
b554b851-d00c-4f7c-9cdb-8ed7d4139106,bc335ca4-ae19-4c3f-8b5d-0a7d5610802a,447783761575,2026-02-24 00:19:00.000,2,FAILED,0,GBP
27951db8-457f-452d-abf7-dd9e0af1485a,b029a4f5-fae1-4297-ba9c-20f18509042f,447771875278,2026-02-24 03:52:02.000,2,SUCCESS,2.99,GBP
51237976-cb8c-4179-8ba7-42585ef6b636,5d02317e-c508-4d81-9820-14bf341f6a62,447706367213,2026-02-24 07:11:30.000,2,SUCCESS,3.49,GBP
58c3a0f2-e965-4b8d-a8dd-8b8a60c1c08e,13c6d8da-e537-4e15-89ba-756498d23490,447763435441,2026-02-24 07:22:14.000,3,SUCCESS,0,GBP
f3082a02-f9a9-4413-b806-aee477cad2b8,c84ebb7c-c0a0-4229-bfb0-6b3adb640f85,447749710339,2026-02-24 12:01:48.000,2,FAILED,0,GBP
63bbfa6a-6e87-47e1-98e6-d55e8a374c2c,b916c1b0-0ec5-4f5b-bcda-b3cea514cd18,447755654818,2026-02-24 12:19:24.000,2,PENDING,0,GBP
2c2199ac-cf63-4b10-bc88-edc33b06bd78,ecf8e7dc-a9bc-425c-bddd-deba73636383,447798231797,2026-02-24 16:14:09.000,3,SUCCESS,0,GBP
882cb25c-bcfe-4849-ac38-428eeeacd77a,77e33644-eaa3-4ac6-b3b4-48bf47ff4610,447710830367,2026-02-24 16:37:10.000,2,SUCCESS,1.99,GBP
1cb46733-c9df-41cc-bc48-84b2b94f3572,bc7100e4-665c-46fb-b346-c0701b1d9fdd,447735004550,2026-02-24 19:13:28.000,2,SUCCESS,3.49,GBP
6787d8c2-bf3a-4119-a987-6ee051dd3662,d0a0378f-cbb4-48ea-a3b3-4053a2650f49,447721876049,2026-02-24 19:25:48.000,2,PENDING,0,GBP
30a04467-3281-457c-aad7-9ace071aaab6,e0ad16d8-9e9e-4cc9-a19d-1c79370d27b0,447711709677,2026-02-24 20:03:17.000,2,PENDING,0,GBP
9a866372-5e0f-4bf6-86c5-e23bb23549ad,5347ce1b-9941-4ae9-85e0-bf4d112c3581,447773704929,2026-02-24 22:52:56.000,2,SUCCESS,3.49,GBP
12d3faaa-1dc3-42e9-81d5-806be20c9f4f,9332a6b0-4f30-40c5-9c8f-109c793bd625,447748748830,2026-02-24 23:05:17.000,2,SUCCESS,3.49,GBP
3de5af83-300f-49b3-a6c7-c753b820f62a,57db8dd3-41ac-4582-87aa-f317fdd4f89e,447731752312,2026-02-25 00:53:16.000,2,FAILED,0,GBP
9d408a6e-bcca-4a50-ac82-bf3348729abb,94be585e-5370-4c78-9566-5c49c7b9ded2,447729398504,2026-02-25 02:01:14.000,2,SUCCESS,1.99,GBP
5f267908-2980-4cd2-aa8a-a0aaadb70c3d,65d7ea64-1c3e-4b43-9764-97a05eb9bab5,447715560946,2026-02-25 02:18:26.000,3,SUCCESS,0,GBP
4f8aad5c-c107-4c65-a4ae-ffa62f5559cb,ba2e3b21-cfa6-42c3-9370-cbb0e1447a9b,447710794452,2026-02-25 11:30:08.000,2,FAILED,0,GBP
decbb3ee-9795-4a70-a912-069d5fdb3610,63dcb55e-f5ac-4bf7-8f41-df0fd09e3015,447765572729,2026-02-25 15:06:20.000,2,SUCCESS,2.99,GBP
5567e744-ee3b-4c2d-ad09-b756fed2dfd1,5a662a42-3383-4a89-b534-1ed2f8bf7bd0,447735397635,2026-02-25 16:47:48.000,2,SUCCESS,3.49,GBP
8c2b725d-2591-427c-abf1-f64260906710,64adf4d2-90d6-445c-bc9b-d6ad2d19bc4a,447747716970,2026-02-25 18:04:08.000,2,FAILED,0,GBP
5320af54-8bb5-4639-afb9-b83ad7bb61b5,0ca9984e-8303-43ec-83b0-5252bb4925bb,447730107165,2026-02-25 20:49:18.000,2,SUCCESS,1.99,GBP
dc9b2ee5-0e33-4e16-b63d-f09c8b765908,6aa65e73-fa4e-4cdf-914a-6a0e0174a997,447721114259,2026-02-25 20:56:39.000,2,SUCCESS,1.99,GBP
6821fd1e-ff1f-4d87-a6e5-dcae08ffaa43,8d287457-d4ba-4265-90c6-620d4fe248e6,447737036454,2026-02-26 04:00:09.000,2,FAILED,0,GBP
2a4c7aa0-84df-45de-bb36-c9fab3ee5116,3c712bac-46c5-46bf-8a05-5d3e28d0cfe9,447760204171,2026-02-26 08:22:52.000,2,SUCCESS,2.99,GBP
e1fcf752-b97c-4b67-a53e-1c3ab14ec112,a0e738b6-5a28-4555-8bfd-6f9ac544ac20,447762797483,2026-02-26 09:22:01.000,2,FAILED,0,GBP
f277a8af-0e08-4c5d-9f0e-53f213bc7477,1b88ecc8-7b49-4707-86f7-e134e22eff9b,447742305442,2026-02-26 13:19:42.000,2,SUCCESS,1.99,GBP
ec9f06ea-2600-459e-9174-5d06cc1865ac,746ad665-412b-4380-be58-cc04621b8188,447767419542,2026-02-26 14:30:35.000,2,SUCCESS,1.99,GBP
a6f3d51c-ef69-42b2-a098-df3c4b01168a,bc3344b2-b60f-4874-9b45-e48785f4aae4,447771044235,2026-02-26 15:19:40.000,2,SUCCESS,1.99,GBP
4a5180ac-f6ae-4975-ba88-7c024e465adc,9a1fcd4b-5e52-424c-952b-c00ee42c8fd1,447725221070,2026-02-26 15:54:52.000,2,SUCCESS,3.49,GBP
c6fff31d-962d-4c33-9279-ab596ce68346,3ed91e1f-2a08-4468-9574-690f483404bf,447733972968,2026-02-26 19:00:20.000,3,SUCCESS,0,GBP
8eb8e51f-7498-4e17-ae04-d38fa891e31c,d758171b-a268-4962-8b05-43accad5de41,447785975263,2026-02-26 19:43:48.000,2,SUCCESS,3.49,GBP
2d64f764-23b4-47d2-a588-a01be5477f24,5ccd7872-da79-4d95-981f-1615d885fe00,447777933549,2026-02-26 21:44:46.000,2,FAILED,0,GBP
d65fcb5b-fbbd-444c-bda8-b0c3b8afacad,9d6d7f98-1c48-44f8-8991-a3f3d1fadd5d,447767884624,2026-02-26 21:55:14.000,2,SUCCESS,2.99,GBP
ed5f3b7c-bff4-4446-a559-a5dae6e906cc,fe8e9e47-3827-46b5-9c06-fc8ffbf0673a,447792862525,2026-02-27 03:59:56.000,2,PENDING,0,GBP
6da632b1-1eb7-4b90-829f-ec5a4460ab2c,53efaac1-a139-4854-a261-e86fdb608bf0,447706951835,2026-02-27 06:23:44.000,2,SUCCESS,2.99,GBP
f4b17e71-c56c-4d03-a742-243fe80ff28c,12fc2a33-7b97-4f8b-9b78-615b6721f7dc,447795743612,2026-02-27 06:26:12.000,2,SUCCESS,1.99,GBP
d2c11430-4cf8-4c70-8ac2-e1a82c7f399b,4b1f65f3-ae44-4710-8748-918fa3d892d9,447780340200,2026-02-27 07:32:33.000,2,FAILED,0,GBP
8b8aeb72-fd27-4391-b7cc-c85e0f344e43,95518e09-dc64-414a-b3ce-6857b64e5059,447719497198,2026-02-27 08:38:12.000,2,SUCCESS,2.99,GBP
87e1bf7a-91ae-41de-87f0-105c30d06ddc,08078e94-e0d0-46fb-b0fc-122e404c8ec7,447776632440,2026-02-27 09:11:35.000,2,SUCCESS,1.99,GBP
c1aec203-fadf-498a-b362-f4feb5cd85fd,85c6a119-872e-432c-acfb-c948924caf9c,447754147695,2026-02-27 11:11:32.000,2,SUCCESS,3.49,GBP
548ade0a-5b69-4e8e-9d03-d0f85066958b,41680514-dd8b-4cc2-9a3e-2f34d0286b23,447777934624,2026-02-27 12:36:06.000,3,SUCCESS,0,GBP
dab8660f-e80a-44e5-8875-bf768a77dcd7,05d80484-b44d-46bd-857c-17436797f1fa,447780777690,2026-02-27 14:07:38.000,2,PENDING,0,GBP
4c70c0a7-3e8b-45b1-bbdb-df66064981dc,65d7ea64-1c3e-4b43-9764-97a05eb9bab5,447715560946,2026-02-27 14:49:23.000,2,PENDING,0,GBP
36ae2064-ecf3-4278-8fab-5ce25adaff14,73a10220-54bd-4cf3-9fe3-6183a6b867fe,447717939317,2026-02-27 15:48:58.000,2,SUCCESS,1.99,GBP
933539bc-fd63-4634-8122-4a80e351e53e,669d7f32-5013-48f6-9668-8bcf0d676edf,447732677897,2026-02-27 18:12:46.000,3,SUCCESS,0,GBP
15b8fe2d-9a30-48c1-9523-6752d69e972b,091b109a-719d-4c95-8dc4-6a7a2763c78a,447792886307,2026-02-27 18:30:40.000,2,SUCCESS,2.99,GBP
8fb31a2c-a184-4aa0-85c2-3989965369f8,12fc2a33-7b97-4f8b-9b78-615b6721f7dc,447795743612,2026-02-27 19:18:47.000,3,SUCCESS,0,GBP
46e08c9a-9394-470d-876d-1d7a55655b98,5546b62b-c590-4eea-869b-8e4ffd76e467,447737423342,2026-02-27 19:52:20.000,3,SUCCESS,0,GBP
49667cad-c3b5-4147-b26c-6a1031a35179,c84a81be-547e-41e5-bf10-930df45dccef,447729505346,2026-02-27 20:06:58.000,2,PENDING,0,GBP
a1f2d118-75e3-4a3d-84bb-8de5241ae18b,b9488533-ab5c-4e92-a8e0-300cae8e95af,447741652412,2026-02-27 20:39:12.000,2,SUCCESS,1.99,GBP
244b4740-bf90-460d-bfe0-f6766c9f4c21,577dfda6-b4aa-4955-81df-9f40a03ba212,447799425029,2026-02-28 00:17:16.000,2,FAILED,0,GBP
3cf04afa-7ef7-4362-b210-d67a79761720,b86e8638-5f71-491c-8fc7-801b6b5958f3,447722492069,2026-02-28 00:37:55.000,2,FAILED,0,GBP
076ea4e8-6f93-4f04-ba48-a0241c32bd30,7622f5eb-3544-4b1b-a14a-7b5ecd831690,447723264515,2026-02-28 11:33:31.000,2,SUCCESS,1.99,GBP
d6d582da-8801-462c-a6f5-081493b610a9,b49bc443-7a1b-4be4-b6ec-6c12e6943417,447746016483,2026-02-28 11:37:24.000,2,FAILED,0,GBP
07eae884-4801-4ccb-9f08-f46fd3189f9d,74d98e34-c490-4498-8ec1-82ecde2e86c8,447732123713,2026-02-28 12:12:45.000,2,FAILED,0,GBP
f2d79bcc-dfeb-44ff-bd10-1cd04f7c3391,41680514-dd8b-4cc2-9a3e-2f34d0286b23,447777934624,2026-02-28 12:36:16.000,2,PENDING,0,GBP
7ef5686e-cfc0-426e-a921-7c94a9e4ebff,4689f07c-0818-4531-8e87-7525ba769a2d,447710506156,2026-02-28 13:15:04.000,2,FAILED,0,GBP
be0703db-cc56-44f6-a70e-7abf82f9d009,a13736f4-7e88-452d-a32a-22fe16726694,447769241895,2026-02-28 19:50:13.000,2,SUCCESS,2.99,GBP
15fec074-8a28-4545-b703-6c8ee89a3a7c,263f4437-d74a-404b-9b09-044942a5b805,447723193108,2026-02-28 23:37:35.000,2,PENDING,0,GBP
2aa73f38-f184-41e6-8bb1-f3024a490c75,0a9109d5-36c7-48c6-be8b-ec3b1595b83c,447712219807,2026-03-01 00:16:22.000,2,SUCCESS,3.49,GBP
4eb8365b-5ca9-4210-9670-7281a269142f,611e2a3e-11ff-401a-a1b6-ef2d681df310,447719313775,2026-03-01 00:50:52.000,2,SUCCESS,2.99,GBP
ad883325-b578-4187-8ab0-11aa0317b535,4015ad41-4993-4740-9813-02a28eec0b99,447774028638,2026-03-01 03:12:06.000,2,SUCCESS,2.99,GBP
80782c17-1da4-467b-98ba-bb130a06eee2,c3f96fae-21a3-4d93-bf81-7201ecbbb0da,447711228230,2026-03-01 04:07:10.000,2,SUCCESS,2.99,GBP
329f553b-b61d-4628-ac22-5fbf33ad488f,d6c3592c-850b-44de-99c5-041a6239b7fb,447792733627,2026-03-01 15:13:57.000,2,FAILED,0,GBP
95966f6e-00ff-4a2d-9be6-618e0588751f,7181d5db-46a3-43b9-850a-25aba86ee3f7,447758497039,2026-03-02 01:26:55.000,2,SUCCESS,1.99,GBP
7a7f4b6f-7845-47ef-b50a-df9cd3669976,b029a4f5-fae1-4297-ba9c-20f18509042f,447771875278,2026-03-03 04:54:33.000,2,PENDING,0,GBP
5e53b9c0-72e1-4d2f-889d-5b487bade1cd,5d02317e-c508-4d81-9820-14bf341f6a62,447706367213,2026-03-03 06:12:29.000,2,SUCCESS,3.49,GBP
01bbec97-e05c-4f9d-846c-fa7fb7c64be0,77e33644-eaa3-4ac6-b3b4-48bf47ff4610,447710830367,2026-03-03 16:25:47.000,2,FAILED,0,GBP
bafad1c5-b411-471f-b813-a898cffbc91e,d0a0378f-cbb4-48ea-a3b3-4053a2650f49,447721876049,2026-03-03 18:52:05.000,2,SUCCESS,2.99,GBP
a732be17-63e3-446f-a43b-4a9b9f83050a,5347ce1b-9941-4ae9-85e0-bf4d112c3581,447773704929,2026-03-03 22:48:59.000,2,FAILED,0,GBP
8cdb7460-209a-4ccd-8fa4-dfd664131eea,63dcb55e-f5ac-4bf7-8f41-df0fd09e3015,447765572729,2026-03-04 15:45:10.000,2,PENDING,0,GBP
f259961b-8bf6-416a-9415-e8659f44780d,a0e738b6-5a28-4555-8bfd-6f9ac544ac20,447762797483,2026-03-05 07:35:40.000,2,FAILED,0,GBP
fbe4c58a-019a-4dfa-9d25-5b19c82bbb33,5ccd7872-da79-4d95-981f-1615d885fe00,447777933549,2026-03-05 22:25:42.000,2,PENDING,0,GBP
fafb71e6-8f67-4b6c-bb47-9226a8eabed5,4b1f65f3-ae44-4710-8748-918fa3d892d9,447780340200,2026-03-06 07:11:02.000,2,SUCCESS,1.99,GBP
06ab8421-88af-4da2-84d4-3813e32353dd,65d7ea64-1c3e-4b43-9764-97a05eb9bab5,447715560946,2026-03-06 15:24:05.000,2,SUCCESS,1.99,GBP
1b4d441e-4770-4e5f-b956-123773312485,b49bc443-7a1b-4be4-b6ec-6c12e6943417,447746016483,2026-03-07 13:00:45.000,2,FAILED,0,GBP
7d38a29c-8e62-440e-9358-4aaa2f791cd0,263f4437-d74a-404b-9b09-044942a5b805,447723193108,2026-03-08 00:02:33.000,2,SUCCESS,3.49,GBP
