transaction_id,rotate_id,msisdn,received_time,transaction_type,package_id,amount,currency
1b194989-ec9d-4507-a8e7-b5069f8b6d6c,76511d98-f3db-401c-92e5-7042c604ec7b,447735333950,2026-01-01 00:42:14.000,SUB,PKG_SERVICE_5_GB,1.99,GBP
ba1b5470-dbd6-434b-8507-9827b9b612c1,131920e2-2ba0-412c-8fa0-57158e4afdf8,447781192063,2026-01-01 00:48:13.000,SUB,PKG_SERVICE_3_GB,2.99,GBP
5e5e4bd8-c9bb-409e-bb62-8345e1e1826f,18873132-72c7-4816-962b-efcb47bef1bd,447745447330,2026-01-01 01:47:34.000,SUB,PKG_SERVICE_3_GB,2.99,GBP
481e7806-2467-44b6-83fc-5e2f4307fd62,97841ac8-c7ff-41e4-a277-ba4e2f1d2791,447779871063,2026-01-01 03:28:01.000,SUB,PKG_SERVICE_3_GB,2.99,GBP
23118fff-ed71-480d-8e6e-933e58aef2d2,47d59628-82e4-40f3-98ea-150638a4f2e1,447708954686,2026-01-01 05:51:09.000,SUB,PKG_SERVICE_3_GB,2.99,GBP
d45eb0d6-9b61-4826-867c-e135dd7bf345,fa44476a-f67b-4522-a7b1-4bab6d74db3f,447710983796,2026-01-01 06:52:16.000,SUB,PKG_SERVICE_4_GB,3.49,GBP
5bca8c2f-71e2-4044-ae0d-4876c61c51e1,ce9b3923-ecf9-4c0b-9e83-3ba930700994,447714700338,2026-01-01 07:04:19.000,SUB,PKG_SERVICE_4_GB,3.49,GBP
c2452c25-937e-4177-a514-5e4fab2f316a,20f677e0-d273-432b-ab54-3184c67c4f76,447799728547,2026-01-01 10:57:03.000,SUB,PKG_SERVICE_5_GB,1.99,GBP
53d0fbab-2a50-4c0c-8226-4df1641f9a84,083faf00-da42-4b95-ae85-c461ab4bab1e,447701893240,2026-01-01 10:59:38.000,SUB,PKG_SERVICE_5_GB,1.99,GBP
3edb6583-63e3-422b-a6cb-e2bc4585d6ab,4fdebea5-4845-4864-86d2-07cff8d984d5,447777190704,2026-01-01 11:19:20.000,SUB,PKG_SERVICE_3_GB,2.99,GBP
da162e30-949d-47a7-8a9c-5b39f2428188,ec915036-a154-4c12-8e9a-bc520931d0f9,447774815065,2026-01-01 11:23:09.000,SUB,PKG_SERVICE_5_GB,1.99,GBP
02095fa0-ddcf-4faa-b375-eff4aec23a8c,89cd4db9-d38e-41a4-9b5e-391a24264c4a,447731377978,2026-01-01 13:39:30.000,SUB,PKG_SERVICE_3_GB,2.99,GBP
2eb89c6c-3f0b-4877-b3bb-ee4a39c5ffc4,72ba6258-783a-4fd3-861e-24c5435fe0a5,447713815199,2026-01-01 14:27:24.000,SUB,PKG_SERVICE_3_GB,2.99,GBP
6446b28f-65b0-441a-b7dd-e4410eb802df,ac0e5505-4b5f-4fe4-937a-d0537edc7b86,447722994633,2026-01-01 14:28:48.000,SUB,PKG_SERVICE_5_GB,1.99,GBP
2cf33543-f9b2-44e0-97ec-e115fb84c92e,d9839cbe-ec29-4888-88bc-8edc8a044e81,447755922803,2026-01-01 16:30:54.000,SUB,PKG_SERVICE_3_GB,2.99,GBP
e58b595d-5bae-4619-bf7b-8fe6afeccc43,54be6707-129b-4183-8d82-05a4639f76d8,447758331462,2026-01-01 16:34:23.000,SUB,PKG_SERVICE_3_GB,2.99,GBP
24571089-2224-40a8-924f-8ee4ed069c2c,d8588ab7-0b09-4bc5-ad24-71d94673aaef,447716547150,2026-01-01 22:00:47.000,SUB,PKG_SERVICE_5_GB,1.99,GBP
ea1bc975-38fd-4261-a8f0-066198ec6644,3a3283d8-60c6-4e8e-b840-8d0df4a60ec5,447784256011,2026-01-01 22:01:11.000,SUB,PKG_SERVICE_4_GB,3.49,GBP
9735098a-fd4d-4b2e-9317-fe04ace59ccf,baad6298-b5fc-4e80-8d45-249eb9c67a10,447736965105,2026-01-01 22:43:38.000,SUB,PKG_SERVICE_3_GB,2.99,GBP
f93a6c98-00b1-40d2-bec1-c46e93693cd0,53fb2e1a-d7f6-4ab8-ac17-932ddab16c85,447731198805,2026-01-02 00:11:03.000,SUB,PKG_SERVICE_4_GB,3.49,GBP
ccd2d0fa-2bb9-4a44-8061-713e990d349d,7f70c909-efa0-40e6-a19a-e75f3266ffef,447755662575,2026-01-02 01:29:07.000,SUB,PKG_SERVICE_4_GB,3.49,GBP
fd598a6c-1a01-47fd-a9ab-b287f35d1306,b443b1ef-7812-487c-a74e-573cf0ce6e94,447731782545,2026-01-02 01:39:57.000,SUB,PKG_SERVICE_5_GB,1.99,GBP
46e4a658-47be-4b57-9755-8ac183d97e85,c8fdaa0b-afc6-4726-8a28-aeca2caed495,447769916149,2026-01-02 03:44:14.000,SUB,PKG_SERVICE_3_GB,2.99,GBP
f46fe313-7b12-48a2-97ed-37b40eb1e833,53ea9039-0c05-47c3-bf13-949b86948e3e,447706327772,2026-01-02 03:57:27.000,SUB,PKG_SERVICE_4_GB,3.49,GBP
3ef6c4b0-06ef-4238-b8ae-9866eede86db,59f15ee1-f5a5-4d4b-88a7-e2896cefa37a,447720930226,2026-01-02 05:11:45.000,SUB,PKG_SERVICE_5_GB,1.99,GBP
32c18751-a532-4490-9641-7a135fd416e8,3f23bf78-d21c-4f4d-91c1-bcb0bf1644e4,447777171497,2026-01-02 06:05:14.000,SUB,PKG_SERVICE_5_GB,1.99,GBP
4cb285dc-438b-49de-86c1-0fb9f9caae10,609766dd-fdd8-4357-825e-2f37fde173bf,447792932581,2026-01-02 07:08:41.000,SUB,PKG_SERVICE_3_GB,2.99,GBP
d0859499-4c26-4195-a87c-0fb74bf4a4cb,6c98d8d8-48cd-43cd-b4fe-dc96646c5cbb,447793595901,2026-01-02 09:42:41.000,SUB,PKG_SERVICE_3_GB,2.99,GBP
0c78a291-d218-4b37-bc22-fd6cf596cd97,68328f69-5aa3-4b99-828e-9129876ea0a8,447727062442,2026-01-02 10:10:45.000,SUB,PKG_SERVICE_4_GB,3.49,GBP
0adfae87-c898-4e5d-bb02-0dbca294cf0d,125fa530-1d8a-4790-a4d8-23fb6aeaedca,447749229659,2026-01-02 10:14:32.000,SUB,PKG_SERVICE_3_GB,2.99,GBP
ef89b2a2-7cd5-48a4-89a8-45358cb4415e,3a67600e-1e0e-4867-bba2-adeb2dcec8f1,447783037088,2026-01-02 10:23:44.000,SUB,PKG_SERVICE_4_GB,3.49,GBP
b99e6ee4-ea90-4ac2-ad4b-7aef33d7a98a,e10b8238-dbcd-4571-9716-27a66a963752,447723926138,2026-01-02 10:34:11.000,SUB,PKG_SERVICE_3_GB,2.99,GBP
15f30592-3e55-4d70-979c-ee0c5285bd7c,f5d77a76-6746-4aa9-9d46-3deec795510e,447730600539,2026-01-02 12:14:34.000,SUB,PKG_SERVICE_3_GB,2.99,GBP
fb81b752-c6a3-4240-a7ce-5c7dd6c82fcf,e1bd39c4-1681-43b0-8b58-502a69172006,447742511066,2026-01-02 15:28:35.000,SUB,PKG_SERVICE_5_GB,1.99,GBP
66b766ee-09c0-4f0c-ac4b-923b0c3808fe,00de5e31-59ee-46cc-ae4c-9eefd3dd702d,447763237984,2026-01-02 20:08:57.000,SUB,PKG_SERVICE_4_GB,3.49,GBP
52799704-a6d2-4608-af55-e43e78721b39,e415332b-25e2-481a-b2ba-d66fe17217f3,447712540266,2026-01-02 20:45:58.000,SUB,PKG_SERVICE_3_GB,2.99,GBP
20e4abe7-fa54-45c5-9a7e-847cdf4e2710,8af2deb9-f058-4bac-94ca-9ee67bb393b5,447791406256,2026-01-02 20:47:28.000,SUB,PKG_SERVICE_4_GB,3.49,GBP
c9e029fd-9b4e-4f4b-b0a0-b74f3641eeac,4c617a0e-f7a0-4d99-83b3-7329d70830d7,447746492875,2026-01-02 23:08:04.000,SUB,PKG_SERVICE_3_GB,2.99,GBP
39cfe7a8-8c5a-445e-bfbf-6e8106dc2eab,faa6b91f-6c91-412e-9828-3a6072d0cc83,447792025708,2026-01-03 00:45:33.000,SUB,PKG_SERVICE_5_GB,1.99,GBP
98ac8a7a-4180-41c7-9c0c-7ab9a6f4c0d7,1674490c-fcdb-494b-ab7c-0c8d2ec990ae,447745705835,2026-01-03 02:32:45.000,SUB,PKG_SERVICE_5_GB,1.99,GBP
7edff54b-d4f2-43e7-b758-2a86ebea1dda,f0f35539-5aff-4dd3-a526-ff47a5fdf2ed,447762095994,2026-01-03 03:18:19.000,SUB,PKG_SERVICE_4_GB,3.49,GBP
e69911ec-f535-4abf-a1fc-bdb04a8e12c1,856232e6-3df5-41bd-ae53-0aba827af411,447776077119,2026-01-03 04:45:22.000,SUB,PKG_SERVICE_3_GB,2.99,GBP
a37a073e-39c3-4861-8f28-466df4ffa0e4,95838784-fd29-4d07-b2cd-f745ee38e1de,447731736832,2026-01-03 05:05:33.000,SUB,PKG_SERVICE_4_GB,3.49,GBP
ef0d0f44-9e10-4c53-a7f2-03e77db3458c,ccdfbc3a-36b1-462c-81c2-b657cb97391d,447797585566,2026-01-03 06:20:17.000,SUB,PKG_SERVICE_4_GB,3.49,GBP
b63b233a-6232-4ba1-a5eb-a2f811a39e45,dae911dd-976f-468c-a49c-e2db91e5d633,447728653179,2026-01-03 08:46:29.000,SUB,PKG_SERVICE_4_GB,3.49,GBP
f0aa440a-6c0f-4d61-9a32-0fc3b3a349ae,42e6e9d3-c922-4ebd-a72b-ae4579bfe29b,447783118097,2026-01-03 16:32:33.000,SUB,PKG_SERVICE_4_GB,3.49,GBP
d8b453ec-d524-4d7e-afac-368c6cd770b6,a61f0086-fc12-46a0-909c-0ea55bf87b1f,447750926778,2026-01-03 16:44:06.000,SUB,PKG_SERVICE_3_GB,2.99,GBP
ae1020f5-f340-4124-b545-a3ca7b776ded,be0a84bc-b38e-42ea-b41f-9bf2d3d06258,447749389481,2026-01-03 16:44:22.000,SUB,PKG_SERVICE_3_GB,2.99,GBP
c7e949ad-7c4b-425d-abd6-13640a6bf4e0,5c77f41a-dd42-488e-af98-9ab56234dd9a,447771816593,2026-01-03 17:19:26.000,SUB,PKG_SERVICE_4_GB,3.49,GBP
518c73de-80bf-432a-aa69-b1615f8023e9,25cfbed7-5c52-4be7-beac-1a2599d54a99,447798429797,2026-01-03 18:07:17.000,SUB,PKG_SERVICE_4_GB,3.49,GBP
9cf7e982-b20e-4547-8270-e4c94b9a3e5c,de013901-0332-4581-b3d5-363a085b3f25,447744970801,2026-01-03 18:45:54.000,SUB,PKG_SERVICE_3_GB,2.99,GBP
9e434bac-3178-431e-808d-1d34db5a140f,ace41c01-7118-426d-a659-61b28dfe49a1,447755466469,2026-01-03 19:38:03.000,SUB,PKG_SERVICE_4_GB,3.49,GBP
beecfb60-aa72-41e6-8599-b161cd3ff25d,6f83838d-6a55-4aee-bca8-c94916d6cfa0,447782078898,2026-01-03 20:35:55.000,SUB,PKG_SERVICE_4_GB,3.49,GBP
fa379b20-615f-4005-b2ad-b4bd30d365d4,7769dca7-88d9-4627-9d42-98ac866b9b5d,447728468015,2026-01-03 21:07:21.000,SUB,PKG_SERVICE_4_GB,3.49,GBP
8d2e947d-b3ad-424d-9810-4a831b511541,8eb375d4-0d31-4a85-ad3a-eddc1c1e0e1d,447721233421,2026-01-03 21:21:36.000,SUB,PKG_SERVICE_3_GB,2.99,GBP
8520f991-fa43-4606-ba7a-e4874a45e122,f6d2542f-6825-4b22-9228-4e254cbabafa,447731706277,2026-01-03 21:32:47.000,SUB,PKG_SERVICE_3_GB,2.99,GBP
9dc1f1e9-bfd4-49dd-8517-76908e38ed7b,ee6ce9be-e2ff-468b-950f-30c6d44d5f60,447752506916,2026-01-03 21:56:39.000,SUB,PKG_SERVICE_5_GB,1.99,GBP
f2a780fa-7820-4627-ae56-6c7880f98868,c41f6c31-2c5c-4c69-87a8-659550670a44,447761821536,2026-01-03 22:03:27.000,SUB,PKG_SERVICE_3_GB,2.99,GBP
89113dcc-107a-49e3-990e-db6f42e35618,db838c34-0d8f-4948-86d0-e5caf7847b39,447794788362,2026-01-03 22:06:06.000,SUB,PKG_SERVICE_3_GB,2.99,GBP
09ce1d83-6ab8-4e81-9bd8-e68f8e6a680b,a98844c9-0735-4766-8a8d-bdfbded80000,447747097957,2026-01-03 22:35:10.000,SUB,PKG_SERVICE_3_GB,2.99,GBP
fc5dc1f1-e8eb-4f03-8af9-b5b2df5616a1,4c3739c5-86d5-4770-98e5-9b64629d97d0,447730875925,2026-01-03 22:35:23.000,SUB,PKG_SERVICE_3_GB,2.99,GBP
daffc3e2-1128-44fa-8b49-7d49807d9a04,98ae8f6b-a617-4291-a95c-2d88c07ecfdd,447734841749,2026-01-03 23:45:34.000,SUB,PKG_SERVICE_4_GB,3.49,GBP
d33892ea-f718-4643-ab24-f1cff5c70c8c,7fd2c2d1-f214-4c57-bf2a-db008cad31cf,447744780881,2026-01-04 02:38:00.000,SUB,PKG_SERVICE_3_GB,2.99,GBP
13c43470-9265-4caa-9e06-3c4672b0269a,32b59d2a-a385-4ad6-a751-5d4c9260fc3e,447782821658,2026-01-04 03:29:47.000,SUB,PKG_SERVICE_4_GB,3.49,GBP
7c70b680-7769-45fb-b03b-ff5157cb6e2e,5e9f6058-d32f-41fb-bbc9-a401023ceb69,447774312945,2026-01-04 04:22:32.000,SUB,PKG_SERVICE_3_GB,2.99,GBP
0f00a27f-f79f-4d10-91b0-99cce647fb2f,79de3198-7bc5-4dbd-9890-ecf4c71724ae,447701804521,2026-01-04 04:53:50.000,SUB,PKG_SERVICE_3_GB,2.99,GBP
a68a00d5-fae9-4061-bc21-e551f164ec0d,27dcbdac-22b0-431d-9971-023b0ee9c0cd,447779473328,2026-01-04 05:06:05.000,SUB,PKG_SERVICE_3_GB,2.99,GBP
b5775ba8-34ca-4c81-bf2b-614aa1624249,0156bd21-e42a-4ab2-9f89-d34f9479d96d,447771202202,2026-01-04 05:06:15.000,SUB,PKG_SERVICE_3_GB,2.99,GBP
ab892d3f-3390-4c5d-b08a-5bf78630b97b,73c8f134-e66f-4e7a-8092-6f6d6cbb3000,447738257465,2026-01-04 05:09:55.000,SUB,PKG_SERVICE_3_GB,2.99,GBP
c6607049-9467-48d0-8e1b-6b99a379343c,7a4b5264-1c61-495e-8c9d-c7c5fd458a9e,447739411036,2026-01-04 06:20:56.000,SUB,PKG_SERVICE_5_GB,1.99,GBP
b67c2053-25e1-44a0-824c-44695d9c8f06,51c3e831-7b45-4a4b-8c02-eea17ac3b10d,447702445724,2026-01-04 06:28:31.000,SUB,PKG_SERVICE_5_GB,1.99,GBP
e2b4bd53-8776-436d-ac6c-7420255a0697,e058d3e7-2616-4ea3-8844-3bc6060a99e9,447721715691,2026-01-04 06:49:31.000,SUB,PKG_SERVICE_3_GB,2.99,GBP
b13dbb3e-c705-43fe-8471-ba947041debe,74d5296d-3357-413b-9166-da9e7e69b668,447734688884,2026-01-04 06:58:45.000,SUB,PKG_SERVICE_3_GB,2.99,GBP
0aa6b5a8-7cf5-4aa8-bb6c-ed653182403c,5ff637ac-6e30-46d9-9db3-36710da4099e,447703069624,2026-01-04 07:34:42.000,SUB,PKG_SERVICE_5_GB,1.99,GBP
db109692-b65b-48ba-94c8-4fb2bc88c251,c06ec3d4-1077-4f9c-bb28-7e4b0187ba7f,447709937677,2026-01-04 08:14:17.000,SUB,PKG_SERVICE_3_GB,2.99,GBP
e6e171be-60b3-4b80-bb90-ef6f92da25ae,371ac95b-6b13-4e30-976b-f16a1566096c,447730480656,2026-01-04 08:22:04.000,SUB,PKG_SERVICE_4_GB,3.49,GBP
45295a7e-e9bf-449a-b912-156e0a9e4c18,4d8fa105-9d3f-4f37-b01f-712749a3138d,447747216709,2026-01-04 09:28:43.000,SUB,PKG_SERVICE_5_GB,1.99,GBP
55e8fd02-4a14-489b-b18d-d8522f976967,36697d90-28f3-4b5b-b48f-a4f47296f6e2,447749310003,2026-01-04 10:34:31.000,SUB,PKG_SERVICE_3_GB,2.99,GBP
1e2344a1-e603-4282-804e-2c023b066b40,4d703e87-915f-4669-8863-4c27759288d1,447721337761,2026-01-04 10:59:21.000,SUB,PKG_SERVICE_5_GB,1.99,GBP
c3803436-d85e-4ba9-a37f-3519af1520f0,c771d6e4-9526-4f5f-a435-7dde1cd16775,447752095363,2026-01-04 14:50:21.000,SUB,PKG_SERVICE_4_GB,3.49,GBP
d9cbae1c-3af5-416e-9dfb-944abfef142e,41913169-66d6-4c45-80fc-b5c57514300b,447797145526,2026-01-04 15:34:45.000,SUB,PKG_SERVICE_3_GB,2.99,GBP
2f252098-d4d4-4aeb-83c1-3beb21c14a93,90095f1e-0a57-4261-8bad-63c6cbaa3116,447784436892,2026-01-04 16:40:07.000,SUB,PKG_SERVICE_3_GB,2.99,GBP
5763b664-a057-408f-a9b0-ba118ffeeb7d,f7a0456a-e249-47d1-a831-f5b6877627ec,447759749366,2026-01-04 17:35:58.000,SUB,PKG_SERVICE_5_GB,1.99,GBP
ecfe3585-5945-45b3-b824-0b1111631028,ac483d80-e7d6-4171-96b3-f4f298e5b10a,447788421498,2026-01-04 18:08:29.000,SUB,PKG_SERVICE_4_GB,3.49,GBP
fd59a2ba-86de-4370-8deb-f3b457542da7,a4231d2a-34bc-402b-8a15-0d08c5f1e37b,447700625362,2026-01-04 18:47:37.000,SUB,PKG_SERVICE_3_GB,2.99,GBP
031a398b-f3a1-4154-9006-8f2b538f6793,43c3f20f-bf92-4cf2-b2e0-152394ee5ef5,447735243676,2026-01-04 19:10:53.000,SUB,PKG_SERVICE_4_GB,3.49,GBP
3e437fee-33f8-4055-a307-96535099d01d,d78cd11d-9831-4be2-9770-8d4c55754300,447737927641,2026-01-04 19:22:49.000,SUB,PKG_SERVICE_5_GB,1.99,GBP
f2325f2a-0c4e-4eff-99af-dcafc524c80a,5d670228-375d-402a-b09a-ed5542382e4a,447748154632,2026-01-04 19:23:52.000,SUB,PKG_SERVICE_4_GB,3.49,GBP
be3ebd6c-e303-4232-889a-a445162c7f62,cb65cd1d-f94d-4e5c-9e64-c575dd6e2fa0,447700851951,2026-01-04 19:33:26.000,SUB,PKG_SERVICE_4_GB,3.49,GBP
ca44044b-86fa-4b24-9628-1bfdfcfc9827,84f42bd3-8272-47af-8499-e66e2e420d56,447753765189,2026-01-04 19:48:57.000,SUB,PKG_SERVICE_5_GB,1.99,GBP
b8428325-05da-4a26-8ef7-5e02f5cf0931,b416bebb-baf1-4085-8811-f1aa26de553d,447784810197,2026-01-04 20:32:22.000,SUB,PKG_SERVICE_5_GB,1.99,GBP
4eb8cb49-9cf9-4507-bdad-d4da085b2d81,8d8c645f-1506-4f54-8f4b-1bc0fc795b0a,447723174916,2026-01-04 20:51:03.000,SUB,PKG_SERVICE_4_GB,3.49,GBP
cd46e049-8241-48a6-8792-a9259e768eb4,ee839f6d-a73b-4846-98b6-f31f9dd8f9d9,447738868496,2026-01-04 21:14:13.000,SUB,PKG_SERVICE_4_GB,3.49,GBP
90e0c73d-b428-4480-93dc-f14dfba126b9,c2c9f298-56c1-4139-b278-76bcf6618873,447713753960,2026-01-04 21:40:47.000,SUB,PKG_SERVICE_4_GB,3.49,GBP
2b736888-b627-485e-a894-b7bcbc0d59e6,d1d7964a-228d-4802-875e-d827be064644,447761300475,2026-01-04 21:50:04.000,SUB,PKG_SERVICE_3_GB,2.99,GBP
bcfc40a3-6b91-44e7-972e-c43ad6e80946,3353d8b3-dfdb-4f12-b303-3f1297398a5f,447754777345,2026-01-04 23:26:15.000,SUB,PKG_SERVICE_3_GB,2.99,GBP
f618b97e-5f80-47ce-8b28-3e96ef71defe,13b01457-99ae-4589-9c48-5302ca3c9656,447731749637,2026-01-05 00:07:10.000,SUB,PKG_SERVICE_4_GB,3.49,GBP
026552fd-23c6-4694-8266-196e02f3882e,304ead52-174b-4848-825d-d367e7ec44fa,447754334314,2026-01-05 00:17:42.000,SUB,PKG_SERVICE_5_GB,1.99,GBP
b721b640-d7e9-4f4d-be2e-1e173bfdc709,356961a7-6599-40cf-ad4f-286507306053,447709511601,2026-01-05 01:09:18.000,SUB,PKG_SERVICE_5_GB,1.99,GBP
27e0aa94-9dea-4075-82f5-a198afd47751,a0bf9de0-538b-44dd-a982-e599f76d298e,447773502837,2026-01-05 01:12:54.000,SUB,PKG_SERVICE_5_GB,1.99,GBP
13edd2f4-e282-4078-b4b5-117deb3821e9,515880da-8859-4e34-ba88-d661ad055c86,447711784829,2026-01-05 01:26:28.000,SUB,PKG_SERVICE_4_GB,3.49,GBP
2edde894-a080-4559-8789-becee10615a8,23a395d0-da3d-4fb3-a691-f37e68fb5ade,447707143918,2026-01-05 03:52:53.000,SUB,PKG_SERVICE_4_GB,3.49,GBP
6e9f51d3-a3e4-4df3-abc8-eccc009bc176,41a1682c-4cee-4381-b6b8-589f44669968,447767195977,2026-01-05 07:04:55.000,SUB,PKG_SERVICE_4_GB,3.49,GBP
1ee10a91-48ba-4d0e-bceb-a94603a5a880,fc1b788d-d2df-4f49-b198-38417cea15fd,447742052448,2026-01-05 07:09:49.000,SUB,PKG_SERVICE_3_GB,2.99,GBP
9531cfd7-0ef9-4ee8-b047-ed76422352c8,e48a73ca-893b-434c-87b1-bcbfdd537e5d,447746024631,2026-01-05 07:41:34.000,SUB,PKG_SERVICE_5_GB,1.99,GBP
ec39a059-e710-49ee-aa3d-4f281a9900bd,fc1aee1d-8eea-40cf-96ff-0ff95d01723c,447724218451,2026-01-05 08:12:26.000,SUB,PKG_SERVICE_3_GB,2.99,GBP
c9cf874f-c93a-4ddb-9814-29f6700ad114,d27ae59e-c154-4331-a3aa-e85957d4153d,447738668446,2026-01-05 08:17:33.000,SUB,PKG_SERVICE_4_GB,3.49,GBP
2e4924a8-6ec9-4fda-a5b5-87ed87695f1d,d4576d0c-e739-471f-a825-d92e831da2e1,447714505044,2026-01-05 09:07:43.000,SUB,PKG_SERVICE_3_GB,2.99,GBP
bd366160-581d-4db6-9172-1045f0655a8d,37349a2e-5131-45e2-b0c2-04873e1d8b56,447700201545,2026-01-05 09:13:15.000,SUB,PKG_SERVICE_5_GB,1.99,GBP
289c6c84-dd99-482e-8324-2f22b7674154,b3ac9df4-71f6-4e69-9249-c087aec421b3,447703417853,2026-01-05 09:32:00.000,SUB,PKG_SERVICE_5_GB,1.99,GBP
6ba02dad-6524-4a45-a1f3-13b85d9bc02f,263f88cd-6a3a-4bab-9432-a8a2e00fa9eb,447730948051,2026-01-05 10:56:56.000,SUB,PKG_SERVICE_5_GB,1.99,GBP
d8fb966b-be64-4c6e-a5fc-b29d7a4b6a48,6bb7308c-6e4f-4121-be31-343532177819,447794013426,2026-01-05 12:20:15.000,SUB,PKG_SERVICE_4_GB,3.49,GBP
d81ad10a-d01d-494c-9b4b-c946b9191ff1,437a1836-69e1-4040-a677-deed01ec5704,447720620610,2026-01-05 12:44:28.000,SUB,PKG_SERVICE_4_GB,3.49,GBP
a232e205-2c1f-4fc0-ae41-3f8d0609a990,7e8ff938-9f0d-4f69-8873-234ce64bad1c,447739738908,2026-01-05 13:12:19.000,SUB,PKG_SERVICE_5_GB,1.99,GBP
e9128ce4-d7de-4e71-bea5-7b506e0b58a9,69630416-a158-4376-a68e-a76fd1701ba2,447746468103,2026-01-05 13:44:02.000,SUB,PKG_SERVICE_5_GB,1.99,GBP
190fd1cb-a791-4ee4-83f7-cb14515670ca,c8585f86-eeeb-428d-bae5-2764faa8e928,447733737261,2026-01-05 14:13:17.000,SUB,PKG_SERVICE_4_GB,3.49,GBP
ab4bf02d-2d93-4bcb-aaf4-c655190e8b97,d9e737cc-f1dc-4dc5-93be-0f5601875903,447769467820,2026-01-05 16:02:10.000,SUB,PKG_SERVICE_3_GB,2.99,GBP
18947e07-46a8-4ffc-adb8-3304e3b93fe1,c7591922-216f-4cc0-8e25-eadc88ddb10d,447763429680,2026-01-05 16:27:12.000,SUB,PKG_SERVICE_5_GB,1.99,GBP
d767a6f0-4268-445c-9c4b-97e9782b6676,87bae745-3d43-46a4-b604-2deb9d1f0955,447784762123,2026-01-05 17:17:27.000,SUB,PKG_SERVICE_3_GB,2.99,GBP
3ca80f81-ec1f-46f6-821b-ffd41af71279,474dcfc3-6b88-4176-87de-685fdaf0cf44,447768990816,2026-01-05 17:21:55.000,SUB,PKG_SERVICE_5_GB,1.99,GBP
51e2d00d-6508-4452-bfc5-40da0f1cfac5,98dd2e8b-99cd-4def-beb7-ce259e41d4a2,447722336353,2026-01-05 18:51:06.000,SUB,PKG_SERVICE_4_GB,3.49,GBP
6f003847-603c-4fdc-825a-d45b8731a9dd,a772712a-0b28-47c4-bba9-84b29278d2c8,447752605393,2026-01-05 18:57:14.000,SUB,PKG_SERVICE_5_GB,1.99,GBP
e5f0ee1a-79b6-4ad4-be84-7c8f6974103a,d42cf99d-20b6-4065-84a2-6a689e95d91f,447792041682,2026-01-05 21:00:15.000,SUB,PKG_SERVICE_3_GB,2.99,GBP
ef01aa8f-5b43-40db-88cd-018490dc5afe,c7725977-750d-4b82-9e8c-8ad8acc4f0ea,447753041559,2026-01-05 21:04:12.000,SUB,PKG_SERVICE_4_GB,3.49,GBP
af8e3d4f-b07a-4904-ba27-ef0eb8a34de3,aa933b8f-0b94-4ec6-b151-6740cb9a4397,447768320452,2026-01-05 21:34:53.000,SUB,PKG_SERVICE_5_GB,1.99,GBP
0a8829e9-5d02-4aa0-8058-44b1f420946f,845c1b29-aaa9-4b11-97e5-61249f88b7eb,447734891700,2026-01-05 23:11:53.000,SUB,PKG_SERVICE_3_GB,2.99,GBP
a1d32638-9d39-4fd5-a01e-8795946ebd05,d449a68e-d4b8-4477-a1ef-cb5c6aa75d77,447703742937,2026-01-05 23:21:17.000,SUB,PKG_SERVICE_4_GB,3.49,GBP
af89cd7e-9ecf-4c1a-8c16-3b0595d10be6,8b47d334-6c9e-430e-afe4-a3892c3f59de,447723502297,2026-01-06 01:54:21.000,SUB,PKG_SERVICE_5_GB,1.99,GBP
02c6c067-edc6-488d-9e4f-841d377b1f52,991fa91c-b854-450d-ae3e-1b0a85a1e78a,447707007146,2026-01-06 02:41:59.000,SUB,PKG_SERVICE_5_GB,1.99,GBP
b73fd5a9-8dc1-4639-bf7b-92cbc1e629df,609eca17-0398-48ab-849e-73532f16628d,447706763668,2026-01-06 03:20:07.000,SUB,PKG_SERVICE_3_GB,2.99,GBP
f419b0b2-5851-4f83-a711-98bd101ee502,23a67f00-e0a0-4de2-b96a-ebe8eda0d32b,447785773115,2026-01-06 03:34:48.000,SUB,PKG_SERVICE_4_GB,3.49,GBP
8b499b20-8870-444d-aacf-4d6980efb160,45aba582-e768-4a74-ae19-ffe2b3cfda43,447769633450,2026-01-06 04:29:28.000,SUB,PKG_SERVICE_4_GB,3.49,GBP
f1642cf8-00a0-4971-a319-c69832f2d38f,cc20ed75-a43a-47f4-a321-07c1b68c2eea,447744613443,2026-01-06 04:43:19.000,SUB,PKG_SERVICE_4_GB,3.49,GBP
03384ceb-a8ce-4e63-bf1a-544394f68044,10183219-6a3a-45c3-87dc-a4f3236b34d4,447790583579,2026-01-06 06:15:53.000,SUB,PKG_SERVICE_3_GB,2.99,GBP
402f8370-8b7d-4b70-911b-17682abff5a2,49bfca28-c66b-475d-8401-87575fc01f6b,447714059718,2026-01-06 07:22:19.000,SUB,PKG_SERVICE_3_GB,2.99,GBP
ce729cc8-03d7-4138-a819-e75f5892aded,93a3eb55-431b-492f-854b-239099265438,447772606687,2026-01-06 09:16:13.000,SUB,PKG_SERVICE_5_GB,1.99,GBP
3824365d-00ae-4c4a-a47c-0960782bb23f,b41faa8d-22ab-408a-8fb2-066820daf57b,447763875162,2026-01-06 09:18:40.000,SUB,PKG_SERVICE_4_GB,3.49,GBP
306bf398-2a9c-466e-ae58-5aece6cdeef7,7c5d71bf-becd-406c-b6be-26d8f39517a2,447761008495,2026-01-06 09:22:18.000,SUB,PKG_SERVICE_4_GB,3.49,GBP
a431421e-d136-426a-ab41-167989eef152,640351fa-a052-426c-b034-d51b8d7a00c9,447752540215,2026-01-06 11:12:25.000,SUB,PKG_SERVICE_5_GB,1.99,GBP
f8af298b-06dd-41bc-9b6f-40307c988439,245bfa5a-a65f-4207-a494-7cd7b4d4e7b7,447756188021,2026-01-06 11:30:05.000,SUB,PKG_SERVICE_4_GB,3.49,GBP
72543b98-6dcc-43a7-8acb-bb62ec1c50fd,831e7e42-817d-41bd-a13a-fe310494f6fa,447798836325,2026-01-06 12:14:47.000,SUB,PKG_SERVICE_4_GB,3.49,GBP
4a81f7fd-6ae0-430e-803a-dd2d3ffd9c90,8fba53a9-6f11-49fb-8741-9e911f180df9,447702435714,2026-01-06 13:09:40.000,SUB,PKG_SERVICE_5_GB,1.99,GBP
8ee98bb6-d1c8-478a-94bf-efc75b03cdc6,eafe756e-40f4-4f74-92dd-3a2047e3621c,447728776747,2026-01-06 14:09:35.000,SUB,PKG_SERVICE_4_GB,3.49,GBP
6ec60322-ef92-4374-ab7f-54c15dc353e2,ec82ce3a-022a-4967-9fbf-dff65ba9fedc,447742969254,2026-01-06 14:33:44.000,SUB,PKG_SERVICE_3_GB,2.99,GBP
99e5637e-a3c3-4c0c-b42e-bfe80b1fbd39,e9dffca6-3c2e-46f2-8b44-6143c1a781cf,447730844446,2026-01-06 14:37:54.000,SUB,PKG_SERVICE_3_GB,2.99,GBP
3c95d80e-8c97-4f19-bc3f-96d74826659c,c382bb17-ab62-4893-8485-9343783d79f1,447714150695,2026-01-06 15:13:17.000,SUB,PKG_SERVICE_4_GB,3.49,GBP
adeddbd9-e40f-4dcb-adf4-e9eca9ab1ce5,4773b8a4-5ee1-4dfb-a311-02e1fcce534e,447736314600,2026-01-06 15:35:32.000,SUB,PKG_SERVICE_5_GB,1.99,GBP
94655aa2-e45b-4e36-916b-9814b46f9869,ac11d4e4-0531-4542-9fed-17fd5093290e,447723812173,2026-01-06 17:12:06.000,SUB,PKG_SERVICE_3_GB,2.99,GBP
32d88f20-6c56-4781-ac6a-4db5c6964405,9efd3041-9698-48c4-b3f1-e46bf43fc0ac,447777571609,2026-01-06 18:38:00.000,SUB,PKG_SERVICE_5_GB,1.99,GBP
6df1c49f-3bb9-4e45-8b5e-cfb6fcc11d8e,2bfc4f93-23e5-460f-ae80-6b123e8e694f,447782185211,2026-01-07 00:40:08.000,SUB,PKG_SERVICE_4_GB,3.49,GBP
b076e16b-c173-4127-a846-f489cf1bff51,97677670-7fe3-4df7-992a-6f6a053e7433,447747118679,2026-01-07 00:42:58.000,SUB,PKG_SERVICE_5_GB,1.99,GBP
321bd531-2cb3-4586-a620-7009d9165cc7,36d18042-57ce-4b07-b029-ecba1a8e0f94,447723526521,2026-01-07 01:05:31.000,SUB,PKG_SERVICE_5_GB,1.99,GBP
f7ee098c-2672-4676-bc3f-670dca870ce4,fd7e91fd-0e69-41c1-ae0c-519fd2c3f78a,447767533171,2026-01-07 01:53:35.000,SUB,PKG_SERVICE_4_GB,3.49,GBP
e8398776-6413-4522-a549-a347a134f332,6e984087-0221-49ec-8a7d-6db46fd24a1a,447792784173,2026-01-07 04:24:30.000,SUB,PKG_SERVICE_3_GB,2.99,GBP
edc85c3a-2340-412d-a1cc-9ab95c3810f2,1a959c79-368b-40df-81da-ee4a1762f580,447709266500,2026-01-07 05:34:17.000,SUB,PKG_SERVICE_3_GB,2.99,GBP
59a52d91-3742-40cd-8262-9e2311665ca2,c00c72fe-5de0-4276-8216-7f43ca8386c9,447731387892,2026-01-07 05:46:40.000,SUB,PKG_SERVICE_4_GB,3.49,GBP
d6960b6f-0f30-4b4b-8499-14ad78fef126,a45e890b-4fbc-43f7-9757-72007ca3de66,447762427865,2026-01-07 06:33:01.000,SUB,PKG_SERVICE_5_GB,1.99,GBP
91ac412b-6ac5-4768-a7e6-8255e1a0fc5c,2e4448ad-ba17-4001-929e-6f130762b8ba,447747316875,2026-01-07 06:58:06.000,SUB,PKG_SERVICE_3_GB,2.99,GBP
16cbd4f1-8842-4f0f-b750-b9ca33dd361b,ed90dbbb-3017-4d5c-b482-3a61a5463981,447708176792,2026-01-07 07:15:06.000,SUB,PKG_SERVICE_3_GB,2.99,GBP
8700f6fa-427f-47f8-9ad9-be5402e1b88f,,447791406256,2026-01-07 08:07:35.000,UNSUB,PKG_SERVICE_4_GB,0,GBP
0387378b-6318-435c-937e-be1af86344c8,1598c20f-deec-4de4-99d2-e8c195c4a2eb,447738961793,2026-01-07 08:29:02.000,SUB,PKG_SERVICE_4_GB,3.49,GBP
21009f6c-79fe-447c-88ca-fc74b9dac746,631eeb12-49bb-48ca-9fc4-5fa5c8df0781,447702609503,2026-01-07 09:50:07.000,SUB,PKG_SERVICE_5_GB,1.99,GBP
6952c659-32fd-43c5-b1cb-68a8537cd772,8befdb17-c923-4bd0-a1e3-878e658053ad,447701724474,2026-01-07 10:53:57.000,SUB,PKG_SERVICE_4_GB,3.49,GBP
a363a6f7-8c3c-4166-8bb7-2b157e934f1c,fa6330eb-ce4a-4c2e-b4c5-30101763db18,447715691788,2026-01-07 11:09:27.000,SUB,PKG_SERVICE_4_GB,3.49,GBP
3089900d-5a26-4abf-9198-c8fe4feb2ee4,ffc0c7e6-7e44-4f3d-9a18-43c02a26cfb4,447772476795,2026-01-07 11:16:51.000,SUB,PKG_SERVICE_4_GB,3.49,GBP
fd5207b4-a4bc-47e6-a6c6-d75fa0d066f0,ca9872bc-3ace-411b-9195-a721ac33738b,447738824934,2026-01-07 11:23:01.000,SUB,PKG_SERVICE_5_GB,1.99,GBP
b207583d-d2a7-4a80-ac80-02d942c23a06,170df2f7-b02a-401a-b22b-1594bdb30e93,447734654353,2026-01-07 11:29:20.000,SUB,PKG_SERVICE_5_GB,1.99,GBP
c684d146-09b7-4f50-848c-e78165b1cf47,d85759a2-8303-4a18-b9d6-3dd3bf056479,447766342280,2026-01-07 12:39:35.000,SUB,PKG_SERVICE_5_GB,1.99,GBP
0c6344c1-dfb2-40a5-b92c-c67daa5d797a,171f833f-89e3-4a6a-a768-289ee22f7519,447752604769,2026-01-07 14:19:00.000,SUB,PKG_SERVICE_4_GB,3.49,GBP
6ea9cb9d-29c5-4905-bba7-79fc856acdad,5d0b115a-443d-435a-98a9-369ef035dfe1,447729353363,2026-01-07 15:04:25.000,SUB,PKG_SERVICE_3_GB,2.99,GBP
6cdca6a8-4075-44b9-9235-eb2ccad005b0,abe3676f-9c68-4755-aab2-1b4a99a6b9e8,447796708749,2026-01-07 15:57:58.000,SUB,PKG_SERVICE_4_GB,3.49,GBP
75f6f6e7-92bd-422e-949a-ed26c6fa5b19,84950aa5-0b5a-4c82-a64f-8da2969b057e,447748089112,2026-01-07 17:49:24.000,SUB,PKG_SERVICE_4_GB,3.49,GBP
c16e4b50-0e76-4d54-8907-ebe3e8fb37da,1c15575c-f51c-40b2-a446-1587588bcc24,447795920935,2026-01-07 18:20:55.000,SUB,PKG_SERVICE_3_GB,2.99,GBP
be968650-e01c-4782-9327-2397c7f2f5a8,abf8a43a-62da-4dca-9c1d-803ebb24bc4b,447747344466,2026-01-07 19:00:19.000,SUB,PKG_SERVICE_5_GB,1.99,GBP
12192a08-d6a8-4fb8-b49d-b09f5d1a1c0f,e7fffc1f-60e6-46bd-9c66-bd3bb153395c,447768113469,2026-01-07 19:02:29.000,SUB,PKG_SERVICE_5_GB,1.99,GBP
ba25b9f5-8223-4070-816a-d9af670cd9a3,da2f5622-92c8-4e89-a06b-4a7579251503,447713329262,2026-01-07 19:13:18.000,SUB,PKG_SERVICE_5_GB,1.99,GBP
2e6fb408-15c8-47a8-bafc-9d2a7dfb0972,61b75acc-378d-4ad5-a6f9-7d227c62a342,447709337266,2026-01-07 19:18:13.000,SUB,PKG_SERVICE_5_GB,1.99,GBP
63c92958-1023-4f03-8e3b-8cea4481e2a6,6d582253-e5c1-456d-91ce-7513cb48a663,447781792371,2026-01-07 20:46:21.000,SUB,PKG_SERVICE_3_GB,2.99,GBP
b8d4ef67-cf48-4ab4-86b5-54ef50803a61,9bca4a74-666e-4962-98fc-b2d5a21c9cc1,447788715506,2026-01-07 20:48:44.000,SUB,PKG_SERVICE_4_GB,3.49,GBP
e78d07fa-acf1-4769-9555-41efbc4ad113,160389df-61ad-4cab-8cfc-edc2b40daad7,447787645048,2026-01-07 23:38:45.000,SUB,PKG_SERVICE_4_GB,3.49,GBP
dde34224-a5cd-4b21-bb0a-4b3d3b80f64e,,447735333950,2026-01-08 00:41:35.000,REN,PKG_SERVICE_5_GB,1.99,GBP
c20b93a2-c9b8-4c73-8daa-80783160597d,,447781192063,2026-01-08 01:11:15.000,REN,PKG_SERVICE_3_GB,2.99,GBP
aeccfbe0-d3f1-4d3b-8ca9-d5a5c13baee3,fabe67f9-583e-4eef-a963-0c2c808eb057,447720584162,2026-01-08 01:20:06.000,SUB,PKG_SERVICE_4_GB,3.49,GBP
730545bb-c876-49cf-883e-f807cfeb312f,e8ff679c-55df-477b-a383-81228de7b0dc,447776501283,2026-01-08 01:38:14.000,SUB,PKG_SERVICE_3_GB,2.99,GBP
98aec47d-ac29-486b-96be-303f11513156,7ec06314-b2e0-4c9e-b6ff-73e3b034fe8f,447778109651,2026-01-08 02:14:14.000,SUB,PKG_SERVICE_3_GB,2.99,GBP
06b26cb3-dd6f-4fd9-9768-0191da397dee,3a52f30b-0e2b-4296-972e-b7fb454af106,447723433631,2026-01-08 02:32:04.000,SUB,PKG_SERVICE_4_GB,3.49,GBP
e39735e2-f6de-480f-82b1-dcf162bde016,,447745447330,2026-01-08 02:46:58.000,REN,PKG_SERVICE_3_GB,2.99,GBP
31c1ca77-ab45-4d86-a3b6-93f885035d63,,447779871063,2026-01-08 03:02:43.000,REN,PKG_SERVICE_3_GB,2.99,GBP
6a70f2f0-e719-422d-ab3b-e7989c35cd0d,76bf2204-2191-44b2-9cf3-43db7df724a5,447733352535,2026-01-08 03:45:21.000,SUB,PKG_SERVICE_4_GB,3.49,GBP
70f2555b-162c-484a-a661-79285be28ee1,1f295783-60a1-446d-9104-3284d4ea4f32,447797797505,2026-01-08 03:48:11.000,SUB,PKG_SERVICE_5_GB,1.99,GBP
38f679a2-3a19-48b4-aeb0-cc993bac5bf5,c3a227f0-0e0e-4d10-99b3-32778951a43d,447754447687,2026-01-08 03:55:38.000,SUB,PKG_SERVICE_5_GB,1.99,GBP
100060a2-9e98-4661-beba-320880657839,a1efcbfb-15c3-4bd1-94ac-7a0fcff31144,447701793071,2026-01-08 04:26:17.000,SUB,PKG_SERVICE_5_GB,1.99,GBP
06e07c5d-7cb9-44c1-a462-2621e2bce893,2ddbf030-6014-45e4-b6eb-634543ce431b,447731906151,2026-01-08 04:44:59.000,SUB,PKG_SERVICE_4_GB,3.49,GBP
2a0aea7f-8aa4-47c1-94d2-053d2dc3d06d,50ef0888-4cab-4f19-8290-9887882de145,447710803340,2026-01-08 05:13:36.000,SUB,PKG_SERVICE_4_GB,3.49,GBP
51a4e099-0a0e-42e6-ba83-201cc814ab14,2eb9da0b-b031-4cc3-a963-129de19edd32,447764804570,2026-01-08 05:16:11.000,SUB,PKG_SERVICE_5_GB,1.99,GBP
410cdf64-1416-41f2-a4aa-dfb423b7c35b,54473ba5-7d60-4c45-86b0-91e682c1232a,447762012067,2026-01-08 05:40:48.000,SUB,PKG_SERVICE_5_GB,1.99,GBP
238d9de0-9855-4dc4-aecb-3ce870dd5f9b,618d03e3-ec39-4b86-bffb-5eedd0970230,447703406267,2026-01-08 06:19:11.000,SUB,PKG_SERVICE_4_GB,3.49,GBP
5f7ad47b-cc03-45d3-9f77-cedd88d2a7e3,,447708954686,2026-01-08 06:25:43.000,REN,PKG_SERVICE_3_GB,2.99,GBP
8ea3322a-c135-4bb3-8b5e-9afb4ee312a6,,447714700338,2026-01-08 06:37:55.000,REN,PKG_SERVICE_4_GB,3.49,GBP
0b2167ff-41e0-4dac-9bd4-dd77acf75ec7,f76bf342-438b-4ee7-a6cd-efc26b839c92,447740366306,2026-01-08 06:40:57.000,SUB,PKG_SERVICE_5_GB,1.99,GBP
d00ad0b1-ff86-49c6-939e-fb420c0aed46,b34ee95f-6666-4e7c-9a91-db975739ec37,447717953701,2026-01-08 07:31:50.000,SUB,PKG_SERVICE_3_GB,2.99,GBP
8aae4bf9-a226-4a51-a2e5-40418bf5945f,,447710983796,2026-01-08 07:49:08.000,REN,PKG_SERVICE_4_GB,3.49,GBP
f8de6975-f372-44e5-9141-32d03963eda9,38a81554-9a84-4866-83bf-758121e36789,447711132580,2026-01-08 08:23:53.000,SUB,PKG_SERVICE_5_GB,1.99,GBP
10336850-5d32-4350-b6c4-89d6392c6e87,14d60112-8ca5-4626-aabb-067794b3b961,447733982048,2026-01-08 10:04:44.000,SUB,PKG_SERVICE_3_GB,2.99,GBP
4d464507-a7e0-4132-bbfd-ea70c284ee00,cde3bdc5-032b-4336-8675-1638174e444c,447790001998,2026-01-08 10:27:53.000,SUB,PKG_SERVICE_5_GB,1.99,GBP
ea4824b2-58b8-4a27-9a57-7f977bace752,ef00e63a-9714-4146-9651-e2c7091429d6,447708781915,2026-01-08 10:30:00.000,SUB,PKG_SERVICE_5_GB,1.99,GBP
d2075878-6dd9-4298-be37-89a83adc8918,,447774815065,2026-01-08 10:41:01.000,REN,PKG_SERVICE_5_GB,1.99,GBP
93c12eab-fa86-44c1-8e01-5fd2da6ac245,,447799728547,2026-01-08 10:45:44.000,REN,PKG_SERVICE_5_GB,1.99,GBP
5668b9d8-e7ec-443b-bba1-4662091f8879,,447777190704,2026-01-08 11:14:32.000,REN,PKG_SERVICE_3_GB,2.99,GBP
fea73e4a-7f7f-4a36-a1ac-556205c807f1,d3af3497-19b0-48e9-81fe-8c388989a8d7,447791559437,2026-01-08 11:17:27.000,SUB,PKG_SERVICE_3_GB,2.99,GBP
c9fd17d2-d753-484a-b1cf-d29d135f874a,,447701893240,2026-01-08 11:54:00.000,REN,PKG_SERVICE_5_GB,1.99,GBP
31048025-f0d3-49ba-b350-5a037b2e6e54,,447731377978,2026-01-08 13:24:11.000,REN,PKG_SERVICE_3_GB,2.99,GBP
ecc8ea29-888f-4771-a04b-fb7e86e43778,57376a91-701c-4918-bcd5-dabbaed57a71,447744964222,2026-01-08 13:46:18.000,SUB,PKG_SERVICE_4_GB,3.49,GBP
a6d76056-e81e-41d9-b50d-d8823bf61b46,,447713815199,2026-01-08 14:30:08.000,REN,PKG_SERVICE_3_GB,2.99,GBP
99f51184-0ef2-494f-b08b-be2c9bb45b19,,447722994633,2026-01-08 14:57:01.000,REN,PKG_SERVICE_5_GB,1.99,GBP
8460e3f7-b65e-4b24-9057-606cd0dfef0e,2e422f49-0840-4b67-afbe-749539c5646d,447795473004,2026-01-08 15:36:59.000,SUB,PKG_SERVICE_4_GB,3.49,GBP
66f70590-e7ed-4e1b-abdd-8c433ebb063c,,447758331462,2026-01-08 16:20:11.000,REN,PKG_SERVICE_3_GB,2.99,GBP
9a0755d4-1f7e-47bd-a4aa-2519dba76ca0,,447782821658,2026-01-08 16:31:36.000,UNSUB,PKG_SERVICE_4_GB,0,GBP
a694e9a0-662b-4086-be5a-1831eaeea7d5,,447755922803,2026-01-08 16:39:50.000,REN,PKG_SERVICE_3_GB,2.99,GBP
0c7c53b0-ca64-4e1b-b6ad-acd52e8a3b06,5a9f2890-ecd9-42c6-a189-284dc93d633a,447740633806,2026-01-08 16:56:50.000,SUB,PKG_SERVICE_3_GB,2.99,GBP
32254d33-30a2-41c8-a3f5-312fdc9a681f,ef97ac12-269b-450f-8ba0-20801c5108ca,447761925038,2026-01-08 17:24:59.000,SUB,PKG_SERVICE_5_GB,1.99,GBP
ccff5218-e190-4f9d-aeca-428dcf79fa09,97097a21-aa1a-443b-9254-3ace947549b5,447772517130,2026-01-08 19:35:24.000,SUB,PKG_SERVICE_4_GB,3.49,GBP
5c8328a1-17e5-4ac3-ab4a-e6bb2d9f27c0,4d79ec5d-1f58-4f78-941e-e847da5f96f8,447751380436,2026-01-08 20:52:26.000,SUB,PKG_SERVICE_4_GB,3.49,GBP
b5b9ecfa-ba70-4568-81e1-4fa98e2267da,bb34f595-a141-4821-a1ca-ac8a719f369f,447709520213,2026-01-08 20:52:54.000,SUB,PKG_SERVICE_5_GB,1.99,GBP
d9c65680-d11e-469d-9e2c-e161bc9d68b6,,447784256011,2026-01-08 21:23:51.000,REN,PKG_SERVICE_4_GB,3.49,GBP
1028ae56-d705-4833-a256-eb5e4163e6a1,,447716547150,2026-01-08 21:28:23.000,REN,PKG_SERVICE_5_GB,1.99,GBP
1645c014-2f2e-4df3-8e3e-1e4c642de87c,01d0a1de-ad35-4e26-a88a-e3dbd50aba93,447778904778,2026-01-08 22:20:24.000,SUB,PKG_SERVICE_4_GB,3.49,GBP
73b6c681-d594-4ad1-8bc8-4595446393cf,220535d0-b07a-4a78-ba75-8dbdea545626,447731965362,2026-01-08 23:06:44.000,SUB,PKG_SERVICE_3_GB,2.99,GBP
bbd551fe-bc27-4abf-8ceb-ad2fe1889945,,447736965105,2026-01-08 23:23:52.000,REN,PKG_SERVICE_3_GB,2.99,GBP
31434d78-3e46-45ed-b513-1850fe64def2,,447731198805,2026-01-08 23:57:29.000,REN,PKG_SERVICE_4_GB,3.49,GBP
21990c86-5cd0-4e66-a975-9240e27d361a,c501ea40-33c6-4626-ba7f-1e360873a7fc,447792104181,2026-01-09 00:46:05.000,SUB,PKG_SERVICE_4_GB,3.49,GBP
abc765b3-8860-48cb-926e-0b4002cb54c0,c21b5b2b-a5d9-498a-872d-6de527d991d3,447744926844,2026-01-09 00:49:10.000,SUB,PKG_SERVICE_5_GB,1.99,GBP
49b4802a-793a-489e-ad5a-fac77efa3cee,3d23e884-9312-475c-a298-ec92d5aa9336,447711931660,2026-01-09 01:02:02.000,SUB,PKG_SERVICE_5_GB,1.99,GBP
2d16c8c4-8241-45b3-9e0f-1102c540215e,,447731782545,2026-01-09 01:19:13.000,REN,PKG_SERVICE_5_GB,1.99,GBP
58e7b496-4fd2-42ff-993a-f7624609e268,,447755662575,2026-01-09 01:32:01.000,REN,PKG_SERVICE_4_GB,3.49,GBP
9c4544e6-9f92-44d8-8fb8-eeb255f6ce41,ae6a566b-0207-4d78-8244-7828b1bbcdca,447777572964,2026-01-09 01:51:41.000,SUB,PKG_SERVICE_4_GB,3.49,GBP
baeb8cde-62a0-466d-b4a3-c4b1787a4c04,c4de5d3c-7def-427e-9d3a-2e98fa14fab4,447743200855,2026-01-09 02:23:12.000,SUB,PKG_SERVICE_4_GB,3.49,GBP
695bdf71-f884-461f-a069-25889a3c0f5c,695c0e30-4b25-4f8e-851d-a76e0c681755,447702854811,2026-01-09 02:52:54.000,SUB,PKG_SERVICE_5_GB,1.99,GBP
81df29ea-5845-426a-bf66-d1525b3bdd49,f7057033-e477-4a7e-8f3c-d660aeceea7d,447702628617,2026-01-09 03:04:16.000,SUB,PKG_SERVICE_3_GB,2.99,GBP
f6248980-a320-432a-968f-b8cfd6db3ac2,,447706327772,2026-01-09 03:19:25.000,REN,PKG_SERVICE_4_GB,3.49,GBP
3585597d-5a95-4570-99e5-2801de9e6fcc,,447769916149,2026-01-09 03:35:52.000,REN,PKG_SERVICE_3_GB,2.99,GBP
68a652c1-020e-4e39-85e3-05fcb1a211d7,f36d788f-8281-44f8-a28d-1e68087336d5,447796305078,2026-01-09 04:10:06.000,SUB,PKG_SERVICE_5_GB,1.99,GBP
b4d0b6ec-f3ee-4536-b563-a70b948e5512,,447720930226,2026-01-09 04:57:39.000,REN,PKG_SERVICE_5_GB,1.99,GBP
26df4cf1-4890-4394-bf6a-f586feafc488,305bc919-632d-48ca-8fbb-75e5c65beae1,447719279640,2026-01-09 05:16:44.000,SUB,PKG_SERVICE_4_GB,3.49,GBP
9e28f14a-8f4e-4389-b510-6289224276f3,,447777171497,2026-01-09 05:18:56.000,REN,PKG_SERVICE_5_GB,1.99,GBP
e8b32670-83c8-4252-9769-08f7549de423,32f05c8d-598d-4c3c-80a1-852cf162e97c,447723834602,2026-01-09 05:50:28.000,SUB,PKG_SERVICE_3_GB,2.99,GBP
5a373639-0893-4f16-b697-a1e9c567eee5,,447792932581,2026-01-09 06:10:45.000,REN,PKG_SERVICE_3_GB,2.99,GBP
61a5861f-bae3-4123-a135-efba85353db7,4ce78aea-b981-4a4f-b665-4839254b4468,447727021596,2026-01-09 06:43:09.000,SUB,PKG_SERVICE_5_GB,1.99,GBP
e3a70c23-3b0e-4c76-b118-bfbb724c22ba,01699aa8-976e-4193-bd7e-6692b877663c,447764578762,2026-01-09 07:02:07.000,SUB,PKG_SERVICE_5_GB,1.99,GBP
8caefe98-eba7-42b9-b0d8-2311b4721ee2,8c18a8bd-e53e-4fab-9550-6da81f22a933,447738739167,2026-01-09 07:31:09.000,SUB,PKG_SERVICE_4_GB,3.49,GBP
eb448f1b-2fd2-4865-821a-24a7f000eaab,,447752506916,2026-01-09 07:35:49.000,UNSUB,PKG_SERVICE_5_GB,0,GBP
711782d8-33dd-4a81-bbcf-9ad1e0296e11,,447783037088,2026-01-09 09:24:31.000,REN,PKG_SERVICE_4_GB,3.49,GBP
1c833302-45ef-4fb3-933d-5f8409489236,,447749229659,2026-01-09 09:31:12.000,REN,PKG_SERVICE_3_GB,2.99,GBP
cab07a2a-e3f1-4419-bea4-8c5f9ae432d4,,447793595901,2026-01-09 09:47:19.000,REN,PKG_SERVICE_3_GB,2.99,GBP
0f218646-e085-49c2-a0a9-7860e59a0fc3,656ac943-5427-4456-97dd-40c8774b2a20,447761869868,2026-01-09 09:52:19.000,SUB,PKG_SERVICE_3_GB,2.99,GBP
c4f62a9c-08c9-47a3-9367-3da51b02a912,31d6c28c-a7eb-4f0f-a498-f670c8fd6a3e,447715714642,2026-01-09 10:32:40.000,SUB,PKG_SERVICE_3_GB,2.99,GBP
3336d684-53b7-4311-b7eb-27c9b5a2cbcf,,447723926138,2026-01-09 10:35:38.000,REN,PKG_SERVICE_3_GB,2.99,GBP
d37889d0-788c-4722-a3a1-dec452765c6f,b1296194-7095-41d2-bff2-c2587f865e89,447717720562,2026-01-09 10:45:21.000,SUB,PKG_SERVICE_4_GB,3.49,GBP
56e0dd7e-fdee-4f36-a551-f9745a908fba,,447727062442,2026-01-09 11:04:31.000,REN,PKG_SERVICE_4_GB,3.49,GBP
e7b9a215-5d0e-4479-9fed-6712f752cf65,,447727062442,2026-01-09 11:45:07.000,UNSUB,PKG_SERVICE_4_GB,0,GBP
d9aafeae-d1bf-44cc-976b-a31323b9ce10,ff640a0a-7a75-4cbc-873c-49838c5efc83,447750614535,2026-01-09 12:09:07.000,SUB,PKG_SERVICE_3_GB,2.99,GBP
c41f43b3-4b6e-4f96-91d8-491bc7c6ad83,,447730600539,2026-01-09 12:55:02.000,REN,PKG_SERVICE_3_GB,2.99,GBP
ef392be7-d0e4-4410-b2d4-151658dc2ede,a5a90a16-1610-4ae7-9352-2326be2e3aae,447746766312,2026-01-09 13:18:14.000,SUB,PKG_SERVICE_5_GB,1.99,GBP
d2e0e472-4c50-4ed2-bacd-fa011745e905,,447742511066,2026-01-09 14:50:39.000,REN,PKG_SERVICE_5_GB,1.99,GBP
b6c69ddb-0b10-47b4-872a-2f0090de9323,c2aa8a3d-b1aa-4df0-b965-f05a84ffdff3,447725447598,2026-01-09 15:36:04.000,SUB,PKG_SERVICE_5_GB,1.99,GBP
9458afea-1d9f-4f98-a651-99e1e7c44d45,8dd22608-a04c-4bb3-8049-536b73a9dd1d,447729248539,2026-01-09 16:37:06.000,SUB,PKG_SERVICE_3_GB,2.99,GBP
d84e92fd-5904-49ac-a861-f89903b4b812,01300b17-f664-4cf1-b731-78424c2d40e1,447748297231,2026-01-09 17:01:02.000,SUB,PKG_SERVICE_3_GB,2.99,GBP
408e3218-c05d-48f2-a0d3-be030552c6bd,3fc568de-2595-4dfe-9ced-b2782c6628ed,447790831507,2026-01-09 17:42:06.000,SUB,PKG_SERVICE_5_GB,1.99,GBP
12db9a79-93e7-4701-8d0f-c95b8cd1224b,3489fa6d-3e1d-45b2-ba1e-381b34a0bfcc,447749033221,2026-01-09 17:42:07.000,SUB,PKG_SERVICE_3_GB,2.99,GBP
ca55331a-959d-445d-9916-93ffdebeb910,f6fce8d4-2443-4ac7-ab2c-5c438a3d3518,447736450422,2026-01-09 17:50:55.000,SUB,PKG_SERVICE_4_GB,3.49,GBP
e321ad49-0a53-461d-8f2d-53a234c02f7f,a7686312-ede6-4893-8862-b21500fa45d2,447734384897,2026-01-09 18:18:29.000,SUB,PKG_SERVICE_5_GB,1.99,GBP
a3e390cb-9b9f-40d5-87c2-94e1f0f95026,4b928962-a4a0-4531-9835-5dc84b396125,447718364412,2026-01-09 18:26:01.000,SUB,PKG_SERVICE_5_GB,1.99,GBP
1b95eec3-9d4b-4ef7-9385-16898ce435a2,af9a2606-6b15-493a-aab0-1f7a77888a33,447760671875,2026-01-09 18:32:09.000,SUB,PKG_SERVICE_4_GB,3.49,GBP
7760596d-7e7b-4c58-b0ed-655a54dce7da,,447763237984,2026-01-09 19:26:06.000,REN,PKG_SERVICE_4_GB,3.49,GBP
6bd70b21-228e-4355-97aa-a62812152e2c,,447791406256,2026-01-09 19:52:21.000,REN,PKG_SERVICE_4_GB,3.49,GBP
dea6ae6c-fd32-4591-a1dc-47f4c216e280,,447712540266,2026-01-09 19:56:13.000,REN,PKG_SERVICE_3_GB,2.99,GBP
5fbc7a4b-f33b-4cce-8a4a-ec26f7a9330b,9f61d96a-9803-4d90-8ed9-67b35fcb0831,447788162568,2026-01-09 21:04:46.000,SUB,PKG_SERVICE_5_GB,1.99,GBP
92c87e00-1c5f-470c-bc4e-398e464f6399,eb292985-76df-406b-a5e7-7456f8239137,447763145218,2026-01-09 21:09:23.000,SUB,PKG_SERVICE_3_GB,2.99,GBP
0bafe0e6-e5a5-4102-aa3a-e64b1fa7e079,e435882e-b48f-476c-a4cf-7bb2f2a3e865,447705428056,2026-01-09 21:39:19.000,SUB,PKG_SERVICE_4_GB,3.49,GBP
33ff6f6c-7420-49cd-921f-791dbe534b33,20baf26c-0d2a-4dbe-9fb2-1d9aa4efe8cc,447782856735,2026-01-09 22:27:48.000,SUB,PKG_SERVICE_5_GB,1.99,GBP
789c31d8-d46d-4e10-86a4-5580a9cc1500,,447746492875,2026-01-09 22:35:24.000,REN,PKG_SERVICE_3_GB,2.99,GBP
ea137b96-bc80-4910-993e-62c1f6cc033f,2b938563-cfd5-4946-b628-0806b2a3eae9,447718016734,2026-01-09 23:22:48.000,SUB,PKG_SERVICE_4_GB,3.49,GBP
e7d62704-d0dc-4b10-b9a1-2e504a142564,0700b4c2-7c38-46ee-91de-0cd3e04ec4a5,447751372134,2026-01-09 23:26:16.000,SUB,PKG_SERVICE_3_GB,2.99,GBP
22d5b916-78e5-4f55-870b-bd4aff4c7876,9e297aa5-f111-4974-9173-a21decbc0f09,447777565391,2026-01-09 23:58:48.000,SUB,PKG_SERVICE_3_GB,2.99,GBP
d6321c0d-f511-42fa-8f6d-d42a8f487db5,0592467a-26a1-45fe-a299-c92c0fbe14ac,447775369117,2026-01-10 00:30:41.000,SUB,PKG_SERVICE_4_GB,3.49,GBP
0fcdd2de-a2e9-41e1-84a9-416a40f537a2,015572e1-d33e-4d6c-8aa2-83d479441ae1,447762363615,2026-01-10 00:46:13.000,SUB,PKG_SERVICE_5_GB,1.99,GBP
79bdfb95-0706-4a85-8495-3b2fdb594c3a,,447792025708,2026-01-10 00:48:16.000,REN,PKG_SERVICE_5_GB,1.99,GBP
e7384921-5091-4294-b80f-aa3ba4314dce,1cf3a728-e35c-4616-91d6-eb8f172fbe59,447700978095,2026-01-10 01:13:17.000,SUB,PKG_SERVICE_3_GB,2.99,GBP
84b3ecef-5344-4568-a635-e3ebfc4b38da,541aee71-75b4-42b2-a5c4-2736c13a1330,447728625435,2026-01-10 01:26:46.000,SUB,PKG_SERVICE_3_GB,2.99,GBP
b30dff3f-c627-4df5-820c-d1212b5d1caa,66c10d18-de96-4018-b739-b7447ad7bb85,447752970101,2026-01-10 01:58:04.000,SUB,PKG_SERVICE_5_GB,1.99,GBP
6cc42c82-108c-4d7e-9210-5620012f6ff3,,447745705835,2026-01-10 02:14:44.000,REN,PKG_SERVICE_5_GB,1.99,GBP
e7a87ed5-8483-4052-9b7d-0cb1209abe7c,9d7be46a-4b9a-4cde-a4df-4d64141e5aba,447728307849,2026-01-10 02:27:30.000,SUB,PKG_SERVICE_4_GB,3.49,GBP
50bd71d6-46fe-45b7-a1bb-333e0fa273ad,,447762095994,2026-01-10 03:01:15.000,REN,PKG_SERVICE_4_GB,3.49,GBP
7b43691b-373a-4edf-a108-42071456444b,284e318e-8d21-49d4-8b2e-8bc102ab78d8,447738225468,2026-01-10 03:03:13.000,SUB,PKG_SERVICE_4_GB,3.49,GBP
8ba6d1c5-d7b0-4f13-bfef-8b72b60fdcf2,b2b09083-c5fc-4822-b71c-9035f277ee37,447756913519,2026-01-10 03:17:00.000,SUB,PKG_SERVICE_5_GB,1.99,GBP
1d7609de-a7d3-4c29-a303-969bc7a40b6e,,447731736832,2026-01-10 04:41:16.000,REN,PKG_SERVICE_4_GB,3.49,GBP
37298420-128d-4680-99e0-2e55652dbe2f,,447776077119,2026-01-10 04:43:12.000,REN,PKG_SERVICE_3_GB,2.99,GBP
6e80f8d0-aebd-4d37-a51d-1e1854e44c1d,ed7bd903-c8a1-41b1-91b2-d9bf5fdbedb9,447742327973,2026-01-10 05:14:10.000,SUB,PKG_SERVICE_3_GB,2.99,GBP
1bb7660f-effc-41e9-8167-a81637da7dfc,ebc85ece-e1e8-489c-9432-92f32f9c6a12,447705854035,2026-01-10 05:34:34.000,SUB,PKG_SERVICE_5_GB,1.99,GBP
a1949f02-67c0-4a19-b730-a84067710cca,dbda8022-d1a3-4eea-a564-80c25a6e5b1c,447704812265,2026-01-10 05:57:01.000,SUB,PKG_SERVICE_3_GB,2.99,GBP
9f9906fa-ea44-4ea5-81ff-38618300bd51,,447797585566,2026-01-10 06:52:59.000,REN,PKG_SERVICE_4_GB,3.49,GBP
cc74e3fe-b8a2-43c6-b5b3-21515a9859a9,,447728653179,2026-01-10 09:13:05.000,REN,PKG_SERVICE_4_GB,3.49,GBP
87cffff6-7557-46d9-a147-d03880f5b127,2bf53593-dd74-4f10-b57f-6269f3a9f240,447777832778,2026-01-10 09:33:09.000,SUB,PKG_SERVICE_3_GB,2.99,GBP
3288c7b8-fb50-428a-a737-12bd97726873,84849b8f-378e-42cb-99a9-af3ca72ea334,447739155276,2026-01-10 13:16:33.000,SUB,PKG_SERVICE_3_GB,2.99,GBP
6e0bfa2f-9d6e-442c-86df-f086f88a29b0,edf9d6a4-459d-40c5-9232-72d235a3e8c9,447724838631,2026-01-10 13:45:24.000,SUB,PKG_SERVICE_3_GB,2.99,GBP
9a4e7c9d-ca5c-4811-8bc1-f4a3384edb6f,babda518-2905-42bb-8e50-c53fae53b878,447718997744,2026-01-10 15:34:19.000,SUB,PKG_SERVICE_5_GB,1.99,GBP
7707a3a8-9ed0-43ac-8f67-3eea9bf0a70d,,447750926778,2026-01-10 15:52:52.000,REN,PKG_SERVICE_3_GB,2.99,GBP
b150e467-6e97-4d55-9974-22388157bb15,1cccf413-9096-46d6-b4b5-374dfddfe203,447748259122,2026-01-10 15:53:17.000,SUB,PKG_SERVICE_3_GB,2.99,GBP
301dec06-ec67-433f-a45e-f75afbcb4408,,447783118097,2026-01-10 16:17:24.000,REN,PKG_SERVICE_4_GB,3.49,GBP
c55754a6-14f8-4a7a-a705-42a3e9964f0d,ec25d319-ee75-462f-ba63-df297e24df96,447756957588,2026-01-10 16:45:50.000,SUB,PKG_SERVICE_5_GB,1.99,GBP
10d69959-75fe-4927-b7f4-6e10e0ccc480,,447749389481,2026-01-10 17:09:06.000,REN,PKG_SERVICE_3_GB,2.99,GBP
99f22c3a-4f9c-46f8-9d15-bd06af3300d7,,447771816593,2026-01-10 17:14:29.000,REN,PKG_SERVICE_4_GB,3.49,GBP
6015f37e-2583-43a1-9540-4b14d4f74baa,5f120039-1d76-4d49-b203-a3a27d897089,447725621954,2026-01-10 17:23:09.000,SUB,PKG_SERVICE_5_GB,1.99,GBP
fe2b730c-9364-4e30-a9a2-b7802979c5ef,,447798429797,2026-01-10 17:43:19.000,REN,PKG_SERVICE_4_GB,3.49,GBP
d966c250-9c60-4a2f-8164-d9d80a529047,,447744970801,2026-01-10 18:46:10.000,REN,PKG_SERVICE_3_GB,2.99,GBP
1a898e9b-c34a-4528-b6ad-4757ade2b98f,c6a0f8cc-20bf-42c3-bb5b-8e46c3f8c06e,447718977763,2026-01-10 19:17:25.000,SUB,PKG_SERVICE_5_GB,1.99,GBP
efe7bb4a-9ae2-4096-a995-2c378061e70e,,447755466469,2026-01-10 20:05:13.000,REN,PKG_SERVICE_4_GB,3.49,GBP
f78dd017-eb95-4090-920f-4ad61291ef21,,447728468015,2026-01-10 20:19:15.000,REN,PKG_SERVICE_4_GB,3.49,GBP
b5f7dbc3-00bf-4c0d-aba7-89bc97bba5ef,,447782078898,2026-01-10 20:30:34.000,REN,PKG_SERVICE_4_GB,3.49,GBP
75b9d8d4-2fcb-4177-9ce5-714e51497998,dc4ae429-df60-44ba-9649-860979b484a3,447734017284,2026-01-10 21:34:54.000,SUB,PKG_SERVICE_4_GB,3.49,GBP
1c1ad6b4-3816-4d13-8c67-0c39a02de12b,,447752506916,2026-01-10 21:43:51.000,REN,PKG_SERVICE_5_GB,1.99,GBP
21d607ad-0f3e-4fac-9d6d-cdc1dac2f70e,,447731706277,2026-01-10 21:45:26.000,REN,PKG_SERVICE_3_GB,2.99,GBP
362caba4-e8a4-43b0-8318-552f05408c78,5bd5e68b-b9b3-47bd-8ddd-4d702fac9c29,447730741099,2026-01-10 21:57:05.000,SUB,PKG_SERVICE_4_GB,3.49,GBP
ce90e88d-0bf2-47d6-8a84-958887835e18,,447761821536,2026-01-10 21:57:25.000,REN,PKG_SERVICE_3_GB,2.99,GBP
006b9001-a48a-4f43-9f03-47569f7ca71e,,447721233421,2026-01-10 22:13:59.000,REN,PKG_SERVICE_3_GB,2.99,GBP
9769ebfc-2e60-4f9a-94b6-e6225aef5091,,447730875925,2026-01-10 22:17:01.000,REN,PKG_SERVICE_3_GB,2.99,GBP
958275a9-6bc7-4c74-a0e8-85173ce3d827,,447794788362,2026-01-10 22:38:14.000,REN,PKG_SERVICE_3_GB,2.99,GBP
9770fb36-b66f-46f4-a71f-58045af764bb,,447747097957,2026-01-10 22:56:05.000,REN,PKG_SERVICE_3_GB,2.99,GBP
f14c2610-c9e0-42da-a165-31398b41afb8,,447734841749,2026-01-10 23:18:53.000,REN,PKG_SERVICE_4_GB,3.49,GBP
1f182812-0499-401d-970d-4ed6ef7c5eec,4385d8e8-80b5-40c0-a841-8a6045ad3495,447796243751,2026-01-10 23:21:03.000,SUB,PKG_SERVICE_4_GB,3.49,GBP
fbde7fe2-6482-48b5-928e-a6d462c168e5,a31c0d45-7863-4cad-8a40-1205ff0b658c,447784482398,2026-01-11 00:29:33.000,SUB,PKG_SERVICE_3_GB,2.99,GBP
73d12aa6-1d1a-4628-8ac0-0dcac70baed8,9ff0d64f-e79d-4378-ae9d-6fb80a206b7b,447703829592,2026-01-11 01:25:02.000,SUB,PKG_SERVICE_4_GB,3.49,GBP
9b2bfc84-caef-4f18-ae6f-e4f6aa5f15f1,,447744780881,2026-01-11 01:55:04.000,REN,PKG_SERVICE_3_GB,2.99,GBP
4d7913fa-b8ef-4fd8-b109-7367c95070fb,,447782821658,2026-01-11 03:10:19.000,REN,PKG_SERVICE_4_GB,3.49,GBP
ee50cf27-eb7e-403b-b5f5-d37bc489f08c,c05e2718-ee95-41a2-8969-ef159d80095d,447717030102,2026-01-11 04:25:25.000,SUB,PKG_SERVICE_5_GB,1.99,GBP
b88abf84-e2ec-4c16-9bb6-ca797dea8e37,,447771202202,2026-01-11 04:27:56.000,REN,PKG_SERVICE_3_GB,2.99,GBP
0a4a07b3-e54e-4649-a3e2-b8ff37baf8b9,,447774312945,2026-01-11 04:59:48.000,REN,PKG_SERVICE_3_GB,2.99,GBP
ccab4fd6-c70d-4c02-8538-1ee5f352b256,d7faf4cb-f9c6-400b-aa82-00e167096584,447702831159,2026-01-11 05:27:10.000,SUB,PKG_SERVICE_3_GB,2.99,GBP
65fe0387-2dd1-4555-8af6-021f8418f2de,,447738257465,2026-01-11 05:31:36.000,REN,PKG_SERVICE_3_GB,2.99,GBP
028b53f7-6f0b-4935-a83c-384d41c583c9,,447702445724,2026-01-11 05:40:54.000,REN,PKG_SERVICE_5_GB,1.99,GBP
945d64cf-5142-4494-95a7-40a78842c0a0,,447701804521,2026-01-11 05:44:20.000,REN,PKG_SERVICE_3_GB,2.99,GBP
22e434b5-99d3-4536-958f-0ef3b01ac5b3,,447779473328,2026-01-11 05:58:03.000,REN,PKG_SERVICE_3_GB,2.99,GBP
dee75bd0-9f55-4e49-8b19-c42343db5978,,447739411036,2026-01-11 06:10:48.000,REN,PKG_SERVICE_5_GB,1.99,GBP
bd3e1ae9-8841-4256-9923-e4747fdb8caf,,447721715691,2026-01-11 06:23:59.000,REN,PKG_SERVICE_3_GB,2.99,GBP
523dc73a-95a8-47cd-9b22-ecbc60ca522c,7666a6b8-ecda-4d81-ab48-db2dcf0b99cc,447713002644,2026-01-11 06:37:51.000,SUB,PKG_SERVICE_3_GB,2.99,GBP
af65a832-1b14-4028-b20f-28b795445292,851a79ed-4928-4126-a569-891721545020,447781306888,2026-01-11 06:53:16.000,SUB,PKG_SERVICE_4_GB,3.49,GBP
18c79498-365a-4670-ac35-1de06f8b1b25,,447703069624,2026-01-11 07:11:16.000,REN,PKG_SERVICE_5_GB,1.99,GBP
6af863e7-aaf7-4de5-bb3d-f4407e5e6a60,,447734688884,2026-01-11 07:18:08.000,REN,PKG_SERVICE_3_GB,2.99,GBP
e1e7579e-96b9-4932-89f4-9a7a93d99827,06b5c54a-a076-4108-a8d6-aa658056ea1f,447765497987,2026-01-11 07:27:15.000,SUB,PKG_SERVICE_4_GB,3.49,GBP
54b4ab31-fe22-42ef-abd5-3e4af1878e2b,,447730480656,2026-01-11 08:16:13.000,REN,PKG_SERVICE_4_GB,3.49,GBP
9619cfd7-29dd-48f9-9062-ad41e62a0059,,447747216709,2026-01-11 08:49:45.000,REN,PKG_SERVICE_5_GB,1.99,GBP
0b93b54a-8ee3-41e8-8a30-199f33a1c759,,447709937677,2026-01-11 08:57:18.000,REN,PKG_SERVICE_3_GB,2.99,GBP
724bffb4-fbf9-48ba-8f89-9cc219991b12,5a6547ca-4988-4c30-93bd-23fa6e825026,447754486779,2026-01-11 09:07:38.000,SUB,PKG_SERVICE_3_GB,2.99,GBP
09cd37fa-19eb-4d5c-8152-237e4d1f15bc,d89e7ff4-de56-4423-ad27-9ac450440ec2,447764620428,2026-01-11 10:28:31.000,SUB,PKG_SERVICE_3_GB,2.99,GBP
3e5858ed-d4d6-48c7-8755-9676125c5687,,447749310003,2026-01-11 10:45:54.000,REN,PKG_SERVICE_3_GB,2.99,GBP
d5c58622-92eb-41b4-b02e-4959354d9aba,,447721337761,2026-01-11 11:08:00.000,REN,PKG_SERVICE_5_GB,1.99,GBP
6fb27e4c-ac6a-452b-8479-1bfcd97f540b,e9c233b5-8c30-4b9e-a4ec-0bc7399fe9ac,447798550933,2026-01-11 14:59:07.000,SUB,PKG_SERVICE_4_GB,3.49,GBP
447efe1e-5af5-4ee5-8a5f-4d9a423d3e47,,447752095363,2026-01-11 15:02:29.000,REN,PKG_SERVICE_4_GB,3.49,GBP
c45768d7-562d-4fc0-b06e-5ba783a67353,,447797145526,2026-01-11 15:21:47.000,REN,PKG_SERVICE_3_GB,2.99,GBP
59ef4075-0090-40fa-a758-5e26d997104a,06e4ae4f-d212-427a-bc81-3a2244295834,447793564900,2026-01-11 15:37:50.000,SUB,PKG_SERVICE_3_GB,2.99,GBP
c1d10841-4347-40fc-9da9-6a818cad9903,e70eb2c9-89b0-4d7a-ab7c-94fadb60b8db,447718802624,2026-01-11 15:41:44.000,SUB,PKG_SERVICE_5_GB,1.99,GBP
2f31b552-c395-4f41-a2e6-cddbe1a06fa9,,447784436892,2026-01-11 16:39:07.000,REN,PKG_SERVICE_3_GB,2.99,GBP
37088278-faa0-4705-b17d-9e13f5217316,6a61e8bd-dea6-46a0-8e24-00245264a8c7,447716945764,2026-01-11 16:57:53.000,SUB,PKG_SERVICE_4_GB,3.49,GBP
f929a6e0-4210-457b-bd26-b73a0e0d6d2c,,447788421498,2026-01-11 17:33:29.000,REN,PKG_SERVICE_4_GB,3.49,GBP
c9bd1167-5d60-4d14-a393-0b5a5e71ae95,,447759749366,2026-01-11 18:03:04.000,REN,PKG_SERVICE_5_GB,1.99,GBP
24707285-2162-4e9f-9e4d-3981bd34989f,,447737927641,2026-01-11 18:37:07.000,REN,PKG_SERVICE_5_GB,1.99,GBP
66af0216-e149-4b44-ac24-97458258ad35,,447700625362,2026-01-11 19:11:24.000,REN,PKG_SERVICE_3_GB,2.99,GBP
72017e2a-3e46-49a6-937c-929742d67808,,447735243676,2026-01-11 19:30:51.000,REN,PKG_SERVICE_4_GB,3.49,GBP
f5df6358-2939-4036-9415-f2df758f8e50,,447700851951,2026-01-11 19:36:38.000,REN,PKG_SERVICE_4_GB,3.49,GBP
3d96ca2f-91ee-4458-9cca-bcde10b84770,,447753765189,2026-01-11 20:09:42.000,REN,PKG_SERVICE_5_GB,1.99,GBP
3c87ecff-4e1c-405f-a79a-f29028c2cece,,447748154632,2026-01-11 20:16:24.000,REN,PKG_SERVICE_4_GB,3.49,GBP
92cb6826-c633-4ce5-86df-2bf3999cb40a,,447784810197,2026-01-11 20:26:42.000,REN,PKG_SERVICE_5_GB,1.99,GBP
6ec7b720-bd55-4719-a2eb-7ac0cd26cf4c,,447713753960,2026-01-11 21:06:10.000,REN,PKG_SERVICE_4_GB,3.49,GBP
b3a2cd4d-bb3e-4346-bc14-e76688384076,,447723174916,2026-01-11 21:26:27.000,REN,PKG_SERVICE_4_GB,3.49,GBP
922f4a7e-32bc-4de3-97d4-a28d4afe53d8,,447738868496,2026-01-11 21:48:38.000,REN,PKG_SERVICE_4_GB,3.49,GBP
2faef616-a61e-4527-9318-fce938f483af,,447761300475,2026-01-11 21:49:14.000,REN,PKG_SERVICE_3_GB,2.99,GBP
724ae5fc-58d4-4dcf-ae6b-90005979e010,d1c6031b-c0c1-4ebe-868b-0ae641554974,447753029666,2026-01-11 22:20:08.000,SUB,PKG_SERVICE_4_GB,3.49,GBP
b1b3f30d-4a2a-4b34-84df-885a54fbf224,,447754777345,2026-01-11 23:42:08.000,REN,PKG_SERVICE_3_GB,2.99,GBP
aec2d5a6-26f3-4676-bcd8-b63b231e1db3,,447731749637,2026-01-12 00:36:19.000,REN,PKG_SERVICE_4_GB,3.49,GBP
6f802266-c3f0-4977-9fea-a21ae80ea51e,,447754334314,2026-01-12 00:37:56.000,REN,PKG_SERVICE_5_GB,1.99,GBP
98ba8feb-2c60-4c5d-9287-37cbec2b206c,,447709511601,2026-01-12 01:08:02.000,REN,PKG_SERVICE_5_GB,1.99,GBP
99d87341-522d-4150-802b-be42ede2cd81,,447773502837,2026-01-12 01:08:26.000,REN,PKG_SERVICE_5_GB,1.99,GBP
62a42d6e-4588-4cae-b1d7-8f633d84f1c3,,447711784829,2026-01-12 02:22:47.000,REN,PKG_SERVICE_4_GB,3.49,GBP
c4144d78-ec3f-4665-92f4-6d23db4b1464,,447707143918,2026-01-12 04:34:07.000,REN,PKG_SERVICE_4_GB,3.49,GBP
6c798925-b4c8-41a3-bca9-7e7331a5b11b,4140b038-fee9-4175-91cc-1cf6fecac0b5,447703319085,2026-01-12 05:01:45.000,SUB,PKG_SERVICE_3_GB,2.99,GBP
5b53e3aa-8003-457b-b403-35a4946988dc,7deb5ff0-3372-44fc-aefe-157712332934,447714308051,2026-01-12 06:05:16.000,SUB,PKG_SERVICE_5_GB,1.99,GBP
9ee70f55-65ad-4c76-8ee1-63ed9debccf7,64de8ed8-3022-465e-8ce2-38809db6ac26,447777492742,2026-01-12 06:40:09.000,SUB,PKG_SERVICE_5_GB,1.99,GBP
8e65b1c6-27e1-48fc-82ee-7d78f3c3a847,,447742052448,2026-01-12 07:09:22.000,REN,PKG_SERVICE_3_GB,2.99,GBP
e5811549-f667-4fb0-96ae-270fc930d8ef,cf568876-96e5-4745-8197-ab2d96e1a810,447745905289,2026-01-12 07:38:54.000,SUB,PKG_SERVICE_4_GB,3.49,GBP
fba62b93-5d75-4913-a084-6851fa49120c,,447767195977,2026-01-12 07:45:48.000,REN,PKG_SERVICE_4_GB,3.49,GBP
d91324a1-dfc9-4e89-8771-a37eb5e1ae5c,,447746024631,2026-01-12 07:51:03.000,REN,PKG_SERVICE_5_GB,1.99,GBP
e34ba50e-5bb4-4a44-b1b1-a8202132238d,,447738668446,2026-01-12 07:55:01.000,REN,PKG_SERVICE_4_GB,3.49,GBP
d67282f0-2b91-4a7d-a2ea-072c118da9b2,269697d0-7a45-4844-bb41-e814809c8b47,447764799493,2026-01-12 08:01:23.000,SUB,PKG_SERVICE_3_GB,2.99,GBP
d384eed2-7771-4e0c-b134-e296960cd64f,,447724218451,2026-01-12 08:40:19.000,REN,PKG_SERVICE_3_GB,2.99,GBP
22b634ae-524e-4e5a-9bd2-db72321263e0,6ba7aa79-dd30-4d9d-9527-4e791ca097fb,447754900054,2026-01-12 08:40:52.000,SUB,PKG_SERVICE_5_GB,1.99,GBP
a898c14f-304e-4370-a9ab-986afe2f3d11,,447714505044,2026-01-12 09:02:07.000,REN,PKG_SERVICE_3_GB,2.99,GBP
81db2bd2-f0d1-4245-a59a-0f6e8e354d0a,,447700201545,2026-01-12 09:31:18.000,REN,PKG_SERVICE_5_GB,1.99,GBP
a65e5473-3c05-419b-ae15-840b286bc454,,447774312945,2026-01-12 09:53:34.000,UNSUB,PKG_SERVICE_3_GB,0,GBP
feb6cce4-e27d-40d8-a40d-63fb212310d3,,447703417853,2026-01-12 10:06:31.000,REN,PKG_SERVICE_5_GB,1.99,GBP
46abd479-f0cd-47a7-b066-cd62152ae6c0,00316186-318d-4aa8-a459-b956dd9b5403,447787249690,2026-01-12 10:25:15.000,SUB,PKG_SERVICE_4_GB,3.49,GBP
4fcd144f-be2c-43c3-9c3a-0d9ae3f5cf5d,8e9fb2d1-10b9-4673-a05a-637565bde764,447771400569,2026-01-12 10:47:20.000,SUB,PKG_SERVICE_3_GB,2.99,GBP
82d45088-ba58-42a1-a95a-4ffb5585e57a,128d237a-c3a1-4481-ae77-be21043838b0,447723727962,2026-01-12 11:07:38.000,SUB,PKG_SERVICE_3_GB,2.99,GBP
7f6ac478-f044-4bc1-91fb-731eeb24d7f2,9cbfc694-73c4-4f77-b7e8-fb72ba1ceb0b,447700777268,2026-01-12 11:08:40.000,SUB,PKG_SERVICE_5_GB,1.99,GBP
66ee502c-bd8b-43fc-8cef-18563cfacec1,41a6dd6f-6012-41cc-88f8-c165c35712d2,447758220691,2026-01-12 11:36:21.000,SUB,PKG_SERVICE_4_GB,3.49,GBP
3787ad1b-d1bf-4666-a945-9fb247e09a86,,447794013426,2026-01-12 11:39:08.000,REN,PKG_SERVICE_4_GB,3.49,GBP
6066402b-0fb1-416a-9bc9-ddfa5633629f,,447730948051,2026-01-12 11:56:16.000,REN,PKG_SERVICE_5_GB,1.99,GBP
1ae9abca-1bcb-4b51-831f-0f5a3256fe83,,447720620610,2026-01-12 12:11:47.000,REN,PKG_SERVICE_4_GB,3.49,GBP
57cba18e-9f0c-4b6b-9b19-0d5cc335ffe7,49d62866-33d7-44a7-a10e-3076d070c704,447797532520,2026-01-12 13:39:06.000,SUB,PKG_SERVICE_5_GB,1.99,GBP
062b6be8-0dc3-4e4f-a03e-85444c3d4629,8ccc511e-6c9a-4174-af7c-87d72581cb16,447765603830,2026-01-12 13:48:34.000,SUB,PKG_SERVICE_5_GB,1.99,GBP
dc7f6979-a951-4b9e-8f75-ac1beeb03e92,,447739738908,2026-01-12 14:02:35.000,REN,PKG_SERVICE_5_GB,1.99,GBP
b0c9392f-e0c6-4618-a9b0-f9d433498cfb,,447746468103,2026-01-12 14:10:27.000,REN,PKG_SERVICE_5_GB,1.99,GBP
c751dce4-0a53-4146-b0cd-2d45b82e19cd,,447733737261,2026-01-12 14:26:59.000,REN,PKG_SERVICE_4_GB,3.49,GBP
dc690700-940a-4618-97e0-94e4346b7dda,37c8664c-9a53-44b4-981b-6070eb6822fa,447755818993,2026-01-12 15:00:51.000,SUB,PKG_SERVICE_3_GB,2.99,GBP
22111ab0-827f-4a5b-a634-6630fd7619a3,ff8c3473-faa9-46f8-8f0c-c5ceffc06d2f,447791656218,2026-01-12 15:18:53.000,SUB,PKG_SERVICE_3_GB,2.99,GBP
66bde0dc-d7ab-4153-a121-2d8555f9206d,,447784762123,2026-01-12 16:18:06.000,REN,PKG_SERVICE_3_GB,2.99,GBP
afb83c1e-1c38-484c-aaca-1d8c2369ecb4,,447769467820,2026-01-12 16:35:25.000,REN,PKG_SERVICE_3_GB,2.99,GBP
cbb154b4-3b43-4417-a557-fb40db13e2f4,608f53de-41bc-47a0-8aed-ec3f15657421,447730745424,2026-01-12 16:53:44.000,SUB,PKG_SERVICE_5_GB,1.99,GBP
027781d1-5d59-46a4-ba89-bac58f5bdc4a,,447763429680,2026-01-12 16:54:17.000,REN,PKG_SERVICE_5_GB,1.99,GBP
36544014-c939-437d-a42e-20c3925c0562,,447768990816,2026-01-12 17:47:02.000,REN,PKG_SERVICE_5_GB,1.99,GBP
671b747e-2988-4d5b-9e01-df10bf7b9fd0,,447722336353,2026-01-12 18:21:53.000,REN,PKG_SERVICE_4_GB,3.49,GBP
892b303d-19c9-41b9-a09b-219e6f16f4f3,,447752605393,2026-01-12 18:26:29.000,REN,PKG_SERVICE_5_GB,1.99,GBP
6707ee36-eba0-4ac1-87b5-68187557cf6a,1f72e636-4e12-4d02-9a61-e23b20df590f,447783038562,2026-01-12 20:03:52.000,SUB,PKG_SERVICE_3_GB,2.99,GBP
41ee0204-406b-4100-a73a-d7f9e2042f3c,,447792041682,2026-01-12 20:24:20.000,REN,PKG_SERVICE_3_GB,2.99,GBP
25ef37a4-329e-4507-8408-300618a8f687,,447768320452,2026-01-12 20:54:54.000,REN,PKG_SERVICE_5_GB,1.99,GBP
ffcdaa07-077d-49c4-b278-97594494e8c4,,447753041559,2026-01-12 21:23:53.000,REN,PKG_SERVICE_4_GB,3.49,GBP
2e5acf9a-181c-41f0-81c3-e734587fa1f1,4f3765a3-9af9-4d47-83dc-68b67a335eac,447703525277,2026-01-12 22:15:10.000,SUB,PKG_SERVICE_3_GB,2.99,GBP
8e555e61-7f28-42fe-989c-72c7c717a705,c71393d0-314f-4e94-b2ae-f18db88b946e,447777727518,2026-01-12 22:45:26.000,SUB,PKG_SERVICE_4_GB,3.49,GBP
50286a2d-7e22-4e74-8426-b1b2cfc325e0,,447797145526,2026-01-12 23:16:21.000,UNSUB,PKG_SERVICE_3_GB,0,GBP
fc1a7134-6833-4e85-9ded-182e757a1126,,447703742937,2026-01-12 23:31:43.000,REN,PKG_SERVICE_4_GB,3.49,GBP
2d0f865a-bb2d-427f-8fe2-6baf9515f7db,,447748089112,2026-01-12 23:41:53.000,UNSUB,PKG_SERVICE_4_GB,0,GBP
22d8f605-ece7-42d0-a4bb-178a9ece929e,,447734891700,2026-01-13 00:04:34.000,REN,PKG_SERVICE_3_GB,2.99,GBP
8b07448a-1980-4734-ab5b-9d827bcafb2f,7ce9657f-16eb-4c3d-996f-19e8e7f352d6,447763996230,2026-01-13 00:39:56.000,SUB,PKG_SERVICE_4_GB,3.49,GBP
e01240bf-609a-4f00-aa68-dc33d3ca888c,3bcacf3a-0cda-451b-935b-e9c686f1b21f,447724484810,2026-01-13 01:49:46.000,SUB,PKG_SERVICE_3_GB,2.99,GBP
95c487d7-ae3a-4ec9-bb06-b36ebfa1b704,,447723502297,2026-01-13 02:27:35.000,REN,PKG_SERVICE_5_GB,1.99,GBP
52df3341-157c-48a2-b61d-8c362ccc14b7,,447785773115,2026-01-13 03:08:00.000,REN,PKG_SERVICE_4_GB,3.49,GBP
06916c3d-5451-41c4-8da6-d22a1fa075f0,9f3ec820-b023-4e1f-8d54-fc0385a16a22,447737745908,2026-01-13 03:26:23.000,SUB,PKG_SERVICE_4_GB,3.49,GBP
cb8e1dd0-6c89-43fa-a0d1-13c7c1c0ec05,,447707007146,2026-01-13 03:28:55.000,REN,PKG_SERVICE_5_GB,1.99,GBP
e1f9926d-cffa-4aca-a0ed-8b86d71aaf06,,447769633450,2026-01-13 03:42:14.000,REN,PKG_SERVICE_4_GB,3.49,GBP
c0d86ba2-3995-4353-a8aa-a88319e65c36,,447706763668,2026-01-13 03:50:03.000,REN,PKG_SERVICE_3_GB,2.99,GBP
7ed86c7d-48f3-49af-abf2-4cdc21ab54e8,,447744613443,2026-01-13 04:12:14.000,REN,PKG_SERVICE_4_GB,3.49,GBP
543fdf85-78c1-41ae-ba9b-4cce73b598d0,,447790583579,2026-01-13 06:15:31.000,REN,PKG_SERVICE_3_GB,2.99,GBP
4d772ddd-237e-4ab3-9c0b-55d2939fce9f,ae3d4332-8457-4eaf-9b7f-023be0e664c2,447740494936,2026-01-13 06:44:19.000,SUB,PKG_SERVICE_4_GB,3.49,GBP
5aefed50-a87b-490b-b691-2b476b5dee34,e73ec4cd-70ac-43bb-90eb-950fa23d5b89,447789028485,2026-01-13 06:48:24.000,SUB,PKG_SERVICE_5_GB,1.99,GBP
69ca628b-0936-43ae-b557-18ca98bb6baa,f2509a41-40f2-4b33-bb1a-c9a9321b3a4c,447737557155,2026-01-13 07:19:56.000,SUB,PKG_SERVICE_5_GB,1.99,GBP
da6b51fe-f86f-4088-9b93-2a5b251863a7,,447714059718,2026-01-13 08:03:07.000,REN,PKG_SERVICE_3_GB,2.99,GBP
c77b5d02-cec2-4aa8-a6fc-e91e57b4c8a3,,447763875162,2026-01-13 08:34:00.000,REN,PKG_SERVICE_4_GB,3.49,GBP
66376795-9b46-42d0-9aba-344ed8a9529b,,447761008495,2026-01-13 08:38:06.000,REN,PKG_SERVICE_4_GB,3.49,GBP
b6fb405d-1a37-48f7-b6d0-4b30abb62e8b,7df5fc7d-856a-4811-bf09-47b5b8ef41af,447793117389,2026-01-13 09:31:33.000,SUB,PKG_SERVICE_5_GB,1.99,GBP
fc9f6699-c551-48fc-9643-c418c2225ba6,,447772606687,2026-01-13 10:05:06.000,REN,PKG_SERVICE_5_GB,1.99,GBP
97dce301-2dcd-4d97-9eda-59e6386e6886,0ae713d7-ef38-4bee-8897-7c07287e1afc,447742304621,2026-01-13 10:07:25.000,SUB,PKG_SERVICE_4_GB,3.49,GBP
64baeded-ffec-46bf-bd58-64747cafafea,65ade064-f2e7-4078-b449-4d3910ad4afa,447742311711,2026-01-13 11:22:14.000,SUB,PKG_SERVICE_5_GB,1.99,GBP
a39fda9a-edc6-4fda-9295-a2af899c9b07,7fe88960-2158-4ce1-ab95-b97ab43b79a5,447753359795,2026-01-13 11:52:15.000,SUB,PKG_SERVICE_5_GB,1.99,GBP
201452fa-6e44-43f7-971c-6dbf3b536053,,447752540215,2026-01-13 12:11:32.000,REN,PKG_SERVICE_5_GB,1.99,GBP
4552d588-7ae8-4708-9661-2ebadb1295fb,,447756188021,2026-01-13 12:28:23.000,REN,PKG_SERVICE_4_GB,3.49,GBP
e02132ea-84d6-46f3-86ec-6274c730ec8a,e6283076-c1a8-4e48-88ee-c42dd81a9aac,447734841640,2026-01-13 12:32:57.000,SUB,PKG_SERVICE_5_GB,1.99,GBP
51861c1b-4214-497f-b564-c7a329a1b93b,,447798836325,2026-01-13 12:50:29.000,REN,PKG_SERVICE_4_GB,3.49,GBP
ab6c2816-1ab4-4fb3-8c36-ab977abd15e8,,447728776747,2026-01-13 13:26:03.000,REN,PKG_SERVICE_4_GB,3.49,GBP
3a75cf69-58fe-4ef7-8ded-d58580c764ee,,447702435714,2026-01-13 13:52:14.000,REN,PKG_SERVICE_5_GB,1.99,GBP
3d36cff9-788e-45b0-be45-8faf699e9b00,,447730844446,2026-01-13 14:03:53.000,REN,PKG_SERVICE_3_GB,2.99,GBP
a6bd8958-3400-4cab-80e2-8a14b0474509,f6d58f60-bfcd-4363-9566-0efbf2ba9a4d,447777023413,2026-01-13 14:41:13.000,SUB,PKG_SERVICE_3_GB,2.99,GBP
b066b4ad-8613-42a3-b812-77b5714de607,b926d171-13a3-47c4-9813-d69696930bd6,447704242335,2026-01-13 14:50:07.000,SUB,PKG_SERVICE_4_GB,3.49,GBP
fce550a7-de1f-429b-9aa5-23b235603654,,447736314600,2026-01-13 14:50:19.000,REN,PKG_SERVICE_5_GB,1.99,GBP
bdcbe077-8d95-46d6-85ff-b9d381cbd5ac,d30c4d0a-8368-42a7-8b1f-97946479a706,447724360444,2026-01-13 15:05:35.000,SUB,PKG_SERVICE_4_GB,3.49,GBP
9c99bc9d-47eb-41e0-8eab-133a813901fe,,447742969254,2026-01-13 15:24:10.000,REN,PKG_SERVICE_3_GB,2.99,GBP
22754cbe-02e3-4a42-8f61-e445f807dcba,,447714150695,2026-01-13 15:53:43.000,REN,PKG_SERVICE_4_GB,3.49,GBP
64cf3c59-469a-4ad5-b466-db048199c050,,447762012067,2026-01-13 16:04:56.000,UNSUB,PKG_SERVICE_5_GB,0,GBP
960020cd-4c7b-4931-be42-c77392a0cbbb,d79a88c3-5098-408a-baba-e601588644fa,447726884441,2026-01-13 16:23:53.000,SUB,PKG_SERVICE_3_GB,2.99,GBP
7d0b0eb2-ee17-40bc-be8e-4a88d15df467,,447723812173,2026-01-13 17:23:48.000,REN,PKG_SERVICE_3_GB,2.99,GBP
a1639c0b-70ca-44c1-b072-e4dd0edcd41f,,447777571609,2026-01-13 18:35:16.000,REN,PKG_SERVICE_5_GB,1.99,GBP
3717a8e8-e43c-4732-8620-0d11e129267f,3c4a3318-73be-437c-b6d5-a285323e8aae,447753836617,2026-01-13 18:54:40.000,SUB,PKG_SERVICE_5_GB,1.99,GBP
d582a448-3c6b-4747-b3c8-bc0373d73e72,527b891e-797d-49c6-951f-c88f90f1be76,447794617202,2026-01-13 18:56:59.000,SUB,PKG_SERVICE_4_GB,3.49,GBP
7f233d2f-6a61-4b83-9195-87f6583d3b14,f62a4546-740a-4cb8-ab51-fc7076698d96,447740530826,2026-01-13 18:57:27.000,SUB,PKG_SERVICE_4_GB,3.49,GBP
0497ec1a-db48-43c4-9def-79df6b4f5118,e4fc92b1-bb0f-40e2-8078-dbd7ea5eb777,447758082081,2026-01-13 19:15:56.000,SUB,PKG_SERVICE_4_GB,3.49,GBP
8728a5fe-f43b-450b-99c3-c6baee37943a,47acc73b-df04-4fbd-89ee-4365ac37fbd8,447740068214,2026-01-13 20:16:30.000,SUB,PKG_SERVICE_3_GB,2.99,GBP
2b480a86-3f08-46e1-9f38-bf06f5bdb73b,,447784762123,2026-01-13 23:28:54.000,UNSUB,PKG_SERVICE_3_GB,0,GBP
acc0586d-645b-4a07-ab6e-f36639b91b3f,7437198b-3f6d-4eb2-bce8-4c54a05270f9,447778796992,2026-01-13 23:33:13.000,SUB,PKG_SERVICE_3_GB,2.99,GBP
aa689b16-87e3-4157-9ae3-300073264901,,447747118679,2026-01-13 23:57:24.000,REN,PKG_SERVICE_5_GB,1.99,GBP
98b91f1d-a1a7-483f-b79f-02e475c32cd7,,447782185211,2026-01-14 00:17:20.000,REN,PKG_SERVICE_4_GB,3.49,GBP
1817fdf0-742f-4317-a6c2-2c85c3f6e099,,447723526521,2026-01-14 01:08:14.000,REN,PKG_SERVICE_5_GB,1.99,GBP
b4ae3bfa-3456-4fbd-8872-1ac4afedf3ae,,447711784829,2026-01-14 01:23:56.000,UNSUB,PKG_SERVICE_4_GB,0,GBP
aef11281-419f-47ab-aac1-1db25b28ca2a,b5897cca-a6a6-4711-9cd6-e8a0980b76b9,447763543929,2026-01-14 01:38:25.000,SUB,PKG_SERVICE_5_GB,1.99,GBP
111817ef-6650-487e-9b0a-993a285d5d97,6e9562de-d132-4f7b-8e7e-d5372ffeadbd,447798455403,2026-01-14 02:22:00.000,SUB,PKG_SERVICE_4_GB,3.49,GBP
15d39a1f-9b1e-4de2-9e3b-9c032d79b085,d186adbe-fc3e-48dd-8a3b-429694151967,447781804256,2026-01-14 02:33:42.000,SUB,PKG_SERVICE_4_GB,3.49,GBP
3c466544-a939-408b-8a86-60b9d05d4792,,447767533171,2026-01-14 02:50:13.000,REN,PKG_SERVICE_4_GB,3.49,GBP
232a1b5a-8bfe-4fee-9bbf-65db7e32288a,0e701f48-461c-40b5-b056-faedf98f3554,447700435927,2026-01-14 03:05:57.000,SUB,PKG_SERVICE_3_GB,2.99,GBP
ee44dd51-9de7-445a-9694-0301ed1ab033,,447792784173,2026-01-14 03:40:09.000,REN,PKG_SERVICE_3_GB,2.99,GBP
46e83bc6-db30-4a70-b142-26635b5d14c1,9d71d7c7-6f4f-404d-9354-2985c6dab943,447715386858,2026-01-14 03:51:20.000,SUB,PKG_SERVICE_3_GB,2.99,GBP
de269668-bd29-4ac3-81c4-e724de761559,dcea3ca8-e0b3-4815-a24f-1e5fbf61e43d,447746670189,2026-01-14 04:04:24.000,SUB,PKG_SERVICE_3_GB,2.99,GBP
1c640968-5806-4a00-8ada-9f488529ab03,f970e3a9-f15c-4043-a748-40b14bf9151a,447769757952,2026-01-14 04:10:29.000,SUB,PKG_SERVICE_4_GB,3.49,GBP
ff47297e-e317-42c2-a752-98cd3c297c45,,447709266500,2026-01-14 05:04:32.000,REN,PKG_SERVICE_3_GB,2.99,GBP
4b2dab43-f6b7-43d0-9188-3648f9441f48,,447762427865,2026-01-14 05:47:58.000,REN,PKG_SERVICE_5_GB,1.99,GBP
8e24a1dc-baf9-4e72-9d86-814b60307811,,447731387892,2026-01-14 05:49:44.000,REN,PKG_SERVICE_4_GB,3.49,GBP
8165210a-c5d1-4187-a744-48bbef366ec9,7999a662-f804-414b-9abe-8459f56383a1,447759577715,2026-01-14 06:33:21.000,SUB,PKG_SERVICE_4_GB,3.49,GBP
795c4291-99f4-4e2d-8c5d-66a4284d886b,2ff7b0fb-d0b7-49f9-9b1b-c5e15a370283,447716395343,2026-01-14 06:34:27.000,SUB,PKG_SERVICE_5_GB,1.99,GBP
390c455a-be5e-42ef-9617-e02c9e7c50a2,,447708176792,2026-01-14 06:46:48.000,REN,PKG_SERVICE_3_GB,2.99,GBP
9a992c76-9b05-4911-8bb5-e72bd473556c,,447747316875,2026-01-14 06:51:54.000,REN,PKG_SERVICE_3_GB,2.99,GBP
dd989609-afdd-4fe4-84fe-3fb453bbbe1b,45dbfe97-e467-4fea-a444-6321733909df,447767303509,2026-01-14 08:10:30.000,SUB,PKG_SERVICE_5_GB,1.99,GBP
65c46e98-dbea-4d99-9e56-3c1f6b157215,04788a55-619e-40ab-8bad-9774c3039c67,447791736548,2026-01-14 08:14:41.000,SUB,PKG_SERVICE_4_GB,3.49,GBP
4707a7ad-a743-43f1-8039-c5757e6e54d4,e4f50ce9-41d5-481e-b563-8ca5f38e2e57,447703970588,2026-01-14 08:45:17.000,SUB,PKG_SERVICE_4_GB,3.49,GBP
105764f6-ecef-4849-b9a7-f35eaa948c9f,,447738961793,2026-01-14 08:52:53.000,REN,PKG_SERVICE_4_GB,3.49,GBP
e6f7b3f6-665b-4bfc-9be9-eea824d95950,ce394c7a-a1e5-424d-afe9-bc9fbed29a7e,447789593072,2026-01-14 10:17:31.000,SUB,PKG_SERVICE_5_GB,1.99,GBP
8d95c074-dc0f-4761-953b-a949709511c8,251d2f3b-6512-49ad-ae2a-dffa907af288,447744955777,2026-01-14 10:23:13.000,SUB,PKG_SERVICE_4_GB,3.49,GBP
92ff8204-8005-42e5-ab4c-3092a6230d93,,447702609503,2026-01-14 10:33:21.000,REN,PKG_SERVICE_5_GB,1.99,GBP
7bcfc622-6776-473d-99de-e904eaab7c63,,447738824934,2026-01-14 10:35:05.000,REN,PKG_SERVICE_5_GB,1.99,GBP
21633482-51e8-4fa9-94d6-4e0cf0bee85b,9df4241b-e7a7-46e1-aec2-75186b761952,447790729706,2026-01-14 10:38:51.000,SUB,PKG_SERVICE_3_GB,2.99,GBP
729c8b7e-bd6f-4a2e-a61a-975b1a601da1,9d289499-c383-4c4d-ab3d-ee7b79c9609e,447706183383,2026-01-14 10:44:35.000,SUB,PKG_SERVICE_5_GB,1.99,GBP
6e334a01-464f-4c47-9ef9-e7df7247e5b7,,447772476795,2026-01-14 10:45:13.000,REN,PKG_SERVICE_4_GB,3.49,GBP
25e1bc2f-de4b-4c97-a81a-c79ecc255451,,447701724474,2026-01-14 10:59:46.000,REN,PKG_SERVICE_4_GB,3.49,GBP
089fe17d-6dbe-4409-af31-87a13f5cdd2c,277632f6-9fee-4f1f-b35d-5ecd9396699b,447748306140,2026-01-14 11:03:23.000,SUB,PKG_SERVICE_4_GB,3.49,GBP
ebb06521-d6fd-4603-9119-86ce1c163992,,447734654353,2026-01-14 11:05:31.000,REN,PKG_SERVICE_5_GB,1.99,GBP
f1c516d3-0a01-405a-be6a-017c2b963288,cec4a2d8-e0f7-410d-a1aa-6dbf47321a95,447783616818,2026-01-14 11:13:15.000,SUB,PKG_SERVICE_3_GB,2.99,GBP
23571782-c3a7-4412-bbbd-bf570766d684,,447715691788,2026-01-14 11:49:27.000,REN,PKG_SERVICE_4_GB,3.49,GBP
b586a552-51b7-4f26-9e8c-9e4347e91112,a42171a1-b868-49e1-adfa-098c7e2630d6,447723585155,2026-01-14 12:02:02.000,SUB,PKG_SERVICE_4_GB,3.49,GBP
f6fc5296-f99e-4e46-a152-d29f6dca7fa8,361693fc-2150-4bdf-8443-35c29cdb7a68,447780833452,2026-01-14 12:09:04.000,SUB,PKG_SERVICE_3_GB,2.99,GBP
9e754393-d5bc-45c8-b622-09fcb17e95e2,,447766342280,2026-01-14 12:18:10.000,REN,PKG_SERVICE_5_GB,1.99,GBP
5b11709b-c3c6-41e6-bff0-1fa10e07805e,90026793-c47d-4271-bdb2-bf4f0ab2fd02,447718688075,2026-01-14 12:37:46.000,SUB,PKG_SERVICE_4_GB,3.49,GBP
0b292bce-29e0-4264-9d70-a5b0252e24cf,ea03547d-7521-464f-8721-7ed0b2c6cc24,447769561185,2026-01-14 14:04:20.000,SUB,PKG_SERVICE_4_GB,3.49,GBP
f7099290-2649-4f12-a211-a2e43daf10e6,,447752604769,2026-01-14 14:36:36.000,REN,PKG_SERVICE_4_GB,3.49,GBP
9a998a43-4583-47e0-9ab9-52140a18a2b6,55d0bfd4-95ce-4572-b744-db68e0884a00,447758042832,2026-01-14 14:38:09.000,SUB,PKG_SERVICE_4_GB,3.49,GBP
81b6c0d8-e74d-4324-a28b-29593a1b3496,,447729353363,2026-01-14 15:27:36.000,REN,PKG_SERVICE_3_GB,2.99,GBP
4645a990-8535-4f0b-bf11-8c585fa5903c,,447796708749,2026-01-14 16:12:19.000,REN,PKG_SERVICE_4_GB,3.49,GBP
1c487807-570c-493a-b19a-634cb99e0170,3020b13a-329e-47b7-a5ca-37bbffc57d47,447757798439,2026-01-14 17:23:46.000,SUB,PKG_SERVICE_5_GB,1.99,GBP
cdd5cc0a-8ad5-4b0f-93f2-320a85dfd00b,,447748089112,2026-01-14 17:57:42.000,REN,PKG_SERVICE_4_GB,3.49,GBP
d68ebd04-26ee-4153-876e-92efabe9d4e0,,447795920935,2026-01-14 18:20:13.000,REN,PKG_SERVICE_3_GB,2.99,GBP
fb38e358-24a2-4ff7-8a38-3bee297ca37d,,447768113469,2026-01-14 18:33:51.000,REN,PKG_SERVICE_5_GB,1.99,GBP
db1772c4-18c4-4b41-821e-6bc700dad1a6,,447747344466,2026-01-14 19:23:18.000,REN,PKG_SERVICE_5_GB,1.99,GBP
ae8ec6b6-3183-429e-a081-4f4a7a796bd3,,447713329262,2026-01-14 19:48:29.000,REN,PKG_SERVICE_5_GB,1.99,GBP
c4ccd337-a6e8-440c-ad97-1fe2e19a2b21,,447709337266,2026-01-14 20:02:14.000,REN,PKG_SERVICE_5_GB,1.99,GBP
52c4f495-5446-4db3-9df6-9013bb2fe265,,447709520213,2026-01-14 20:16:19.000,UNSUB,PKG_SERVICE_5_GB,0,GBP
b18e4ae8-9623-490a-9e34-61bd846e7082,,447788715506,2026-01-14 20:16:53.000,REN,PKG_SERVICE_4_GB,3.49,GBP
b6723a3e-38f0-44c5-ae64-a5846fab0808,c56a6903-e9ba-407e-a64c-ceca90417515,447705924829,2026-01-14 20:24:00.000,SUB,PKG_SERVICE_4_GB,3.49,GBP
1aa856d2-e206-4b99-bbf2-b0f7d6c5f6c4,,447781792371,2026-01-14 20:34:10.000,REN,PKG_SERVICE_3_GB,2.99,GBP
9cbd439e-b4ae-4f2c-a8f8-b599e88eb8eb,0cbe7aff-c5ce-42bf-9099-b64ac10ee055,447798423833,2026-01-14 23:10:14.000,SUB,PKG_SERVICE_5_GB,1.99,GBP
96bc8083-bccb-45f3-b5de-c95ef1076b6f,657c6291-d673-42a9-994d-abe377096b90,447728080250,2026-01-14 23:38:47.000,SUB,PKG_SERVICE_5_GB,1.99,GBP
5271b3e6-dc63-4e41-9615-090674f4ab20,f1d19e51-e184-445a-a6e0-474408e118ce,447750744027,2026-01-15 00:05:50.000,SUB,PKG_SERVICE_4_GB,3.49,GBP
eb8075ef-ed5e-482a-b327-f44fca22e5dc,,447787645048,2026-01-15 00:19:16.000,REN,PKG_SERVICE_4_GB,3.49,GBP
0fecf923-9699-4683-ab09-5bb089b160d7,,447781192063,2026-01-15 00:48:48.000,REN,PKG_SERVICE_3_GB,2.99,GBP
ee135329-0ede-4512-b9cd-ed26fd8cd01f,,447778109651,2026-01-15 01:21:40.000,REN,PKG_SERVICE_3_GB,2.99,GBP
db4c1b61-1ea7-4a43-81ea-5459bd38401a,,447735333950,2026-01-15 01:29:09.000,REN,PKG_SERVICE_5_GB,1.99,GBP
758a84b1-02af-4379-b834-92f324ccbfc1,,447776501283,2026-01-15 01:29:11.000,REN,PKG_SERVICE_3_GB,2.99,GBP
23fd5b3d-d595-489f-98a7-1aa148012e8e,,447745447330,2026-01-15 01:35:21.000,REN,PKG_SERVICE_3_GB,2.99,GBP
7f40f657-e6f5-41eb-8cb0-fde08bcced30,,447720584162,2026-01-15 01:58:38.000,REN,PKG_SERVICE_4_GB,3.49,GBP
da6470c0-8ed9-499c-8bd2-8a6bb5e2dc5b,,447723433631,2026-01-15 02:56:20.000,REN,PKG_SERVICE_4_GB,3.49,GBP
23c44a54-0f61-4460-9c44-e26b4d7c3c8f,,447797797505,2026-01-15 03:05:45.000,REN,PKG_SERVICE_5_GB,1.99,GBP
d0e6f8a9-6d1a-4e11-b767-ee8ceb5fccb0,aa785db0-f88d-4dbd-a66b-385d040c212c,447714983497,2026-01-15 03:15:24.000,SUB,PKG_SERVICE_5_GB,1.99,GBP
89680f95-1e46-46a3-91b5-acb9a68faaa9,,447701793071,2026-01-15 04:09:35.000,REN,PKG_SERVICE_5_GB,1.99,GBP
5d65f730-4151-4e3f-9fc2-29f9988eb4f7,,447754447687,2026-01-15 04:28:07.000,REN,PKG_SERVICE_5_GB,1.99,GBP
a34b00df-935c-4650-8012-d1100c0f94f2,,447733352535,2026-01-15 04:29:50.000,REN,PKG_SERVICE_4_GB,3.49,GBP
f03de653-1255-4bc4-bfbc-e97515f28fda,,447731906151,2026-01-15 05:16:02.000,REN,PKG_SERVICE_4_GB,3.49,GBP
6519ffd6-06c0-44fe-93bd-277123490ccd,,447710803340,2026-01-15 05:27:48.000,REN,PKG_SERVICE_4_GB,3.49,GBP
f165bb59-2b1c-4e68-b4fc-5b3b2df08d4a,,447703406267,2026-01-15 05:30:05.000,REN,PKG_SERVICE_4_GB,3.49,GBP
0c2a668c-9a00-4fff-b611-e2ae510cf9a9,,447762012067,2026-01-15 05:34:04.000,REN,PKG_SERVICE_5_GB,1.99,GBP
d7d72d5f-0934-453f-9247-2868181f2fc4,,447764804570,2026-01-15 05:39:18.000,REN,PKG_SERVICE_5_GB,1.99,GBP
31754f56-e135-4baa-89bd-bcddd3ed3a8b,8bcf1ea6-5839-4bd2-86f8-7056f33f0fe0,447770394905,2026-01-15 05:56:25.000,SUB,PKG_SERVICE_4_GB,3.49,GBP
a847d194-3492-4a3c-965d-27e1d6ec481d,988ad21c-c07c-4ff0-9833-6f0b99d9c1f7,447773081315,2026-01-15 06:49:04.000,SUB,PKG_SERVICE_4_GB,3.49,GBP
bc63cd67-83ea-4a74-a5e8-3dae392f8f71,,447740366306,2026-01-15 06:58:51.000,REN,PKG_SERVICE_5_GB,1.99,GBP
203d8cbc-85be-482a-a4c1-3482026aa403,,447717953701,2026-01-15 07:03:47.000,REN,PKG_SERVICE_3_GB,2.99,GBP
092675fc-7d6f-4218-a278-a402fdbacac2,3a2bf0a6-300a-4015-af89-3be92a21afe1,447755537003,2026-01-15 07:08:10.000,SUB,PKG_SERVICE_4_GB,3.49,GBP
25691659-c395-4d45-9acd-76d392848572,,447710983796,2026-01-15 07:10:17.000,REN,PKG_SERVICE_4_GB,3.49,GBP
82773a81-8b04-4182-845c-b731480cb64a,,447714700338,2026-01-15 07:19:38.000,REN,PKG_SERVICE_4_GB,3.49,GBP
f97e9abc-6b25-425a-b9a5-7bc3b455b6e5,,447711132580,2026-01-15 07:49:44.000,REN,PKG_SERVICE_5_GB,1.99,GBP
c5dc1466-7b83-40f8-be7a-8060914535dd,9c76b4ba-bb04-4285-8ffa-5cbdf66e19ca,447794104685,2026-01-15 08:03:00.000,SUB,PKG_SERVICE_4_GB,3.49,GBP
f3027904-7184-43f0-9ebc-71f5fcf8adfa,fef9f5c6-b5b9-4c96-a908-fc5d080bb703,447783082440,2026-01-15 08:24:21.000,SUB,PKG_SERVICE_3_GB,2.99,GBP
5f297b61-ba91-4072-8278-9c65a1ec1daa,,447733982048,2026-01-15 10:09:31.000,REN,PKG_SERVICE_3_GB,2.99,GBP
6e9365b3-d8fc-4d63-8349-7cd77c2d06af,,447790001998,2026-01-15 10:19:01.000,REN,PKG_SERVICE_5_GB,1.99,GBP
42c3b552-ae1e-4ee0-9323-2e60fb7e752f,fca94ec0-284d-4a82-9627-aa46bb84b50b,447707603812,2026-01-15 10:52:00.000,SUB,PKG_SERVICE_4_GB,3.49,GBP
3b5ffa2b-944a-4fac-b441-e081dea4bdda,,447708781915,2026-01-15 11:01:56.000,REN,PKG_SERVICE_5_GB,1.99,GBP
2cb11d04-4c56-47ef-8565-07433593a677,,447799728547,2026-01-15 11:32:50.000,REN,PKG_SERVICE_5_GB,1.99,GBP
f956ad85-77c3-453c-ae3a-e1eef79d5f89,ad9e825c-7ebe-413a-804f-668deaa9c79a,447772089727,2026-01-15 11:51:20.000,SUB,PKG_SERVICE_4_GB,3.49,GBP
dd115183-8e99-4d89-ac5a-87ab1b61af2f,,447791559437,2026-01-15 12:02:05.000,REN,PKG_SERVICE_3_GB,2.99,GBP
3d85c276-1056-46e8-8c83-da5616f17832,c1585d3a-ad86-49ae-9759-b6174cb5abe5,447726962210,2026-01-15 12:35:26.000,SUB,PKG_SERVICE_4_GB,3.49,GBP
433e8f92-d6ba-4f5d-998a-15fb178d7a51,,447731377978,2026-01-15 12:45:19.000,REN,PKG_SERVICE_3_GB,2.99,GBP
1112dec1-e2cc-4354-9a9b-ce5deb4e9300,4e8fa5f6-466d-468c-ba7c-d940d962d335,447766346709,2026-01-15 12:48:29.000,SUB,PKG_SERVICE_3_GB,2.99,GBP
73d8e16e-9734-4eae-8a80-99f1d46f86d9,,447744964222,2026-01-15 13:12:51.000,REN,PKG_SERVICE_4_GB,3.49,GBP
71fd9efc-7daf-45eb-8282-f5a66dc9073f,,447713815199,2026-01-15 13:43:45.000,REN,PKG_SERVICE_3_GB,2.99,GBP
6682493b-ec5b-4a83-93e6-64f1b34217c0,,447722994633,2026-01-15 14:00:03.000,REN,PKG_SERVICE_5_GB,1.99,GBP
18ffde0e-fc7c-451e-93ff-ef6932af7af3,4903e00e-8e88-47a8-93d6-1cc90582f39b,447743768865,2026-01-15 14:24:37.000,SUB,PKG_SERVICE_4_GB,3.49,GBP
79833a01-cb6f-4ff3-8f5e-1668da63bc7a,,447755922803,2026-01-15 15:40:05.000,REN,PKG_SERVICE_3_GB,2.99,GBP
68f4cdda-d49c-4588-8f1b-9d5ebf375d79,,447795473004,2026-01-15 16:03:40.000,REN,PKG_SERVICE_4_GB,3.49,GBP
0ee0749e-a6e6-4a9b-abda-76b04d853d7f,730ccc88-227c-4dbd-992c-1db8eba6492a,447797186707,2026-01-15 16:46:17.000,SUB,PKG_SERVICE_4_GB,3.49,GBP
f8e0839c-ad13-40a8-a372-fd51503b8587,,447748297231,2026-01-15 16:57:49.000,UNSUB,PKG_SERVICE_3_GB,0,GBP
cd4e45bf-1265-4c2f-ae6b-dd38717c8f57,,447758331462,2026-01-15 17:03:54.000,REN,PKG_SERVICE_3_GB,2.99,GBP
61c77fa6-1b35-4907-914a-05bdcae998cb,,447740633806,2026-01-15 17:44:51.000,REN,PKG_SERVICE_3_GB,2.99,GBP
a5da6a2a-fdf1-4111-931f-7723bd89fcb0,bc3c2a3b-f4d6-4c20-8806-edcb55fbd27d,447730313223,2026-01-15 17:48:05.000,SUB,PKG_SERVICE_5_GB,1.99,GBP
077060b0-6117-4388-9df1-646480437ab3,99f22767-cae4-4531-970e-6cffc8709447,447732150705,2026-01-15 17:50:19.000,SUB,PKG_SERVICE_5_GB,1.99,GBP
fb68159e-674c-45a4-b253-767fb34da710,,447761925038,2026-01-15 17:58:03.000,REN,PKG_SERVICE_5_GB,1.99,GBP
1d2d31d8-9865-4ed9-80d1-eac3d387fc14,,447772517130,2026-01-15 19:14:07.000,REN,PKG_SERVICE_4_GB,3.49,GBP
dc0e3485-c0bc-4ee5-babf-bbe733e29d05,,447709520213,2026-01-15 20:42:34.000,REN,PKG_SERVICE_5_GB,1.99,GBP
d11572b0-5c51-4141-a50c-f632238ef080,,447751380436,2026-01-15 20:47:10.000,REN,PKG_SERVICE_4_GB,3.49,GBP
6d01e6f8-2767-4cef-8b04-bc3dc0be7855,ffe5cf29-d37f-4ad2-8f07-33d3318d7f1f,447733519886,2026-01-15 20:54:35.000,SUB,PKG_SERVICE_3_GB,2.99,GBP
6c312cc8-db59-427e-b627-fe556aa1c6ab,,447778904778,2026-01-15 21:26:33.000,REN,PKG_SERVICE_4_GB,3.49,GBP
8c2c60ec-f169-4d2a-a683-8cc9acfca92b,,447736965105,2026-01-15 22:25:48.000,REN,PKG_SERVICE_3_GB,2.99,GBP
676c3e45-a8bf-4682-a8fd-1c6da8eec22d,,447716547150,2026-01-15 22:28:59.000,REN,PKG_SERVICE_5_GB,1.99,GBP
987c3af5-c32c-42fd-83ae-6f86c5600f1d,c92547d3-145a-46f6-ac74-a64505fb1e51,447740154684,2026-01-15 23:30:35.000,SUB,PKG_SERVICE_5_GB,1.99,GBP
6cc66b36-eb43-49de-95d0-778b7b231077,,447731965362,2026-01-15 23:44:54.000,REN,PKG_SERVICE_3_GB,2.99,GBP
5a48570e-5068-4df4-b242-0de37e3f638e,,447744926844,2026-01-16 00:17:55.000,REN,PKG_SERVICE_5_GB,1.99,GBP
78b088b8-8ac1-4682-85eb-e69b91351fdb,,447711931660,2026-01-16 00:36:01.000,REN,PKG_SERVICE_5_GB,1.99,GBP
782deab3-cdb4-469b-b18d-ef7c5b4de7a3,,447792104181,2026-01-16 01:03:06.000,REN,PKG_SERVICE_4_GB,3.49,GBP
be2fa3de-a88b-4f93-af38-672f179fff96,523050e5-0790-4733-81a9-d1d18ee8d66d,447789874525,2026-01-16 01:04:48.000,SUB,PKG_SERVICE_5_GB,1.99,GBP
3ebcba9c-6f65-4eab-a476-554e7ef5b739,,447767533171,2026-01-16 01:13:06.000,UNSUB,PKG_SERVICE_4_GB,0,GBP
da6dcc98-7831-4863-80f0-3814a81ee67c,,447755662575,2026-01-16 01:15:28.000,REN,PKG_SERVICE_4_GB,3.49,GBP
8f3900c0-c78d-48c6-9a9e-1de194b57787,f797eaaa-d5e9-4cc6-99e3-f0c5a6572768,447777645665,2026-01-16 01:33:53.000,SUB,PKG_SERVICE_4_GB,3.49,GBP
1c731d37-2925-4115-9542-780e9c5b7595,,447731782545,2026-01-16 01:56:46.000,REN,PKG_SERVICE_5_GB,1.99,GBP
63dc5883-da37-4f26-9623-1093d70c9ae7,,447743200855,2026-01-16 02:31:27.000,REN,PKG_SERVICE_4_GB,3.49,GBP
66fb94a1-39c7-4afb-89b0-102797856362,,447777572964,2026-01-16 02:41:04.000,REN,PKG_SERVICE_4_GB,3.49,GBP
2aa96bdd-eeee-4602-8027-2602e9194cd7,,447706327772,2026-01-16 03:10:34.000,REN,PKG_SERVICE_4_GB,3.49,GBP
b80a008c-c4f6-4824-8ca5-d3116c7d50f3,,447702628617,2026-01-16 03:46:19.000,REN,PKG_SERVICE_3_GB,2.99,GBP
3d59d9f2-1d62-4a91-ad3e-ca6929b2b617,,447702854811,2026-01-16 03:48:10.000,REN,PKG_SERVICE_5_GB,1.99,GBP
e2d0fc44-17d5-4532-9acc-28b1ed862449,,447796305078,2026-01-16 04:58:48.000,REN,PKG_SERVICE_5_GB,1.99,GBP
f6827b4e-5eb2-4a6f-8535-493b81d9528a,,447723834602,2026-01-16 05:11:30.000,REN,PKG_SERVICE_3_GB,2.99,GBP
7aefa45b-dfb5-4eff-b37d-ba599e4f53ca,,447720930226,2026-01-16 05:18:33.000,REN,PKG_SERVICE_5_GB,1.99,GBP
f0ef4872-d61f-41ed-9adc-09a1917bf131,,447777171497,2026-01-16 05:29:35.000,REN,PKG_SERVICE_5_GB,1.99,GBP
0d5dbbee-5649-405c-a5af-76394caa8a42,e7a721c9-5555-492b-88ca-d805fc74c531,447708623748,2026-01-16 05:57:55.000,SUB,PKG_SERVICE_5_GB,1.99,GBP
7df14d2a-b353-4e09-8f47-f58e8ed64479,,447719279640,2026-01-16 06:02:58.000,REN,PKG_SERVICE_4_GB,3.49,GBP
4f941204-7cb8-4f75-a626-f40d1d553b02,1e4653e8-0894-4ed2-8ee7-b62942ca7675,447797620232,2026-01-16 06:20:33.000,SUB,PKG_SERVICE_4_GB,3.49,GBP
6d3ab4ee-c3a6-49be-afd5-0098bca706c7,,447727021596,2026-01-16 06:45:28.000,REN,PKG_SERVICE_5_GB,1.99,GBP
78c8545d-31bd-438b-be9b-9eb8fe73135b,,447764578762,2026-01-16 07:05:28.000,REN,PKG_SERVICE_5_GB,1.99,GBP
b0c0512a-195b-4605-ae83-bbd94ae407aa,ef2e6132-98b2-4879-8ae0-bfabe6c7eeff,447700789557,2026-01-16 07:34:00.000,SUB,PKG_SERVICE_3_GB,2.99,GBP
5ec289dc-537b-46f7-b571-c535f8740817,7955e84c-3d49-47c0-9081-5f4b6817fedf,447715344844,2026-01-16 07:51:10.000,SUB,PKG_SERVICE_5_GB,1.99,GBP
2ceb1df5-a262-4313-9f82-65d9f7e7514c,,447792932581,2026-01-16 08:05:24.000,REN,PKG_SERVICE_3_GB,2.99,GBP
91c52583-8f02-4b6e-b6df-f590b3e108d7,,447738739167,2026-01-16 08:13:52.000,REN,PKG_SERVICE_4_GB,3.49,GBP
2943f891-e291-4590-ac29-03c356d61536,bfc6875a-5d10-4737-a715-e53cd7c4dfd1,447778350617,2026-01-16 09:18:53.000,SUB,PKG_SERVICE_5_GB,1.99,GBP
a0adce9a-d5a2-41c7-a8f4-d16da47d784c,,447727062442,2026-01-16 09:24:50.000,REN,PKG_SERVICE_4_GB,3.49,GBP
cd96cc19-347c-4c1b-a45e-41c87a1f9df4,,447783037088,2026-01-16 09:30:11.000,REN,PKG_SERVICE_4_GB,3.49,GBP
685912ad-6985-410e-bc89-dd13ed3350b3,,447715714642,2026-01-16 09:33:58.000,REN,PKG_SERVICE_3_GB,2.99,GBP
e9151fc0-e7ae-45f2-8dab-2066cc1b5b12,,447793595901,2026-01-16 09:42:20.000,REN,PKG_SERVICE_3_GB,2.99,GBP
e4fdc1ce-8f2d-4e58-9d25-bfab47f984e4,,447761869868,2026-01-16 09:46:25.000,REN,PKG_SERVICE_3_GB,2.99,GBP
a91b94b1-57db-4b23-8ecb-78b8559145c8,,447723926138,2026-01-16 09:46:41.000,REN,PKG_SERVICE_3_GB,2.99,GBP
8b7bd1eb-d0ca-40a7-8250-095e126af627,,447717720562,2026-01-16 10:01:05.000,REN,PKG_SERVICE_4_GB,3.49,GBP
72ad770b-3cb5-4934-ae99-50919872c4ac,2f53e336-add0-48d1-bcf5-dc34c736a62d,447709196142,2026-01-16 10:17:14.000,SUB,PKG_SERVICE_4_GB,3.49,GBP
4403d139-23a3-4aa3-80c3-7686287b62ad,,447749229659,2026-01-16 10:40:49.000,REN,PKG_SERVICE_3_GB,2.99,GBP
5a7dfa21-2d1b-4b1d-a478-dd9ccaba37bc,e3496b72-0640-4b89-977a-b7d470d64d7d,447777591997,2026-01-16 10:55:35.000,SUB,PKG_SERVICE_3_GB,2.99,GBP
94b981b0-c946-443e-8a17-aaf3e18e434f,1d692d4b-c16e-4ea8-9e7f-d363eb8a7668,447746734234,2026-01-16 11:17:15.000,SUB,PKG_SERVICE_4_GB,3.49,GBP
642213bd-b5ab-4f6d-917a-e67e2e11991c,,447750614535,2026-01-16 11:32:44.000,REN,PKG_SERVICE_3_GB,2.99,GBP
b550ca23-9871-4ada-9b2d-ac2fef9f3a50,0f0fda1e-a39e-49c3-90a5-6ea4d1db3db9,447775209178,2026-01-16 12:07:47.000,SUB,PKG_SERVICE_3_GB,2.99,GBP
31cbde38-0778-4d73-88c4-4c5f1a714be9,8188c09c-6f8c-4b1c-8766-5b6d96b9cf9a,447790323298,2026-01-16 12:15:41.000,SUB,PKG_SERVICE_4_GB,3.49,GBP
6125e205-29e1-499f-b061-64f5ec8228d4,1d01e360-dc69-4b9e-950b-2d130b54d59d,447771569887,2026-01-16 12:24:26.000,SUB,PKG_SERVICE_3_GB,2.99,GBP
f9a45032-8570-46b6-a77d-200c32e56c5f,,447746766312,2026-01-16 12:32:46.000,REN,PKG_SERVICE_5_GB,1.99,GBP
72b26515-20f3-4897-be2a-0cf597d9fd65,d7b707ed-c7c9-4eac-8b8f-31ba70a95340,447778746990,2026-01-16 12:55:33.000,SUB,PKG_SERVICE_3_GB,2.99,GBP
93fc6a69-eb7e-4ed0-bae6-e377716624b3,,447730600539,2026-01-16 13:03:42.000,REN,PKG_SERVICE_3_GB,2.99,GBP
6a0f35a7-2a25-4cb2-b502-ea35ab2d82c9,5ec71002-cdfc-4cb3-8be5-a30328ff6fe5,447712547744,2026-01-16 13:11:07.000,SUB,PKG_SERVICE_5_GB,1.99,GBP
6f36ffe9-098f-465f-a6a6-c87ab16f41ad,3659b15b-dc56-44b5-a8b4-d4191f55d6cd,447779498105,2026-01-16 13:37:58.000,SUB,PKG_SERVICE_5_GB,1.99,GBP
e8512bfa-7dbb-4dc4-9064-cca3dc092761,,447768320452,2026-01-16 13:49:23.000,UNSUB,PKG_SERVICE_5_GB,0,GBP
b02e2a64-3920-40f0-b7f0-2545cfd8f094,db89b98b-3055-4415-84b2-dd686e0e8cc9,447755508428,2026-01-16 15:28:07.000,SUB,PKG_SERVICE_4_GB,3.49,GBP
38b56bb9-a63e-4239-a6bc-3ee8a77f6a3d,,447742511066,2026-01-16 15:28:55.000,REN,PKG_SERVICE_5_GB,1.99,GBP
4716bad5-3f0e-47d8-aae9-a093cbf2ea26,,447725447598,2026-01-16 16:04:30.000,REN,PKG_SERVICE_5_GB,1.99,GBP
d0491985-2610-4d75-9a73-042c3161211d,,447729248539,2026-01-16 16:16:40.000,REN,PKG_SERVICE_3_GB,2.99,GBP
3e2b55b3-012e-408b-8a83-e16b8653d864,,447749033221,2026-01-16 16:53:34.000,REN,PKG_SERVICE_3_GB,2.99,GBP
032e8b4b-099f-45e5-b401-b44694478550,bff8132f-e9d5-49e2-a6b5-71b686fced85,447740530217,2026-01-16 17:07:57.000,SUB,PKG_SERVICE_4_GB,3.49,GBP
67ec77dd-1cf3-4c48-96db-54ffd3940b85,,447790831507,2026-01-16 17:26:00.000,REN,PKG_SERVICE_5_GB,1.99,GBP
0af7b5ee-aa32-4045-b3d3-85be94d47b23,,447748297231,2026-01-16 17:30:32.000,REN,PKG_SERVICE_3_GB,2.99,GBP
e4ad1644-ee4e-4f27-b3f6-2c373ab255a4,,447736450422,2026-01-16 17:36:53.000,REN,PKG_SERVICE_4_GB,3.49,GBP
0c11eec4-f9ae-4707-a411-f6107f0d12e5,154231cf-b8c5-4b7a-9068-a08491264cce,447703229121,2026-01-16 17:53:01.000,SUB,PKG_SERVICE_4_GB,3.49,GBP
7205f787-8f46-42ef-9739-72252b0d980e,,447718364412,2026-01-16 18:34:52.000,REN,PKG_SERVICE_5_GB,1.99,GBP
639208cf-4fd4-4688-a0e7-fa2bc052eedf,,447734384897,2026-01-16 18:35:58.000,REN,PKG_SERVICE_5_GB,1.99,GBP
66140bcc-fce6-4804-9627-181ab9362d7c,4247dbc7-5cbb-42ac-ac23-f56a9480200c,447701928537,2026-01-16 18:45:33.000,SUB,PKG_SERVICE_5_GB,1.99,GBP
8c52c658-f27f-418b-9f45-449bd80d49f1,,447763237984,2026-01-16 19:15:25.000,REN,PKG_SERVICE_4_GB,3.49,GBP
dfc1c45e-2643-4425-b589-14c4117f5f0c,,447760671875,2026-01-16 19:26:28.000,REN,PKG_SERVICE_4_GB,3.49,GBP
e88bd969-b089-4687-b9e6-c5fd7cd8e0d8,,447712540266,2026-01-16 19:51:26.000,REN,PKG_SERVICE_3_GB,2.99,GBP
bc0ce00d-1cbb-40d6-8426-3ef80ff29ea5,,447791406256,2026-01-16 19:54:01.000,REN,PKG_SERVICE_4_GB,3.49,GBP
428f5a7c-7e5c-4ca0-a2dc-a42fad53f912,,447763145218,2026-01-16 20:18:29.000,REN,PKG_SERVICE_3_GB,2.99,GBP
5dd9cc19-8815-4bb8-927f-6ce591f930ff,,447788162568,2026-01-16 20:43:51.000,REN,PKG_SERVICE_5_GB,1.99,GBP
f47513f6-b871-4a28-a2a0-bbd24e43c183,,447705428056,2026-01-16 21:18:08.000,REN,PKG_SERVICE_4_GB,3.49,GBP
860d4444-ac0a-4414-8d77-a08c79ba66d7,,447718016734,2026-01-16 22:24:03.000,REN,PKG_SERVICE_4_GB,3.49,GBP
e051ba30-cc34-4e6c-a321-f5d3cdfa4e91,,447782856735,2026-01-16 23:17:57.000,REN,PKG_SERVICE_5_GB,1.99,GBP
89499462-4ecb-4fe6-a825-486ceef22bf7,,447751372134,2026-01-16 23:48:15.000,REN,PKG_SERVICE_3_GB,2.99,GBP
bf808d6f-2fea-4b21-afc0-ca587909df8e,,447762363615,2026-01-16 23:51:39.000,REN,PKG_SERVICE_5_GB,1.99,GBP
f379ea9c-3f03-447c-8d42-359ce3b9744d,,447700978095,2026-01-17 00:30:59.000,REN,PKG_SERVICE_3_GB,2.99,GBP
b23b3abc-fa07-4537-bbb6-b741a8f58e89,,447775369117,2026-01-17 00:33:46.000,REN,PKG_SERVICE_4_GB,3.49,GBP
664721c7-498a-4581-a659-44d923ffe803,,447777565391,2026-01-17 00:42:23.000,REN,PKG_SERVICE_3_GB,2.99,GBP
46e60fa2-aeb4-4a4e-8cee-955bed80516e,,447792025708,2026-01-17 01:31:01.000,REN,PKG_SERVICE_5_GB,1.99,GBP
24409570-1641-4a22-971b-92174af7aea2,,447752970101,2026-01-17 01:44:07.000,REN,PKG_SERVICE_5_GB,1.99,GBP
fdf752a7-2088-49f9-aac3-66085fc8724e,,447745705835,2026-01-17 02:09:19.000,REN,PKG_SERVICE_5_GB,1.99,GBP
2c51f938-adcb-4fb2-a78f-57346c3fede9,3f1355b6-8962-4639-94c8-941e38abf158,447717029264,2026-01-17 02:20:41.000,SUB,PKG_SERVICE_4_GB,3.49,GBP
ed6137c1-b85c-411b-b385-7574627a7631,,447728625435,2026-01-17 02:21:48.000,REN,PKG_SERVICE_3_GB,2.99,GBP
76762ca9-3bff-4c15-9849-4ebf8f4cfb5e,,447738225468,2026-01-17 02:38:43.000,REN,PKG_SERVICE_4_GB,3.49,GBP
19d4c5ac-14a7-4682-9b7e-6afd5550ae4e,,447762095994,2026-01-17 03:00:53.000,REN,PKG_SERVICE_4_GB,3.49,GBP
761535e2-3a94-4146-9d09-adee0c9e11b1,,447728307849,2026-01-17 03:09:25.000,REN,PKG_SERVICE_4_GB,3.49,GBP
3aa76496-5b7c-43f2-b01c-7a1e964193cc,cd83a61b-383d-4cec-98ef-cdd43fc2e15f,447715523584,2026-01-17 03:37:27.000,SUB,PKG_SERVICE_5_GB,1.99,GBP
ca0c8458-df89-4e89-8cc1-568f1cff1ed6,,447756913519,2026-01-17 04:03:19.000,REN,PKG_SERVICE_5_GB,1.99,GBP
5c260d5f-d622-4279-ac6c-a1df9d3e74c7,,447776077119,2026-01-17 04:17:35.000,REN,PKG_SERVICE_3_GB,2.99,GBP
1c493d33-2c97-464a-913a-27b6e9965209,,447742327973,2026-01-17 04:43:07.000,REN,PKG_SERVICE_3_GB,2.99,GBP
db9f561d-1920-4524-9a85-d7306de03472,,447705854035,2026-01-17 05:12:17.000,REN,PKG_SERVICE_5_GB,1.99,GBP
467cde10-47b5-4333-b571-ae38575aef01,650c5c6f-73b0-4090-8fd5-cfb964a2fe92,447718709408,2026-01-17 05:16:27.000,SUB,PKG_SERVICE_4_GB,3.49,GBP
9d22c0ae-e3d0-4f34-9937-7f65002c54c7,2b37501a-f206-4e5a-9ab3-210c437c66fe,447728964818,2026-01-17 05:20:20.000,SUB,PKG_SERVICE_4_GB,3.49,GBP
27b75046-40c3-4aa4-b1cb-dfb0c70c3f8c,,447731736832,2026-01-17 05:25:00.000,REN,PKG_SERVICE_4_GB,3.49,GBP
7eca70f9-0731-4644-b21b-90338240b0c2,26d1740c-84a9-469b-80a9-0393762de839,447711097137,2026-01-17 05:58:03.000,SUB,PKG_SERVICE_3_GB,2.99,GBP
e08ea3de-e32b-4959-953c-26c081146650,10a518ef-06b0-4e58-a9bb-1cc9ba9d3dbf,447768116967,2026-01-17 06:01:53.000,SUB,PKG_SERVICE_5_GB,1.99,GBP
a2ac2759-fc4a-4285-9e06-1c42def60328,,447704812265,2026-01-17 06:16:44.000,REN,PKG_SERVICE_3_GB,2.99,GBP
21953c7e-6b81-4d87-be07-c3e512624281,,447797585566,2026-01-17 07:10:22.000,REN,PKG_SERVICE_4_GB,3.49,GBP
bc937026-3082-4a5f-bf76-ab41262bb9c3,489e05dd-ef3e-4d89-ab8b-18b182b6a21a,447737533287,2026-01-17 07:41:54.000,SUB,PKG_SERVICE_4_GB,3.49,GBP
14a9a6bf-2a16-4c2d-9f96-d40e57d61c63,,447777832778,2026-01-17 08:40:38.000,REN,PKG_SERVICE_3_GB,2.99,GBP
ccbb57eb-97f1-4c54-8fc8-d61b06153895,,447728653179,2026-01-17 09:04:42.000,REN,PKG_SERVICE_4_GB,3.49,GBP
c0ca91a5-289a-418f-b381-139290f8839e,917a9df9-cbf1-4577-aeb5-cf6f4c5bcf10,447756467743,2026-01-17 10:37:20.000,SUB,PKG_SERVICE_5_GB,1.99,GBP
2290f6a4-f03a-4798-916f-45d9a1f8ee9d,6a6ad9af-6ded-4027-b87d-e1dc3c186e9c,447705918491,2026-01-17 10:45:25.000,SUB,PKG_SERVICE_3_GB,2.99,GBP
1b679580-0188-4570-b863-cbf8d3e3ecb4,,447740494936,2026-01-17 11:17:58.000,UNSUB,PKG_SERVICE_4_GB,0,GBP
0a5c8805-ad2e-4506-ac1e-0f98138acc8e,7039a510-7544-4510-bb75-ce8cba52099c,447700431078,2026-01-17 11:18:30.000,SUB,PKG_SERVICE_5_GB,1.99,GBP
081523fb-2028-4d1c-84fd-de386af4e0be,,447739155276,2026-01-17 13:07:33.000,REN,PKG_SERVICE_3_GB,2.99,GBP
f5f7f1bf-6bc3-4e90-b98f-07a3bd230b51,,447724838631,2026-01-17 13:38:40.000,REN,PKG_SERVICE_3_GB,2.99,GBP
20da6594-aa41-42e1-8b3d-c6450091ac7e,4265671f-18df-45b2-8abe-c44e2a3ac20e,447726283779,2026-01-17 14:33:55.000,SUB,PKG_SERVICE_4_GB,3.49,GBP
6bbaa6fd-0dcd-4747-a3cf-89439f05e707,,447718997744,2026-01-17 15:41:43.000,REN,PKG_SERVICE_5_GB,1.99,GBP
667502bd-121a-4363-829e-44867adfc574,,447783118097,2026-01-17 15:43:31.000,REN,PKG_SERVICE_4_GB,3.49,GBP
fd8bee71-c7f0-4c4f-abb8-daf4b6ab1346,,447750926778,2026-01-17 16:14:03.000,REN,PKG_SERVICE_3_GB,2.99,GBP
f5e85f76-e888-4d50-8b8b-b7f115841848,7dfe3428-293c-4675-a5f6-84e1da80d460,447747358541,2026-01-17 16:35:52.000,SUB,PKG_SERVICE_5_GB,1.99,GBP
a20afa11-7403-4098-910c-a357f1c707e3,,447748259122,2026-01-17 16:45:53.000,REN,PKG_SERVICE_3_GB,2.99,GBP
59d60ed5-8635-42b1-b744-0679945ff32b,f1a3644d-72b1-411d-92b5-02d97e4db346,447771321159,2026-01-17 16:52:07.000,SUB,PKG_SERVICE_3_GB,2.99,GBP
e69cd968-c718-4a68-ab0f-0b07bb897afa,,447725621954,2026-01-17 17:00:38.000,REN,PKG_SERVICE_5_GB,1.99,GBP
f17354f4-caef-49d2-814f-4c7756515500,,447756957588,2026-01-17 17:09:32.000,REN,PKG_SERVICE_5_GB,1.99,GBP
9d1cc783-3993-4fe6-96d3-5df79acd0913,,447749389481,2026-01-17 17:25:48.000,REN,PKG_SERVICE_3_GB,2.99,GBP
3e05f0f1-e704-4a92-b564-bf05d9872cb5,,447798429797,2026-01-17 17:57:22.000,REN,PKG_SERVICE_4_GB,3.49,GBP
6ce845a0-e698-4589-86ba-0bf763e4b6ee,,447771816593,2026-01-17 18:06:42.000,REN,PKG_SERVICE_4_GB,3.49,GBP
599d4815-b84b-4d4b-9591-ad738d6f8c7f,,447744970801,2026-01-17 18:09:29.000,REN,PKG_SERVICE_3_GB,2.99,GBP
b79e257b-581d-4255-9512-1a7b14678f41,821fcec1-35fc-4ee1-937d-b6e5b402fc1a,447779732368,2026-01-17 18:14:32.000,SUB,PKG_SERVICE_4_GB,3.49,GBP
f88f3f49-5abf-4d20-bcfd-a4f0604c82fb,1dd4b9b0-8076-460a-be70-1284cc3cc3c3,447710202701,2026-01-17 19:22:32.000,SUB,PKG_SERVICE_5_GB,1.99,GBP
52032b34-22d0-44c2-b1f9-6ca617413c91,,447718977763,2026-01-17 19:48:08.000,REN,PKG_SERVICE_5_GB,1.99,GBP
73dc4813-fc57-4f15-a0cf-35d09968f149,7377f6d1-3955-4ae8-a1b3-17dad40cb988,447722446812,2026-01-17 20:03:41.000,SUB,PKG_SERVICE_3_GB,2.99,GBP
e958224c-8905-41b5-a12c-ef822bdc5daf,,447721233421,2026-01-17 20:33:02.000,REN,PKG_SERVICE_3_GB,2.99,GBP
3f5af0e6-e334-4495-bd1f-a61aa99ff476,,447755466469,2026-01-17 20:35:33.000,REN,PKG_SERVICE_4_GB,3.49,GBP
1c1b1f48-4122-4940-9be2-cdef09226d81,,447723502297,2026-01-17 20:39:37.000,UNSUB,PKG_SERVICE_5_GB,0,GBP
658abd26-a6d4-4c89-90d7-4ec0a772b19e,,447782078898,2026-01-17 20:52:16.000,REN,PKG_SERVICE_4_GB,3.49,GBP
3956a786-ac11-42b0-bee1-4b8a4e213a41,5515f499-7f64-46e1-a2b9-a04543839e80,447702446192,2026-01-17 21:23:10.000,SUB,PKG_SERVICE_3_GB,2.99,GBP
44d01da4-4636-4ac5-ba8e-6771a0ca3889,,447730741099,2026-01-17 21:43:13.000,REN,PKG_SERVICE_4_GB,3.49,GBP
face0cdb-719d-4556-949d-a671413e964a,,447728468015,2026-01-17 21:51:13.000,REN,PKG_SERVICE_4_GB,3.49,GBP
0963a5fa-d5db-425b-80db-b6031b2ba98a,,447734017284,2026-01-17 21:55:23.000,REN,PKG_SERVICE_4_GB,3.49,GBP
c19748bc-5051-4c60-b1e4-ae75996443b5,,447731706277,2026-01-17 21:59:58.000,REN,PKG_SERVICE_3_GB,2.99,GBP
0ff360f1-4fe9-4bfb-916f-d35104db678a,,447794788362,2026-01-17 22:09:11.000,REN,PKG_SERVICE_3_GB,2.99,GBP
db08776d-e1ee-4c9a-bdd3-d0f2893611f6,90b63a9e-8fad-4a21-a45e-6b22ff36921f,447704184132,2026-01-17 22:27:51.000,SUB,PKG_SERVICE_5_GB,1.99,GBP
99a28ef2-cd15-48e6-918a-d3aa9d57fa2f,,447761821536,2026-01-17 22:48:31.000,REN,PKG_SERVICE_3_GB,2.99,GBP
c44b0b76-4c6e-430b-8a34-b5c2984b7f03,,447747097957,2026-01-17 22:57:25.000,REN,PKG_SERVICE_3_GB,2.99,GBP
f1f65a2e-cbe2-4080-85dc-adf5219d7aae,a38fd4ee-2085-4c38-8744-29cfd465ff92,447781453035,2026-01-17 23:31:13.000,SUB,PKG_SERVICE_5_GB,1.99,GBP
9bc06a27-90d0-46dd-957e-d66157ac385c,,447796243751,2026-01-17 23:34:16.000,REN,PKG_SERVICE_4_GB,3.49,GBP
52c7f496-f258-4c71-af05-ed868b702b99,,447734841749,2026-01-17 23:59:51.000,REN,PKG_SERVICE_4_GB,3.49,GBP
0518062e-81de-41e1-827d-239db6efdec5,cfc9c00a-e5cc-4c79-90a9-5892a8072da3,447732355231,2026-01-18 00:31:53.000,SUB,PKG_SERVICE_4_GB,3.49,GBP
3cfced21-9b65-403e-9fab-49d56114fe9e,,447784482398,2026-01-18 00:49:39.000,REN,PKG_SERVICE_3_GB,2.99,GBP
946ce8bf-4e0b-4495-94a6-62ead61fc107,e2e993d8-adde-4b99-ba24-765c642e24bc,447703090260,2026-01-18 01:05:27.000,SUB,PKG_SERVICE_3_GB,2.99,GBP
81839c54-3d87-4e1c-95b9-71f218397435,73b5d86c-c77d-4dd7-bd4e-9d2357b92b65,447773324964,2026-01-18 01:05:42.000,SUB,PKG_SERVICE_3_GB,2.99,GBP
7492369c-22b1-4117-9a00-76f88569ef7b,3da9249a-7271-4cf5-9bb0-06f49de16226,447795126075,2026-01-18 01:16:30.000,SUB,PKG_SERVICE_5_GB,1.99,GBP
fe5d8482-5d14-4bed-bb0e-696c9dd1ff1f,37dcde04-fdca-466f-9424-67dee0e7495b,447775247394,2026-01-18 01:24:34.000,SUB,PKG_SERVICE_4_GB,3.49,GBP
5c7a038b-4b7b-4a8d-8ad1-de0b5443ef2a,8c56b4ee-d1da-463c-8045-868927aee1cd,447786579527,2026-01-18 01:42:05.000,SUB,PKG_SERVICE_5_GB,1.99,GBP
a66614bf-ebf1-467c-a0c6-af36055e7586,,447713329262,2026-01-18 02:00:03.000,UNSUB,PKG_SERVICE_5_GB,0,GBP
afc29311-8644-4985-a350-fbbe16bdf0ca,cee59dce-5ebf-494a-b4f0-22b9c4386ef4,447763436403,2026-01-18 02:04:13.000,SUB,PKG_SERVICE_3_GB,2.99,GBP
6674f99a-769c-4b8a-a611-d2f0171f28f7,,447703829592,2026-01-18 02:07:52.000,REN,PKG_SERVICE_4_GB,3.49,GBP
93529ff8-5814-4548-b32a-da10990e44e6,9bb72963-392e-4ff2-8f8e-88070ebf51d9,447771468290,2026-01-18 02:13:15.000,SUB,PKG_SERVICE_5_GB,1.99,GBP
0b8e8483-73d9-454f-95db-341138387ee7,,447782821658,2026-01-18 03:46:13.000,REN,PKG_SERVICE_4_GB,3.49,GBP
25eb3520-5531-464e-9f3e-5ef5be9f1a7c,,447774312945,2026-01-18 03:54:30.000,REN,PKG_SERVICE_3_GB,2.99,GBP
62aa24f7-4033-4916-9251-876ee345d217,,447717030102,2026-01-18 04:21:09.000,REN,PKG_SERVICE_5_GB,1.99,GBP
a3e9a29d-0156-4e16-97e2-90b9c501490e,,447702831159,2026-01-18 04:30:23.000,REN,PKG_SERVICE_3_GB,2.99,GBP
cae7b51c-5c14-4767-aec7-bee64b2d24c9,,447771202202,2026-01-18 05:21:42.000,REN,PKG_SERVICE_3_GB,2.99,GBP
c34180b1-1322-4eaf-b352-d7cad4482b61,,447739738908,2026-01-18 05:47:47.000,UNSUB,PKG_SERVICE_5_GB,0,GBP
f195a554-e498-44a1-b6cc-c36894d00b83,,447702445724,2026-01-18 05:58:11.000,REN,PKG_SERVICE_5_GB,1.99,GBP
aa978989-1cb3-4628-b329-84f88a419642,b2df509f-4792-4d03-9862-5a2055e18a9b,447790158826,2026-01-18 06:01:20.000,SUB,PKG_SERVICE_4_GB,3.49,GBP
028930f8-862c-44dd-8e1b-813f97d63d2f,,447781306888,2026-01-18 06:05:03.000,REN,PKG_SERVICE_4_GB,3.49,GBP
9c75d336-7691-462c-811c-112e613217c6,,447713002644,2026-01-18 06:18:40.000,REN,PKG_SERVICE_3_GB,2.99,GBP
f3007caf-9042-4cf7-b5f4-608315fec553,,447734688884,2026-01-18 06:29:08.000,REN,PKG_SERVICE_3_GB,2.99,GBP
f78354dc-09d4-4d1f-b84b-75fed786acd2,8570f4de-2327-46bc-b8dd-ceffe82fe3e1,447749235061,2026-01-18 06:31:04.000,SUB,PKG_SERVICE_5_GB,1.99,GBP
dac5fd41-db73-4ef5-b67e-2d99b0f3c70d,,447739411036,2026-01-18 06:51:49.000,REN,PKG_SERVICE_5_GB,1.99,GBP
231080d7-5ce4-4545-a840-c53b5bd1cc53,0526b189-51af-4d71-8a58-61b610e744e5,447796109843,2026-01-18 07:02:13.000,SUB,PKG_SERVICE_3_GB,2.99,GBP
5bee4e16-89f2-47d8-b603-5d66f1abbeaa,,447721715691,2026-01-18 07:22:59.000,REN,PKG_SERVICE_3_GB,2.99,GBP
2df7f728-6677-4f27-813b-d3e4c5789013,,447765497987,2026-01-18 07:27:06.000,REN,PKG_SERVICE_4_GB,3.49,GBP
41d17178-ae25-49d5-b9cd-9b3d0877ffbb,f469f1f0-a4cd-4ecd-8833-e54c13deff9a,447776118767,2026-01-18 07:44:35.000,SUB,PKG_SERVICE_3_GB,2.99,GBP
a78c4f00-7592-465c-8583-4a1b6a72a01a,60e695cd-3f0c-4403-bdf6-0c59b9c12ca9,447729593685,2026-01-18 08:06:50.000,SUB,PKG_SERVICE_3_GB,2.99,GBP
be7425c9-1ff8-4ebd-b218-39c480e1ce5a,e3ad8202-783a-49eb-a52f-31b40533b9cd,447702831041,2026-01-18 08:18:29.000,SUB,PKG_SERVICE_3_GB,2.99,GBP
702baca4-f9db-4e15-a825-c7739a695456,,447754486779,2026-01-18 08:33:02.000,REN,PKG_SERVICE_3_GB,2.99,GBP
9d10effa-8cd7-4c62-b902-6fc73fb38a6a,,447709937677,2026-01-18 08:49:33.000,REN,PKG_SERVICE_3_GB,2.99,GBP
031a0745-0b49-4ce3-ab0f-388705d5ddcd,8883ec59-9df8-40bc-bf3d-bc5e5fe5cf1b,447712188150,2026-01-18 09:16:03.000,SUB,PKG_SERVICE_5_GB,1.99,GBP
b9a30f13-2c5d-4609-91fe-f9f60a005179,,447764620428,2026-01-18 09:29:57.000,REN,PKG_SERVICE_3_GB,2.99,GBP
9c08c950-9a45-4354-b551-5a59025113c9,62630ff2-6cc2-46ec-8282-5a9b5cfd8369,447776646143,2026-01-18 10:01:44.000,SUB,PKG_SERVICE_3_GB,2.99,GBP
c069ed60-d745-4989-b311-fde2a3fbe692,27f3c5c2-4a7a-4bf3-8ebc-ba1ae56f494a,447767907996,2026-01-18 10:04:03.000,SUB,PKG_SERVICE_5_GB,1.99,GBP
dda662fb-1735-4f1f-86a3-d4910531ada2,,447777571609,2026-01-18 10:14:52.000,UNSUB,PKG_SERVICE_5_GB,0,GBP
a18735da-7946-4e6d-81ed-60da8daab973,,447721337761,2026-01-18 10:37:50.000,REN,PKG_SERVICE_5_GB,1.99,GBP
008450d6-9b40-4e17-87ad-27404219d524,,447749310003,2026-01-18 11:25:58.000,REN,PKG_SERVICE_3_GB,2.99,GBP
dbac90cb-5828-4b22-954f-13f984abacab,01ea8b69-92ae-463e-90e0-82188b0a384c,447769092360,2026-01-18 12:09:05.000,SUB,PKG_SERVICE_3_GB,2.99,GBP
b944c349-9de8-45c1-ada4-159a1560cdfa,3f43196d-dd6e-4c70-a8a8-c5943f9aa28a,447752901528,2026-01-18 13:47:45.000,SUB,PKG_SERVICE_4_GB,3.49,GBP
c545db52-dadf-4a50-8dcb-4a620a7cad05,,447752095363,2026-01-18 13:52:20.000,REN,PKG_SERVICE_4_GB,3.49,GBP
c2ae5b88-72bc-40e2-9d06-894c09f2387b,,447793564900,2026-01-18 14:55:02.000,REN,PKG_SERVICE_3_GB,2.99,GBP
2574275d-fcb0-47c0-81f9-c671dd5352fe,,447797145526,2026-01-18 15:13:40.000,REN,PKG_SERVICE_3_GB,2.99,GBP
e58569c9-84f9-4749-b355-14e4d7c704e2,,447718802624,2026-01-18 15:14:30.000,REN,PKG_SERVICE_5_GB,1.99,GBP
a9a1f975-e29f-4b61-b301-cafb71694d49,,447798550933,2026-01-18 15:30:03.000,REN,PKG_SERVICE_4_GB,3.49,GBP
8edf1fbb-4fcd-4b30-9ec0-26b2ada164a3,33bec421-eb09-449b-8d89-90ade3f914dd,447751116052,2026-01-18 16:31:10.000,SUB,PKG_SERVICE_4_GB,3.49,GBP
bc417810-4894-4ee8-8a08-62eae4b5e744,e78ae526-dd7e-4fbb-a2b7-1e1258518b3a,447769761877,2026-01-18 16:49:28.000,SUB,PKG_SERVICE_3_GB,2.99,GBP
94f80be2-8d77-4680-91e2-9542c413b608,,447759749366,2026-01-18 16:58:04.000,REN,PKG_SERVICE_5_GB,1.99,GBP
6a654dd6-3ef5-4415-a33f-3df735443ff0,,447716945764,2026-01-18 17:47:04.000,REN,PKG_SERVICE_4_GB,3.49,GBP
952393a8-09ed-4eb7-87b7-3eda8c1270e6,,447700625362,2026-01-18 18:18:34.000,REN,PKG_SERVICE_3_GB,2.99,GBP
8245f558-57fd-4dd9-96d8-748e67bce548,,447735243676,2026-01-18 18:24:34.000,REN,PKG_SERVICE_4_GB,3.49,GBP
b82472db-8e1c-4ba1-8152-4fb95cdb563a,,447740366306,2026-01-18 18:37:30.000,UNSUB,PKG_SERVICE_5_GB,0,GBP
b26c76fd-11e7-45cb-8098-4be7be59121c,,447748154632,2026-01-18 19:04:16.000,REN,PKG_SERVICE_4_GB,3.49,GBP
e604314f-d05b-4257-835d-62e13fc8f527,,447753765189,2026-01-18 19:04:36.000,REN,PKG_SERVICE_5_GB,1.99,GBP
d5af8386-cc3e-414d-aa08-bd2b627c4adf,1a608091-c767-4f58-8e45-e8dc23936197,447728089062,2026-01-18 19:24:35.000,SUB,PKG_SERVICE_3_GB,2.99,GBP
185dd422-6de5-4c4d-ab1c-a0ecb8b2e8fa,,447700851951,2026-01-18 19:40:03.000,REN,PKG_SERVICE_4_GB,3.49,GBP
c5e76bff-5c29-4abb-bc0c-4af849461c2c,,447716945764,2026-01-18 19:49:37.000,UNSUB,PKG_SERVICE_4_GB,0,GBP
d574d897-d0e9-49d4-935b-f8f3b52c9117,,447737927641,2026-01-18 20:07:38.000,REN,PKG_SERVICE_5_GB,1.99,GBP
bbdec92b-aa96-43ed-84c2-56f70049cbd9,,447763543929,2026-01-18 20:32:43.000,UNSUB,PKG_SERVICE_5_GB,0,GBP
2b5e0fbd-1a5a-45b5-a4da-c00c2f9bc4f8,,447723174916,2026-01-18 20:56:16.000,REN,PKG_SERVICE_4_GB,3.49,GBP
8ac6ec55-04ab-48bf-b918-939603c869d7,,447738868496,2026-01-18 21:33:39.000,REN,PKG_SERVICE_4_GB,3.49,GBP
25cc776d-cf57-476c-b8ec-1921907e78bb,538e1ed2-bdd4-4fd1-b302-e734b4ea2d1a,447760624300,2026-01-18 21:35:15.000,SUB,PKG_SERVICE_4_GB,3.49,GBP
a2ff3a9e-a982-4799-a41f-c82a02699b57,,447713753960,2026-01-18 22:25:31.000,REN,PKG_SERVICE_4_GB,3.49,GBP
3e932a83-e5de-4db8-87e9-c03bf3de6532,177f86a5-e8c1-4ab4-98dc-97c77ba7c810,447750969693,2026-01-18 22:55:35.000,SUB,PKG_SERVICE_5_GB,1.99,GBP
56eba3ae-7f9b-4da4-9c4b-decd4a720055,,447753029666,2026-01-18 23:08:03.000,REN,PKG_SERVICE_4_GB,3.49,GBP
1224f0a7-0e89-4a1c-acca-323a5246b474,,447754777345,2026-01-18 23:13:09.000,REN,PKG_SERVICE_3_GB,2.99,GBP
3602737c-9e27-42d3-9aa9-fc252a5355b0,f8fcbaa4-241a-4723-b6f9-2a1dcb8fdf1e,447708069355,2026-01-18 23:43:41.000,SUB,PKG_SERVICE_5_GB,1.99,GBP
bae046b9-fbca-4307-97f5-88dad2bfe65c,,447754334314,2026-01-19 01:08:24.000,REN,PKG_SERVICE_5_GB,1.99,GBP
fcb9904b-4383-450e-aa5a-dbe88fa23ac4,,447773502837,2026-01-19 01:40:01.000,REN,PKG_SERVICE_5_GB,1.99,GBP
c358be59-2497-4d55-9da6-58662307ef15,f7bcaeb3-6c0b-4c88-b401-7b6d17d63190,447788502598,2026-01-19 02:32:35.000,SUB,PKG_SERVICE_4_GB,3.49,GBP
6101df78-3b91-4c5a-8f5a-8e73eea37ae6,,447767195977,2026-01-19 02:42:26.000,UNSUB,PKG_SERVICE_4_GB,0,GBP
93cf2085-3984-4cec-94db-59767f0d7e4f,69f8606a-bc2b-4a86-8987-e68133649e2d,447795536929,2026-01-19 03:02:31.000,SUB,PKG_SERVICE_3_GB,2.99,GBP
52d28c1b-bb8a-4b14-9d70-16143457ca56,,447703319085,2026-01-19 04:42:50.000,REN,PKG_SERVICE_3_GB,2.99,GBP
0caa2f8d-6f51-49fe-b921-91a125757755,4f8eb563-7f1c-4d73-bc0f-c12154919f66,447727095431,2026-01-19 04:51:58.000,SUB,PKG_SERVICE_4_GB,3.49,GBP
918bd805-0597-4419-ad01-40c2fdce32c3,,447714308051,2026-01-19 05:25:33.000,REN,PKG_SERVICE_5_GB,1.99,GBP
f5fcade0-6aad-4e79-8d68-280622f210dd,a1c3568c-b4a4-4048-90e2-51e1b2a6be93,447729072784,2026-01-19 06:07:23.000,SUB,PKG_SERVICE_4_GB,3.49,GBP
2e63a80c-8333-4337-8d6d-23c1a917707c,,447767195977,2026-01-19 06:14:09.000,REN,PKG_SERVICE_4_GB,3.49,GBP
0a356bbb-ed93-4d16-88fd-5b9c7b26ec5d,,447777492742,2026-01-19 06:15:05.000,REN,PKG_SERVICE_5_GB,1.99,GBP
4fac5a46-e04b-4502-b9b9-49aa9163805e,,447742052448,2026-01-19 06:22:59.000,REN,PKG_SERVICE_3_GB,2.99,GBP
19320f00-134a-46e5-91aa-23f51114cef6,6ba21089-5f7d-4e0e-a00b-7c2331b63ca3,447743165961,2026-01-19 07:20:03.000,SUB,PKG_SERVICE_4_GB,3.49,GBP
e421643a-47fc-4e84-8127-601d796b1a0b,acf09c93-3f41-4d16-85f6-2afc0787ef3e,447784605497,2026-01-19 07:29:05.000,SUB,PKG_SERVICE_4_GB,3.49,GBP
d0a7d76c-4d21-43f5-94b9-b47cc7626e8d,dc6c6cb1-de54-4f27-94bb-7e4c348efae1,447774932404,2026-01-19 07:38:31.000,SUB,PKG_SERVICE_4_GB,3.49,GBP
6c808b40-d86d-4822-8fec-d87afb562e44,,447745905289,2026-01-19 07:40:16.000,REN,PKG_SERVICE_4_GB,3.49,GBP
5ccb43d7-41b4-4f0a-bf60-9444f61ed509,,447738668446,2026-01-19 07:41:54.000,REN,PKG_SERVICE_4_GB,3.49,GBP
98d2518b-5a90-42ac-9c80-de1eb7a6e6bb,,447754900054,2026-01-19 07:52:54.000,REN,PKG_SERVICE_5_GB,1.99,GBP
32948f2f-59fb-4530-95c4-46fa72461a15,69aa4a2b-af25-4140-8166-2dcb7eef8410,447757549779,2026-01-19 08:30:41.000,SUB,PKG_SERVICE_3_GB,2.99,GBP
a59d52f7-0f6b-43b2-b4c2-22b40e53ec6b,,447764799493,2026-01-19 08:55:32.000,REN,PKG_SERVICE_3_GB,2.99,GBP
48a37ed6-db7e-4f27-8b7d-2638cd0ab487,1c5875ed-ff8e-48c3-bc66-8b862b3d2d62,447734763542,2026-01-19 08:57:22.000,SUB,PKG_SERVICE_4_GB,3.49,GBP
57b6a2aa-03c1-43ce-9c85-03e820ab82c0,,447724218451,2026-01-19 08:59:48.000,REN,PKG_SERVICE_3_GB,2.99,GBP
457bd6ec-48fd-45e8-8885-1ab8685c1e4e,,447714505044,2026-01-19 09:03:06.000,REN,PKG_SERVICE_3_GB,2.99,GBP
6b8b51f0-99cb-49ab-bcc3-493928a0a372,,447703417853,2026-01-19 09:04:52.000,REN,PKG_SERVICE_5_GB,1.99,GBP
35f6589f-ab0f-47de-967c-e230f7c4055d,dae5a60f-5673-4b93-bbae-8cafa6a7e7bf,447742561127,2026-01-19 09:09:04.000,SUB,PKG_SERVICE_4_GB,3.49,GBP
d2792855-1a35-4cae-8302-ff194e082b1e,,447700201545,2026-01-19 09:15:56.000,REN,PKG_SERVICE_5_GB,1.99,GBP
fa94ba71-d6d5-472b-ad9c-676e94c670cd,de7fa267-1236-4e7c-8084-77b73d9ddc48,447749853070,2026-01-19 09:31:15.000,SUB,PKG_SERVICE_4_GB,3.49,GBP
03362b60-5a70-44b7-8a3e-5fbcbe63056d,,447730948051,2026-01-19 10:03:19.000,REN,PKG_SERVICE_5_GB,1.99,GBP
e19042fe-21b4-497f-b3cb-1b8082b04f6b,df0195b9-c9be-4f20-a325-d04261bf5207,447738717990,2026-01-19 10:10:17.000,SUB,PKG_SERVICE_5_GB,1.99,GBP
656cc97d-070c-4759-adbe-ad897eabee58,ba7e354d-af72-4b12-ac2e-2ee579311def,447707118491,2026-01-19 10:43:02.000,SUB,PKG_SERVICE_5_GB,1.99,GBP
dc2cebc1-5786-4fdc-aaad-31c73b318f9b,b83816e8-c82f-4b93-8442-92f6d168c9af,447727665477,2026-01-19 10:58:54.000,SUB,PKG_SERVICE_3_GB,2.99,GBP
f40c8730-69a2-4ca2-81b0-a671709a9cd8,,447723727962,2026-01-19 11:08:11.000,REN,PKG_SERVICE_3_GB,2.99,GBP
0c390817-a7b4-4004-ad2c-dc16c6a94db1,,447771400569,2026-01-19 11:18:19.000,REN,PKG_SERVICE_3_GB,2.99,GBP
724d6f64-be2b-44bb-95c9-1b5eda42edba,,447787249690,2026-01-19 11:18:39.000,REN,PKG_SERVICE_4_GB,3.49,GBP
2a6c68e6-63df-4a51-aa0f-a5d2c9d0c715,c7536d1e-934c-480d-9476-5ac82e0de2a4,447720026032,2026-01-19 11:21:52.000,SUB,PKG_SERVICE_4_GB,3.49,GBP
e59bd684-8aa5-462c-8022-1324cee94324,,447758220691,2026-01-19 11:22:11.000,REN,PKG_SERVICE_4_GB,3.49,GBP
600246a3-da5a-46da-ac66-ced77ba10e90,,447700777268,2026-01-19 11:24:18.000,REN,PKG_SERVICE_5_GB,1.99,GBP
1c6e95e9-bbe0-46c1-9e9d-dd44c3159828,aceb7ace-42f6-40fa-b795-90e1ec9d6b4e,447790143068,2026-01-19 12:32:37.000,SUB,PKG_SERVICE_5_GB,1.99,GBP
3d542f47-bf18-4927-b3cf-5c9d2e1d099f,fd46b94c-9c1a-49ae-8d8d-0be663ed9fc0,447706198029,2026-01-19 12:40:57.000,SUB,PKG_SERVICE_4_GB,3.49,GBP
2506e9bb-aa53-495a-be82-ca0a26820cbc,,447720620610,2026-01-19 12:41:47.000,REN,PKG_SERVICE_4_GB,3.49,GBP
d7f521b6-969b-4bc8-b6c6-080ce3d6b569,,447765603830,2026-01-19 12:57:29.000,REN,PKG_SERVICE_5_GB,1.99,GBP
e4b10e7b-cba4-4c18-b11b-7ad8ee640d6a,a0b63c25-235c-430f-9328-50c484d2ecd1,447729391665,2026-01-19 13:11:14.000,SUB,PKG_SERVICE_3_GB,2.99,GBP
e864d554-2741-4ffe-9c53-05cbb5faa120,d2b6d4be-714f-44d6-a16b-6d1f8204f6a2,447782282111,2026-01-19 13:11:41.000,SUB,PKG_SERVICE_5_GB,1.99,GBP
f91e8647-5675-44cf-8248-514d46f25ce1,,447739738908,2026-01-19 13:14:49.000,REN,PKG_SERVICE_5_GB,1.99,GBP
688ec226-8b0f-4f36-9d61-ce566bace26e,,447797532520,2026-01-19 13:16:06.000,REN,PKG_SERVICE_5_GB,1.99,GBP
8ca52816-c888-4939-a9de-fbde4da520bb,,447722994633,2026-01-19 13:23:23.000,UNSUB,PKG_SERVICE_5_GB,0,GBP
95233b45-5419-4784-9e32-9e0d43fcb3ed,4c38a306-a580-4e2d-bcc5-8727372d92b4,447755935485,2026-01-19 13:32:57.000,SUB,PKG_SERVICE_5_GB,1.99,GBP
860e60fd-0221-4a96-b4a8-04c6eac57220,,447746468103,2026-01-19 14:06:43.000,REN,PKG_SERVICE_5_GB,1.99,GBP
ec98c498-f6e2-488a-b2c8-8be844971082,,447755818993,2026-01-19 14:41:09.000,REN,PKG_SERVICE_3_GB,2.99,GBP
e3b44624-e351-409b-a65c-ba59f8b83316,,447791656218,2026-01-19 14:41:41.000,REN,PKG_SERVICE_3_GB,2.99,GBP
001d2e50-49b9-459c-9bfa-a08dffeb8cd3,e0004a4c-4761-488e-886c-21dc6d9a99ae,447727987657,2026-01-19 14:44:06.000,SUB,PKG_SERVICE_5_GB,1.99,GBP
bd591e06-40b8-40d8-a5ae-07e33397ac4c,16eabe00-244d-4989-95d0-dd3683868e4b,447719115022,2026-01-19 14:50:55.000,SUB,PKG_SERVICE_3_GB,2.99,GBP
a071ebd9-c85c-40d2-b22b-9874ed1c2aec,946f4aa3-6c78-4cc9-b8cc-7b528f7ac114,447765302406,2026-01-19 16:19:11.000,SUB,PKG_SERVICE_5_GB,1.99,GBP
8105214d-da1c-4a31-ab65-bf4d6fc315dd,,447768990816,2026-01-19 16:24:46.000,REN,PKG_SERVICE_5_GB,1.99,GBP
844c4d27-1d71-4c9a-a18a-e930ec5f6d5a,,447763429680,2026-01-19 16:32:58.000,REN,PKG_SERVICE_5_GB,1.99,GBP
9c37324a-ae2d-4f53-a9cf-cc14fd73b8a2,,447730745424,2026-01-19 16:39:49.000,REN,PKG_SERVICE_5_GB,1.99,GBP
c0c5243f-554d-4843-a45d-9dce0afe50b1,131fa7b7-bb13-4c8e-ae75-ecb9c0f4c160,447730044180,2026-01-19 16:46:12.000,SUB,PKG_SERVICE_5_GB,1.99,GBP
8f5b624d-f251-4d60-be40-8a1e8fe8e8ef,dc0fb4fc-49d3-4fe5-82c2-13b53b63c871,447736671945,2026-01-19 17:18:51.000,SUB,PKG_SERVICE_3_GB,2.99,GBP
d182cadf-7bdf-4534-b8d3-e0af6035ab4c,,447784762123,2026-01-19 17:40:40.000,REN,PKG_SERVICE_3_GB,2.99,GBP
20a17d88-7283-43ff-9e05-f61308204998,,447722336353,2026-01-19 18:32:44.000,REN,PKG_SERVICE_4_GB,3.49,GBP
22bc3eb8-d430-4d9d-86b4-91cae7443042,,447752605393,2026-01-19 19:13:10.000,REN,PKG_SERVICE_5_GB,1.99,GBP
77ca399c-77ee-4792-a044-b3e447f6f23c,,447783038562,2026-01-19 19:26:30.000,REN,PKG_SERVICE_3_GB,2.99,GBP
fc55495d-678e-4d8f-9f1c-ec2bacab0ef2,84d05c3c-2fe9-41fc-81be-1849b2fcc74e,447795115479,2026-01-19 19:36:43.000,SUB,PKG_SERVICE_4_GB,3.49,GBP
e262878b-9778-46b6-9033-3a550cac7da9,5227295c-ca57-47e8-913a-409a309d3bae,447784193033,2026-01-19 19:41:35.000,SUB,PKG_SERVICE_5_GB,1.99,GBP
2f692007-d92f-41f9-862c-d1f1bf9a7e32,bcf826c8-194b-491c-afb8-73e7bcd10cf9,447799298485,2026-01-19 20:12:39.000,SUB,PKG_SERVICE_3_GB,2.99,GBP
f730a06b-9662-4ea6-947e-5975c7f900dc,595a464a-da44-4616-acb2-db582a55d911,447751544296,2026-01-19 20:12:50.000,SUB,PKG_SERVICE_5_GB,1.99,GBP
e42ed2f6-1393-4822-b99a-1682f6187c20,,447768320452,2026-01-19 20:50:01.000,REN,PKG_SERVICE_5_GB,1.99,GBP
674c18e6-5cd5-4471-8f4e-e103a298a4f4,,447792041682,2026-01-19 21:08:48.000,REN,PKG_SERVICE_3_GB,2.99,GBP
3cdce505-b9f3-4962-a575-5fc74b7e7e6b,,447753041559,2026-01-19 21:21:37.000,REN,PKG_SERVICE_4_GB,3.49,GBP
12effeb0-9bbb-4234-b80d-528a32df22e9,3900a25b-1ef3-4ebc-b1f9-ec288f1aaf50,447755287008,2026-01-19 21:31:34.000,SUB,PKG_SERVICE_5_GB,1.99,GBP
2cd215ed-918f-4aca-b117-2e6d7bc71a15,c696d5e0-db11-4832-a665-1fdd9467fdb3,447790785518,2026-01-19 21:58:49.000,SUB,PKG_SERVICE_5_GB,1.99,GBP
dcf9a4cb-55f9-4731-9d86-32c0619f88a4,,447703525277,2026-01-19 22:16:14.000,REN,PKG_SERVICE_3_GB,2.99,GBP
7ae6bbe0-acb8-4e05-9a83-9e20eac9fe06,,447777727518,2026-01-19 22:16:50.000,REN,PKG_SERVICE_4_GB,3.49,GBP
10d501d0-d6b5-43f6-a216-4b2ccf259ec4,,447734891700,2026-01-19 22:53:06.000,REN,PKG_SERVICE_3_GB,2.99,GBP
b04c28e3-f09e-4b3c-a32e-0a1bc57fca92,,447751372134,2026-01-19 22:54:28.000,UNSUB,PKG_SERVICE_3_GB,0,GBP
af21787f-67d3-4e17-adce-7b33c031f1ba,635a8026-1c6e-46e0-a48c-ac4c84219051,447787370586,2026-01-19 23:18:23.000,SUB,PKG_SERVICE_5_GB,1.99,GBP
3a206f41-c294-47cf-b0cd-a33cc597d30f,,447703742937,2026-01-19 23:44:37.000,REN,PKG_SERVICE_4_GB,3.49,GBP
24e2abc4-f80b-452c-b167-dfeffb9a5bb7,95f8b966-e8ad-4510-bab6-fb4b59668529,447759712621,2026-01-20 00:01:29.000,SUB,PKG_SERVICE_3_GB,2.99,GBP
0ebb9130-f56a-4bab-9d49-e0764e7ab595,,447763996230,2026-01-20 00:52:00.000,REN,PKG_SERVICE_4_GB,3.49,GBP
0012ee39-a606-4ac8-adee-a3e0efb5c9e9,d6af5dc0-6cff-4f46-9244-0646c87e031c,447799922910,2026-01-20 01:08:20.000,SUB,PKG_SERVICE_5_GB,1.99,GBP
8de7e9b6-f527-43f0-a8b4-557fadcfd9f3,4f9f43a3-6bdb-4dfb-be65-6295b124f25c,447749948990,2026-01-20 01:45:09.000,SUB,PKG_SERVICE_3_GB,2.99,GBP
bbf7c536-c4c7-4c0d-91bd-085e37536bae,,447706763668,2026-01-20 02:20:43.000,REN,PKG_SERVICE_3_GB,2.99,GBP
5c1cb58a-af0b-4896-96a1-d11c8bf3fd97,,447724484810,2026-01-20 02:28:33.000,REN,PKG_SERVICE_3_GB,2.99,GBP
76993d6e-42b4-45e4-b139-a9d30299b7ff,,447707007146,2026-01-20 02:41:46.000,REN,PKG_SERVICE_5_GB,1.99,GBP
37f075a6-403c-467f-b02c-764f9b92ddcc,ca870b5c-57f6-47a4-bca6-8ee6891a104b,447734471618,2026-01-20 02:43:57.000,SUB,PKG_SERVICE_3_GB,2.99,GBP
76649c37-c4ea-4f63-bba4-d63c7b2d1303,,447723502297,2026-01-20 02:51:48.000,REN,PKG_SERVICE_5_GB,1.99,GBP
38e5ebfd-3aa9-4a74-8349-9139700e1770,,447737745908,2026-01-20 02:52:00.000,REN,PKG_SERVICE_4_GB,3.49,GBP
0f0426b9-c79b-4397-a21d-a999d6bc7558,2e442612-ff09-4d2f-a03e-0528139bbcb9,447708902918,2026-01-20 03:21:57.000,SUB,PKG_SERVICE_3_GB,2.99,GBP
a9f1e2c8-5dfa-459f-8ee3-9af5930e0690,,447785773115,2026-01-20 03:34:09.000,REN,PKG_SERVICE_4_GB,3.49,GBP
a08632a6-2503-4e13-b698-f5dfdd36f71f,c0bf2203-ffe9-46f5-b359-35c52171c64f,447777740212,2026-01-20 03:55:33.000,SUB,PKG_SERVICE_3_GB,2.99,GBP
b8d94284-44ed-4599-97e7-2f98f27f7a38,2ef70e27-2ad7-4e12-b8e0-1338f1e00415,447722964090,2026-01-20 04:38:38.000,SUB,PKG_SERVICE_5_GB,1.99,GBP
71dd7135-2fe6-42ed-b050-5a94b669c2dc,08b47c98-55da-4396-9a44-c335aef463bb,447769322035,2026-01-20 04:38:45.000,SUB,PKG_SERVICE_5_GB,1.99,GBP
ae622de4-fea8-46e8-b634-ded835dc1b7c,,447744613443,2026-01-20 04:51:25.000,REN,PKG_SERVICE_4_GB,3.49,GBP
7fde08e9-bc1a-43db-ab0c-217e92469bb2,b13dedff-8d18-47da-b1e1-9590c43af35e,447752067880,2026-01-20 04:58:28.000,SUB,PKG_SERVICE_3_GB,2.99,GBP
b4596aea-0326-45fd-b0f6-05c3a1e4c1a3,,447769633450,2026-01-20 05:08:45.000,REN,PKG_SERVICE_4_GB,3.49,GBP
c89eb864-424c-4f97-a502-8f9082753c29,52b64aea-d9f8-4388-be8b-a49aacdb1609,447793807098,2026-01-20 05:28:51.000,SUB,PKG_SERVICE_4_GB,3.49,GBP
384c55df-1f69-4692-b66e-d3ffb9f8777e,,447740494936,2026-01-20 06:33:19.000,REN,PKG_SERVICE_4_GB,3.49,GBP
7943cbf7-4396-4190-849a-59fb687995c2,,447790583579,2026-01-20 06:37:00.000,REN,PKG_SERVICE_3_GB,2.99,GBP
62ce37ad-8583-404d-bf4b-31968cf20e2b,,447789028485,2026-01-20 07:02:32.000,REN,PKG_SERVICE_5_GB,1.99,GBP
e8976b72-9bfd-427e-bb74-f6443de025a1,,447714059718,2026-01-20 07:33:55.000,REN,PKG_SERVICE_3_GB,2.99,GBP
2d143805-de42-4cc4-9727-82479325831b,72195765-765d-4bba-befd-d1fa113d8c51,447729312151,2026-01-20 08:03:43.000,SUB,PKG_SERVICE_3_GB,2.99,GBP
e9e655b7-b287-4c3f-b771-25125179872e,43783f81-d29b-4a77-8f15-32165f8ccec3,447783567771,2026-01-20 08:05:47.000,SUB,PKG_SERVICE_5_GB,1.99,GBP
67296bce-48a6-4660-aa02-f3fcff6d8a9d,,447737557155,2026-01-20 08:18:54.000,REN,PKG_SERVICE_5_GB,1.99,GBP
da86b710-7538-4308-b4d2-111746e12dbb,2d817a28-3b74-46d2-9d84-1c52f9ca90a7,447754387848,2026-01-20 08:49:16.000,SUB,PKG_SERVICE_3_GB,2.99,GBP
e8ef0ef4-3c70-4e5c-a5c5-83850b421bdc,,447797620232,2026-01-20 09:38:34.000,UNSUB,PKG_SERVICE_4_GB,0,GBP
21af018e-3a0f-4d8c-979a-1ba721895d72,,447772606687,2026-01-20 09:40:00.000,REN,PKG_SERVICE_5_GB,1.99,GBP
e5b01123-077b-4b66-869a-8dd337b59f75,,447793117389,2026-01-20 10:08:27.000,REN,PKG_SERVICE_5_GB,1.99,GBP
205e5e2d-ec91-404a-89da-e75e44755475,,447761008495,2026-01-20 10:21:05.000,REN,PKG_SERVICE_4_GB,3.49,GBP
2b72e121-1da2-43e4-8a5b-f627726ef708,,447742304621,2026-01-20 10:42:28.000,REN,PKG_SERVICE_4_GB,3.49,GBP
fc23c185-7d3b-431e-8667-07ecea03a3cb,,447752540215,2026-01-20 10:52:35.000,REN,PKG_SERVICE_5_GB,1.99,GBP
218497ea-919f-4dc3-b017-859ed9c8189d,73a21663-ce8a-49da-bf0f-d5f0ffde6755,447733975606,2026-01-20 11:00:12.000,SUB,PKG_SERVICE_4_GB,3.49,GBP
5402907b-d5dd-4389-983f-0f77a2fb848f,b0d1b802-497e-4e74-a2c9-65517e3d3ead,447735954042,2026-01-20 11:02:08.000,SUB,PKG_SERVICE_4_GB,3.49,GBP
6b35de90-8e01-46b0-9ee3-d0ea16db1672,,447756188021,2026-01-20 11:10:38.000,REN,PKG_SERVICE_4_GB,3.49,GBP
2242cfec-7972-46be-ac92-144821786d7e,,447753359795,2026-01-20 11:23:35.000,REN,PKG_SERVICE_5_GB,1.99,GBP
162c732d-f53a-4d31-8988-c00b8dc76100,,447742311711,2026-01-20 11:36:10.000,REN,PKG_SERVICE_5_GB,1.99,GBP
afc4fb3b-d5bf-469b-97dc-0e38379a143b,125f9e91-fa12-4ee4-9038-2cf8a02ee886,447763260279,2026-01-20 11:57:57.000,SUB,PKG_SERVICE_5_GB,1.99,GBP
7fc6bc90-45bb-42e5-9222-7e945f615515,828ba67f-5a79-40c2-98a2-e5983921c6b6,447731179176,2026-01-20 12:04:03.000,SUB,PKG_SERVICE_5_GB,1.99,GBP
1e56ffb6-f67e-47c2-8856-04cadd582c72,,447734841640,2026-01-20 12:42:40.000,REN,PKG_SERVICE_5_GB,1.99,GBP
8ba84c88-8839-469f-935d-68f81d0bba29,fc27b38b-fd3f-4eb6-a349-76e9697a4927,447789731288,2026-01-20 12:58:52.000,SUB,PKG_SERVICE_5_GB,1.99,GBP
f45b7320-d5e1-42cc-a21b-45f41004c091,,447702435714,2026-01-20 13:28:15.000,REN,PKG_SERVICE_5_GB,1.99,GBP
0c351033-deef-439b-b175-1e597c148ea6,89b6745a-11e7-4f5d-ad19-486416535f5e,447774031628,2026-01-20 13:54:19.000,SUB,PKG_SERVICE_4_GB,3.49,GBP
5febe019-d984-4a0f-be53-42ea2bdb5fb4,0e83752e-67bb-4dbb-8845-f1ac109954ad,447703973468,2026-01-20 14:05:32.000,SUB,PKG_SERVICE_4_GB,3.49,GBP
f8c1e44a-a2c6-4b2a-b29a-f3eedcc5ee5f,,447728776747,2026-01-20 14:22:24.000,REN,PKG_SERVICE_4_GB,3.49,GBP
83b5bd70-e53f-4046-a20b-dc0776055a05,,447714150695,2026-01-20 14:43:19.000,REN,PKG_SERVICE_4_GB,3.49,GBP
d807f0ca-536c-4f04-851b-e8de136be45e,,447777023413,2026-01-20 15:13:19.000,REN,PKG_SERVICE_3_GB,2.99,GBP
9109150e-3d0f-45ea-a749-98c9b43b74cf,,447704242335,2026-01-20 15:17:54.000,REN,PKG_SERVICE_4_GB,3.49,GBP
496a470b-22f2-456a-8938-64b67695747e,,447724360444,2026-01-20 15:39:00.000,REN,PKG_SERVICE_4_GB,3.49,GBP
76c2d798-ddb1-482c-92a9-c1b09d0ffd62,,447726884441,2026-01-20 15:59:28.000,REN,PKG_SERVICE_3_GB,2.99,GBP
2f2ed55c-95da-4853-b5c1-12c3977d532d,7c84efa5-0396-4575-bafd-5d3fed53260c,447785009732,2026-01-20 16:01:33.000,SUB,PKG_SERVICE_3_GB,2.99,GBP
5fd7bf4f-e04f-4eb3-96b5-2216da5cb135,,447723812173,2026-01-20 16:17:25.000,REN,PKG_SERVICE_3_GB,2.99,GBP
5a7897c7-8a48-4a62-a6c8-3ecf223d61c4,,447736314600,2026-01-20 16:20:49.000,REN,PKG_SERVICE_5_GB,1.99,GBP
5b64bd1d-6a21-47c9-a24b-3bb0051ba489,e6e6bf9c-218b-43dd-89fe-a5cd93456bee,447725393231,2026-01-20 17:04:03.000,SUB,PKG_SERVICE_4_GB,3.49,GBP
b43d2689-aed7-4a3a-827b-1ad9966f1de4,fa5edfbd-2304-4377-886d-1f10a35c4c06,447759679254,2026-01-20 17:08:17.000,SUB,PKG_SERVICE_3_GB,2.99,GBP
1cf4d781-2e9a-4627-a656-bbf2bd291da6,,447700435927,2026-01-20 17:48:20.000,UNSUB,PKG_SERVICE_3_GB,0,GBP
14d0a1b1-e5f5-485f-af40-a246a3765324,cc63f8ac-1e34-4a9e-884a-c809142ee7f0,447780794922,2026-01-20 18:31:30.000,SUB,PKG_SERVICE_4_GB,3.49,GBP
dd644cce-8b61-45f4-b3e6-16b0f7d0db5f,,447758082081,2026-01-20 18:53:13.000,REN,PKG_SERVICE_4_GB,3.49,GBP
0c810987-075a-497e-8efc-44edbaf39ff0,35d32353-85ae-4d1f-a668-f17193cb33ec,447768616785,2026-01-20 19:02:28.000,SUB,PKG_SERVICE_4_GB,3.49,GBP
39d58b5a-8d64-4f00-a42f-e8f4fd0faae3,,447753836617,2026-01-20 19:12:09.000,REN,PKG_SERVICE_5_GB,1.99,GBP
dba40dd7-66c8-4060-ac17-e7b473dc8885,,447794617202,2026-01-20 19:18:04.000,REN,PKG_SERVICE_4_GB,3.49,GBP
9edb7937-ae68-443a-8923-40600253c8c3,,447740530826,2026-01-20 19:52:55.000,REN,PKG_SERVICE_4_GB,3.49,GBP
248c9b94-fb5d-49fd-aa66-7553471544b1,,447740068214,2026-01-20 19:59:08.000,REN,PKG_SERVICE_3_GB,2.99,GBP
bbd39308-2a53-4882-bc2f-f9cab8924348,263ee810-a3f8-4f0b-9698-68f3f39279dd,447716369021,2026-01-20 20:37:50.000,SUB,PKG_SERVICE_4_GB,3.49,GBP
8f7c39f5-9da9-4719-9095-236d413c3f36,1957535e-cc1e-4ede-b4e0-fef73f50c139,447705246818,2026-01-20 23:11:46.000,SUB,PKG_SERVICE_5_GB,1.99,GBP
c06ebca3-1607-4af2-ab4f-c444491b2b53,,447778796992,2026-01-21 00:05:00.000,REN,PKG_SERVICE_3_GB,2.99,GBP
9909aafb-9b04-4d5b-920c-d230c71e76c7,,447723526521,2026-01-21 00:36:43.000,REN,PKG_SERVICE_5_GB,1.99,GBP
8d0776fb-dc97-4077-81f2-a21d276f3242,,447746734234,2026-01-21 00:59:49.000,UNSUB,PKG_SERVICE_4_GB,0,GBP
6e7993f7-40d1-4e45-8564-b2ad29f89afd,d3a0217c-c9bd-4dc8-8819-19b7062023fb,447763405851,2026-01-21 01:08:26.000,SUB,PKG_SERVICE_5_GB,1.99,GBP
01a1fb58-a986-4fd4-804c-f55c79df49fd,,447767533171,2026-01-21 01:24:12.000,REN,PKG_SERVICE_4_GB,3.49,GBP
fc90ecb4-b337-4092-9a38-debe3242b829,,447782185211,2026-01-21 01:32:49.000,REN,PKG_SERVICE_4_GB,3.49,GBP
45203efb-cef4-4ab8-b81d-fe5ca249b521,2b05666b-fbf0-49a1-acbb-30c74c2c4b12,447712907180,2026-01-21 01:41:12.000,SUB,PKG_SERVICE_3_GB,2.99,GBP
e7e8b7e5-003f-4c37-a949-b7d345d46bdb,,447763543929,2026-01-21 02:05:41.000,REN,PKG_SERVICE_5_GB,1.99,GBP
504639d5-0343-46bd-911f-e50ac9b3832a,efdffaf2-d906-4f51-9ba1-02f2abf01d30,447771474611,2026-01-21 02:33:30.000,SUB,PKG_SERVICE_3_GB,2.99,GBP
f89b0c31-f46c-473e-95cf-4fae11c8bcc4,,447718802624,2026-01-21 02:35:34.000,UNSUB,PKG_SERVICE_5_GB,0,GBP
7964c82f-88d8-43f8-bf25-4892e89a1b89,,447781804256,2026-01-21 02:45:16.000,REN,PKG_SERVICE_4_GB,3.49,GBP
c24e8475-445d-485e-8764-52915dfb4585,,447798455403,2026-01-21 02:55:59.000,REN,PKG_SERVICE_4_GB,3.49,GBP
d724f245-b745-4408-8978-66d822303edc,,447700435927,2026-01-21 03:18:34.000,REN,PKG_SERVICE_3_GB,2.99,GBP
58584d2d-ccd1-4f4d-8788-b84a20f95f27,,447715386858,2026-01-21 04:34:07.000,REN,PKG_SERVICE_3_GB,2.99,GBP
3924f529-a3d1-4672-9e54-b891993926f3,,447746670189,2026-01-21 04:54:26.000,REN,PKG_SERVICE_3_GB,2.99,GBP
ce394dd9-cbe3-40f7-bd60-48e7faad02cc,,447792784173,2026-01-21 04:58:19.000,REN,PKG_SERVICE_3_GB,2.99,GBP
647c7631-018b-4b35-8b3a-679c47d21645,,447769757952,2026-01-21 05:02:13.000,REN,PKG_SERVICE_4_GB,3.49,GBP
d5ea0635-88a7-452b-86d4-1c02855d7ce7,,447709266500,2026-01-21 05:13:29.000,REN,PKG_SERVICE_3_GB,2.99,GBP
99fefd21-81b9-4417-97fd-4f3700252caa,,447731387892,2026-01-21 05:46:37.000,REN,PKG_SERVICE_4_GB,3.49,GBP
bab21f9e-b97b-4577-b5b6-14ed39a89eba,3c5b0b28-f8cb-4312-848d-8ec687cc667a,447725648990,2026-01-21 05:50:13.000,SUB,PKG_SERVICE_4_GB,3.49,GBP
cfbd9c00-af5a-431b-929b-9439b10de080,,447716395343,2026-01-21 05:57:28.000,REN,PKG_SERVICE_5_GB,1.99,GBP
8dbe614a-4509-4ee6-94c2-e196dc44bf51,6be67507-ccfd-45f1-bb30-24eb838e703a,447725722735,2026-01-21 06:12:49.000,SUB,PKG_SERVICE_5_GB,1.99,GBP
61666cea-18e7-43f3-af1e-37362d29cf78,,447759577715,2026-01-21 06:13:51.000,REN,PKG_SERVICE_4_GB,3.49,GBP
5173ecd7-4f63-4568-b88e-a74b58365202,,447708176792,2026-01-21 06:50:32.000,REN,PKG_SERVICE_3_GB,2.99,GBP
29accb55-6805-4356-b00e-47841c35769b,,447762427865,2026-01-21 07:02:14.000,REN,PKG_SERVICE_5_GB,1.99,GBP
6280d991-3ccc-4934-b048-0f79e3ba391c,,447767303509,2026-01-21 07:14:35.000,REN,PKG_SERVICE_5_GB,1.99,GBP
e58a8c73-3381-4768-82af-36f8dbf46af2,dbd30661-c058-4c92-a762-5d7a4b722216,447799851042,2026-01-21 07:25:54.000,SUB,PKG_SERVICE_4_GB,3.49,GBP
bd2d36e7-3aa6-42b1-9315-01c33dcfa5c6,,447791736548,2026-01-21 07:26:36.000,REN,PKG_SERVICE_4_GB,3.49,GBP
5ae5e732-fed1-45c9-87e5-2ff7638f38a0,,447747316875,2026-01-21 07:37:52.000,REN,PKG_SERVICE_3_GB,2.99,GBP
a773ecad-5dd3-41e2-8393-2ae4b05aa7e7,,447738961793,2026-01-21 07:46:12.000,REN,PKG_SERVICE_4_GB,3.49,GBP
a151bf7a-6ac3-4eda-91f1-086d766e76c8,d2cf9848-3d5f-40c4-9475-a740ac544bdd,447712133336,2026-01-21 08:00:13.000,SUB,PKG_SERVICE_3_GB,2.99,GBP
d9520f55-ff72-4a4c-88a8-98fe5282a959,,447703970588,2026-01-21 08:09:46.000,REN,PKG_SERVICE_4_GB,3.49,GBP
9ef1a365-543a-4de1-98a2-153fbb99d33d,e2044f21-f596-435d-ab4d-6f76d069bfab,447792046696,2026-01-21 08:16:49.000,SUB,PKG_SERVICE_5_GB,1.99,GBP
8cd030ff-1965-4e4a-b616-efe9de94be0d,,447744955777,2026-01-21 09:32:57.000,REN,PKG_SERVICE_4_GB,3.49,GBP
36ad22d4-1314-4abc-a869-2bbf9ec50746,,447706183383,2026-01-21 10:05:01.000,REN,PKG_SERVICE_5_GB,1.99,GBP
5a912b05-26b2-4b50-947a-f54663c1227d,,447789593072,2026-01-21 10:12:10.000,REN,PKG_SERVICE_5_GB,1.99,GBP
1ebdf07f-16a4-4c95-9708-b79b0f753150,,447747344466,2026-01-21 10:16:16.000,UNSUB,PKG_SERVICE_5_GB,0,GBP
af19a3e4-523d-4be6-b020-1a844e02d426,,447790729706,2026-01-21 10:27:52.000,REN,PKG_SERVICE_3_GB,2.99,GBP
41928645-7d4e-42ff-bfe8-7098b66b1594,3d77e89c-1f44-48c2-be12-b8f35f674464,447793487069,2026-01-21 10:41:31.000,SUB,PKG_SERVICE_4_GB,3.49,GBP
5eb8cc26-0018-4597-9e79-9bab07fe9e15,,447702609503,2026-01-21 10:43:01.000,REN,PKG_SERVICE_5_GB,1.99,GBP
cf5756bc-d803-41fe-bc5a-284d16f3f5af,,447715691788,2026-01-21 11:05:14.000,REN,PKG_SERVICE_4_GB,3.49,GBP
4a949cf1-1f41-4d28-b43b-a0509e6fd3c4,,447780833452,2026-01-21 11:14:50.000,REN,PKG_SERVICE_3_GB,2.99,GBP
7daaa6e5-2bf3-42d5-98b6-d86f19a11a18,,447723585155,2026-01-21 11:34:30.000,REN,PKG_SERVICE_4_GB,3.49,GBP
4923a608-c258-4aa8-bd1f-6e186b05bc9a,,447738824934,2026-01-21 11:48:16.000,REN,PKG_SERVICE_5_GB,1.99,GBP
78def870-459b-432b-91f2-889020ce9330,,447783616818,2026-01-21 11:51:17.000,REN,PKG_SERVICE_3_GB,2.99,GBP
38633002-fb3b-4897-866e-d66bb0b671ea,,447748306140,2026-01-21 11:53:44.000,REN,PKG_SERVICE_4_GB,3.49,GBP
a77cd043-0f33-42dd-855b-66cf92d45baf,,447734654353,2026-01-21 11:59:25.000,REN,PKG_SERVICE_5_GB,1.99,GBP
57a7f0de-c57f-4abf-bc6f-d0d879405132,597ee0e7-ecc3-4a0c-8db0-16defe660e0d,447765208810,2026-01-21 12:31:00.000,SUB,PKG_SERVICE_4_GB,3.49,GBP
a01e2138-ff6c-4b82-bce4-09bf0fa4cb49,,447791559437,2026-01-21 13:06:59.000,UNSUB,PKG_SERVICE_3_GB,0,GBP
5cb8b6e9-1a8e-4692-89db-d426c3e4cc16,,447718688075,2026-01-21 13:14:58.000,REN,PKG_SERVICE_4_GB,3.49,GBP
6ac0ec14-ee08-45f7-b6e6-f5ab05fddc5f,8a823348-f173-4345-877d-7c11a6a2565b,447738215197,2026-01-21 13:16:45.000,SUB,PKG_SERVICE_5_GB,1.99,GBP
d0d2eb22-2d59-4a95-a854-cb667d2fa906,,447766342280,2026-01-21 13:28:24.000,REN,PKG_SERVICE_5_GB,1.99,GBP
8f4f36a2-f3e7-470b-ab15-91676f63d3f5,4799c983-363a-4e81-b3d2-f1371cdc733d,447742507070,2026-01-21 13:41:06.000,SUB,PKG_SERVICE_4_GB,3.49,GBP
f6694c4f-d158-43f0-b71e-0d2b09f4e253,b0467ed0-6d8b-46a4-9f3a-eaacd69fa9eb,447730350515,2026-01-21 14:09:43.000,SUB,PKG_SERVICE_4_GB,3.49,GBP
f5c91880-9299-4387-bd70-d2dd30c64a11,,447769561185,2026-01-21 14:40:55.000,REN,PKG_SERVICE_4_GB,3.49,GBP
b390549e-27bf-4522-8f9c-6ff14daaec3f,,447758042832,2026-01-21 14:47:21.000,REN,PKG_SERVICE_4_GB,3.49,GBP
63366555-98bb-4358-ac1c-1de4a0e54910,,447752604769,2026-01-21 15:04:13.000,REN,PKG_SERVICE_4_GB,3.49,GBP
d5d5e633-77e1-42aa-b312-3272152301db,,447729353363,2026-01-21 15:17:02.000,REN,PKG_SERVICE_3_GB,2.99,GBP
854d28d4-f751-4b5b-9495-b16598422eeb,7dfb3666-9741-420d-90dc-2eaa654f672e,447763579221,2026-01-21 15:52:40.000,SUB,PKG_SERVICE_3_GB,2.99,GBP
772b2e78-d6b5-48eb-b443-c6dffcfde2d8,0359d05a-206e-4a9f-b2fe-b7882cfe04a3,447785450230,2026-01-21 16:04:25.000,SUB,PKG_SERVICE_4_GB,3.49,GBP
e69a0bb3-e524-4e22-ada4-22b5f41d94ad,51615525-32df-4b72-84f3-099fb52bf96f,447760256759,2026-01-21 16:30:21.000,SUB,PKG_SERVICE_3_GB,2.99,GBP
9b22f8a5-d268-4b70-965d-e8492b86f293,,447757798439,2026-01-21 16:39:51.000,REN,PKG_SERVICE_5_GB,1.99,GBP
f7a46044-87d9-49e3-a117-482636302cfa,,447748089112,2026-01-21 16:59:52.000,REN,PKG_SERVICE_4_GB,3.49,GBP
4fee6e92-4529-439f-a235-3fd319b28b5c,00dd2a64-9ca4-4730-afd7-84f24fc20707,447730491229,2026-01-21 17:17:03.000,SUB,PKG_SERVICE_3_GB,2.99,GBP
72ab2a09-223e-4b04-883b-22f8c627733d,,447795920935,2026-01-21 18:26:12.000,REN,PKG_SERVICE_3_GB,2.99,GBP
010dfbe0-beef-4178-b0dd-f8ded45d5aad,,447713329262,2026-01-21 18:31:24.000,REN,PKG_SERVICE_5_GB,1.99,GBP
3bb5f751-947e-4f67-a1e8-faed8741dfe8,,447768113469,2026-01-21 19:09:00.000,REN,PKG_SERVICE_5_GB,1.99,GBP
4e54b11a-91e3-4243-be03-cd9c75081519,,447709337266,2026-01-21 19:46:55.000,REN,PKG_SERVICE_5_GB,1.99,GBP
c3a9d726-eb9d-47e4-a6d0-0ca22bd18fa1,,447788715506,2026-01-21 19:52:17.000,REN,PKG_SERVICE_4_GB,3.49,GBP
a0226642-d409-47da-a70d-e205e948c616,,447781792371,2026-01-21 19:57:19.000,REN,PKG_SERVICE_3_GB,2.99,GBP
29b65a76-ea36-4be4-8749-d2d13d95ff35,,447705924829,2026-01-21 21:14:03.000,REN,PKG_SERVICE_4_GB,3.49,GBP
989e3310-2acc-4182-896f-5cefba46eea5,832c3dfe-fe47-4d43-be04-08291b6f49c4,447767697503,2026-01-21 21:46:59.000,SUB,PKG_SERVICE_3_GB,2.99,GBP
e12eefb8-1a70-4878-9013-403dedbf2935,c17f7eda-0609-4256-8252-200c554bfa6b,447762363965,2026-01-21 21:48:18.000,SUB,PKG_SERVICE_5_GB,1.99,GBP
597f1ec8-39ed-4e56-aab1-6d8598e7d1cd,ee107150-7dd2-4720-bbf1-75bcc8d7301b,447769023138,2026-01-21 21:55:10.000,SUB,PKG_SERVICE_3_GB,2.99,GBP
8fc738aa-27c3-44f7-8794-97e68dcd67ea,d3753d01-4fbc-4819-a5a8-f42b9189bcce,447718725746,2026-01-21 22:51:46.000,SUB,PKG_SERVICE_3_GB,2.99,GBP
8df47c71-3e5c-4410-97b3-ea58ccdf8619,,447787645048,2026-01-21 23:30:44.000,REN,PKG_SERVICE_4_GB,3.49,GBP
0908b8ce-521d-4db1-9845-9ccca2bf90cd,,447798423833,2026-01-21 23:34:37.000,REN,PKG_SERVICE_5_GB,1.99,GBP
aef2166b-cadb-41ce-aefe-28f444f6a184,,447728080250,2026-01-22 00:06:21.000,REN,PKG_SERVICE_5_GB,1.99,GBP
6919c269-7081-49b3-bd43-d5a9942a6846,,447781192063,2026-01-22 00:44:22.000,REN,PKG_SERVICE_3_GB,2.99,GBP
c763a59b-2cee-4a5a-8af2-bbadad3abd4f,c9a2f6a9-18b3-4c21-8045-8161f3369b58,447772849482,2026-01-22 00:44:25.000,SUB,PKG_SERVICE_4_GB,3.49,GBP
10d4e538-c8f8-414d-abea-b462926fdf43,,447750744027,2026-01-22 00:52:57.000,REN,PKG_SERVICE_4_GB,3.49,GBP
50a074a0-672e-4b70-9237-5871a93ed8c3,,447720584162,2026-01-22 00:57:12.000,REN,PKG_SERVICE_4_GB,3.49,GBP
d0c66691-d6d9-4b7f-b7cb-0a2daa624ed2,,447735333950,2026-01-22 01:17:47.000,REN,PKG_SERVICE_5_GB,1.99,GBP
7e180615-7f99-41ea-9ad6-fb8d93b5e677,,447778109651,2026-01-22 01:27:46.000,REN,PKG_SERVICE_3_GB,2.99,GBP
a32c202f-70d4-4884-83a2-07071478471e,,447745447330,2026-01-22 02:01:59.000,REN,PKG_SERVICE_3_GB,2.99,GBP
892d3f75-90ab-4ef6-8475-a5098d66593c,,447723433631,2026-01-22 02:36:45.000,REN,PKG_SERVICE_4_GB,3.49,GBP
c0beff0d-6c9a-411a-82ec-30a1f56cafc3,,447754777345,2026-01-22 03:07:36.000,UNSUB,PKG_SERVICE_3_GB,0,GBP
16e98941-f1a2-45ad-afd6-155c443a625d,cad6f8d7-c06a-4b40-a95f-b16f72b11574,447768868188,2026-01-22 03:10:14.000,SUB,PKG_SERVICE_4_GB,3.49,GBP
aeb25c8b-eab5-44b3-9210-c2d4888d135d,,447733352535,2026-01-22 03:10:33.000,REN,PKG_SERVICE_4_GB,3.49,GBP
e9677e6e-7cb5-4f2e-8e50-4529d220c613,,447710803340,2026-01-22 04:14:12.000,REN,PKG_SERVICE_4_GB,3.49,GBP
9ebe7e17-4a81-4dcf-aef3-b376cd17f37e,,447714983497,2026-01-22 04:15:24.000,REN,PKG_SERVICE_5_GB,1.99,GBP
7780f4c6-cddd-4ddc-8fbf-eebdd40bc1bc,df325122-33a5-491d-bf14-1410065d29c2,447752616582,2026-01-22 04:17:18.000,SUB,PKG_SERVICE_5_GB,1.99,GBP
a691278c-6db9-423e-9648-71fa7afecfe6,,447701793071,2026-01-22 04:40:48.000,REN,PKG_SERVICE_5_GB,1.99,GBP
adf39225-93e8-4e42-a6cc-b0b60260090b,,447754447687,2026-01-22 04:41:59.000,REN,PKG_SERVICE_5_GB,1.99,GBP
6bb9f511-0e2d-4fcb-9590-e8aa95d20d4e,,447731906151,2026-01-22 04:51:11.000,REN,PKG_SERVICE_4_GB,3.49,GBP
54f67464-ccc6-40ef-ba12-7736b9350189,a6802f82-1935-411e-996c-9b4b187de193,447742674149,2026-01-22 05:04:42.000,SUB,PKG_SERVICE_4_GB,3.49,GBP
8f788299-80f2-43d0-bf55-714bc8136e05,b12ea217-c901-44db-841d-240af3659268,447753379882,2026-01-22 05:12:35.000,SUB,PKG_SERVICE_3_GB,2.99,GBP
f4e46113-c726-4d94-ae29-52c5d0d9f660,,447762012067,2026-01-22 05:18:14.000,REN,PKG_SERVICE_5_GB,1.99,GBP
0db11123-373e-427d-a6b0-03620d848ab9,,447770394905,2026-01-22 05:58:08.000,REN,PKG_SERVICE_4_GB,3.49,GBP
10af3898-36cd-47f7-a578-349b148c80ef,74994abc-8042-4fac-af09-89522402891d,447759543482,2026-01-22 06:01:14.000,SUB,PKG_SERVICE_3_GB,2.99,GBP
b13ce836-7ff8-4a78-8b99-ec0a216ab49a,,447740366306,2026-01-22 06:05:28.000,REN,PKG_SERVICE_5_GB,1.99,GBP
60f8b444-76d8-4124-aee0-c4f40d44de14,,447773081315,2026-01-22 06:27:57.000,REN,PKG_SERVICE_4_GB,3.49,GBP
94b186ac-bf9b-4578-a3ae-f721c6fd6ba5,,447703406267,2026-01-22 06:42:39.000,REN,PKG_SERVICE_4_GB,3.49,GBP
249a7a7a-5f79-4e70-b3a8-1e0af2ddc295,,447710983796,2026-01-22 06:49:59.000,REN,PKG_SERVICE_4_GB,3.49,GBP
9bd0bf69-e6b7-4c65-8bf2-1ddf7d67ad76,,447755537003,2026-01-22 06:52:45.000,REN,PKG_SERVICE_4_GB,3.49,GBP
4c9c5c27-a757-42dc-a872-b3cd6be4d4e0,,447717953701,2026-01-22 07:20:30.000,REN,PKG_SERVICE_3_GB,2.99,GBP
6594309e-f261-4e2f-8934-9991e5a68844,9b601555-8a5f-4fbc-9bc2-2a6b60828f58,447722622570,2026-01-22 07:29:26.000,SUB,PKG_SERVICE_5_GB,1.99,GBP
935e3783-41f4-461d-b4e1-a475eabd203d,,447783082440,2026-01-22 07:48:22.000,REN,PKG_SERVICE_3_GB,2.99,GBP
c3fa6653-7b40-4066-b468-6457f3d17ca5,,447794104685,2026-01-22 07:56:20.000,REN,PKG_SERVICE_4_GB,3.49,GBP
3006dbdf-31d6-43f5-83c5-b235251786f7,,447714700338,2026-01-22 07:56:58.000,REN,PKG_SERVICE_4_GB,3.49,GBP
d5deb121-f38c-4c3c-894f-2507cf69eacd,,447711132580,2026-01-22 08:20:36.000,REN,PKG_SERVICE_5_GB,1.99,GBP
6fdced19-e72f-47dc-9f24-015e8864504f,c9916404-f20b-4596-9400-c9b802eb28e9,447748008794,2026-01-22 08:34:28.000,SUB,PKG_SERVICE_3_GB,2.99,GBP
1945b4db-abd8-4aa6-9e5b-21249cd3b3a3,e7820586-831e-4d4f-a5e8-d93f494ea20d,447769479389,2026-01-22 08:35:19.000,SUB,PKG_SERVICE_5_GB,1.99,GBP
1e6a8039-1554-4f7a-a4b7-b6b2b455947a,e77290c3-fb5f-4681-a460-96e94055b962,447777005456,2026-01-22 08:55:39.000,SUB,PKG_SERVICE_3_GB,2.99,GBP
36aaa392-6891-46f2-9470-4ac3960fe252,,447799728547,2026-01-22 10:17:46.000,REN,PKG_SERVICE_5_GB,1.99,GBP
8149bcc5-f49f-44cf-8e49-bd56938d686c,,447790001998,2026-01-22 10:50:39.000,REN,PKG_SERVICE_5_GB,1.99,GBP
751365ed-4ed6-4426-aa2e-df3e152abcb5,,447707603812,2026-01-22 11:13:09.000,REN,PKG_SERVICE_4_GB,3.49,GBP
22fbae8f-9149-4451-950e-d3c1f44e9242,,447708781915,2026-01-22 11:22:29.000,REN,PKG_SERVICE_5_GB,1.99,GBP
82c3d9b4-58b6-45f4-98c4-4fb944c2f79c,5e196a8b-cad2-44c0-98a5-0f0580c2d3da,447774815145,2026-01-22 12:10:58.000,SUB,PKG_SERVICE_4_GB,3.49,GBP
23adb2b7-627b-4a8a-9a41-d329b5dce240,,447772089727,2026-01-22 12:29:09.000,REN,PKG_SERVICE_4_GB,3.49,GBP
83a11193-1d2c-47b9-bd75-a3933e62908a,,447766346709,2026-01-22 13:10:00.000,REN,PKG_SERVICE_3_GB,2.99,GBP
fc8d62c9-ff9f-4b1d-961e-4c1a9edf8213,,447743768865,2026-01-22 13:26:35.000,REN,PKG_SERVICE_4_GB,3.49,GBP
8599803a-f394-4d9b-bf57-547505f50c38,,447726962210,2026-01-22 13:29:14.000,REN,PKG_SERVICE_4_GB,3.49,GBP
b373d6b5-95b8-4b60-8dc3-5931ba7e2d66,ac2ee855-996b-4122-882d-6a9d023bc620,447741268329,2026-01-22 13:46:26.000,SUB,PKG_SERVICE_3_GB,2.99,GBP
0225d08a-e491-465b-a755-38bdac1f0355,,447744964222,2026-01-22 13:50:50.000,REN,PKG_SERVICE_4_GB,3.49,GBP
806a35c4-bc81-40fa-bb6d-58b66955676b,,447722994633,2026-01-22 14:17:41.000,REN,PKG_SERVICE_5_GB,1.99,GBP
5367eaa9-8837-4e60-8a13-ab4ed68d1bf5,,447795473004,2026-01-22 14:42:52.000,REN,PKG_SERVICE_4_GB,3.49,GBP
40adbc7f-a153-46ef-b208-91db8dd15b15,8f91ed00-7165-4a3a-ae03-7a162df3a9cd,447700119541,2026-01-22 15:35:58.000,SUB,PKG_SERVICE_3_GB,2.99,GBP
c9eb881c-23ff-4032-a1f4-e080b2ed8bd4,,447740633806,2026-01-22 16:21:30.000,REN,PKG_SERVICE_3_GB,2.99,GBP
425edb95-52a1-4eed-91bc-3cffd07aa201,6f23a6a8-0dbc-4fd1-8448-713ebdfaf42e,447730847254,2026-01-22 16:53:39.000,SUB,PKG_SERVICE_5_GB,1.99,GBP
eea0ae93-23fd-4fdf-a1af-4758f3e0789c,8f791dce-c1b3-4198-8b4c-17ef2484f3cb,447746394080,2026-01-22 17:03:03.000,SUB,PKG_SERVICE_4_GB,3.49,GBP
f55d3867-bb99-49da-a7f1-5344999b87a7,,447730313223,2026-01-22 17:06:26.000,REN,PKG_SERVICE_5_GB,1.99,GBP
3236c799-7887-48f7-bd2a-1e81d9c492b1,,447797186707,2026-01-22 17:08:27.000,REN,PKG_SERVICE_4_GB,3.49,GBP
4bb47766-0c5b-47d3-aab3-efc68d633c4c,,447755922803,2026-01-22 17:25:17.000,REN,PKG_SERVICE_3_GB,2.99,GBP
172b5a05-3f66-4cb5-983e-c8bb77d63588,,447761925038,2026-01-22 17:28:04.000,REN,PKG_SERVICE_5_GB,1.99,GBP
93d93950-2817-4755-812a-0dda0dc4cb9c,3765e421-3a08-41b3-baab-9cfed17275ab,447719355463,2026-01-22 18:01:36.000,SUB,PKG_SERVICE_4_GB,3.49,GBP
eacc032a-d759-460a-831d-051eea00a794,,447732150705,2026-01-22 18:06:54.000,REN,PKG_SERVICE_5_GB,1.99,GBP
d0880ff3-3ab0-4cda-a58c-34ff07788a26,,447729353363,2026-01-22 18:10:58.000,UNSUB,PKG_SERVICE_3_GB,0,GBP
c68d575a-4366-4d2e-b2ad-e52cc0fefbaa,2529bf1b-3b2a-4912-b07a-47b9be15b087,447747981370,2026-01-22 19:22:27.000,SUB,PKG_SERVICE_5_GB,1.99,GBP
93d0000c-c6ce-4612-b6bb-b3f692ce1c1e,,447709520213,2026-01-22 20:13:25.000,REN,PKG_SERVICE_5_GB,1.99,GBP
9dda8d08-b5b1-42ca-9b78-c9aab5470327,,447772517130,2026-01-22 20:18:10.000,REN,PKG_SERVICE_4_GB,3.49,GBP
c99b740d-8da2-4838-b62c-fd42e785b588,,447733519886,2026-01-22 20:53:47.000,REN,PKG_SERVICE_3_GB,2.99,GBP
69acdb9f-d1c9-4209-9555-272d9f1fe6fe,18f7d2b9-f23b-43f9-857b-2317f0773e43,447710600314,2026-01-22 21:00:41.000,SUB,PKG_SERVICE_4_GB,3.49,GBP
5ae230a3-fed2-44c3-a091-11b2df9a960b,5c5961be-9705-4a69-99fc-f6ccb5d90338,447799913578,2026-01-22 21:08:59.000,SUB,PKG_SERVICE_5_GB,1.99,GBP
562809b6-01a8-419f-a75e-d10e7f7eaf09,,447751380436,2026-01-22 21:35:42.000,REN,PKG_SERVICE_4_GB,3.49,GBP
cf77f463-d7c1-43f1-a69e-9b554d89960e,,447736965105,2026-01-22 21:45:57.000,REN,PKG_SERVICE_3_GB,2.99,GBP
d21c9c93-10e6-4fd7-9b96-cc88b2c42441,2f5e84ab-a956-4881-9de9-8b753cf3b7de,447719557927,2026-01-22 22:12:03.000,SUB,PKG_SERVICE_4_GB,3.49,GBP
e033b75b-0b91-4c3d-9ded-a9794a954cab,17580b3b-4226-4c4a-8a52-496e131aa709,447771679044,2026-01-22 22:18:34.000,SUB,PKG_SERVICE_5_GB,1.99,GBP
d01edbb1-cc88-4140-8516-44fbed4cdc74,eecfefb0-fffa-457f-ac67-ee02fe3ec581,447783192710,2026-01-22 22:56:07.000,SUB,PKG_SERVICE_5_GB,1.99,GBP
8c578bf7-091c-461c-9ace-4cbd27477c97,5139625e-f0a0-49f5-aa5a-0f13d0e1bb00,447759975994,2026-01-22 23:22:52.000,SUB,PKG_SERVICE_3_GB,2.99,GBP
9dea6daf-c2fc-4a61-9dc2-947a8f72e115,e00db567-1c4c-4907-a527-7a05b29ab1a7,447740721152,2026-01-22 23:31:24.000,SUB,PKG_SERVICE_3_GB,2.99,GBP
7d9b721f-8198-4008-ad65-a9b72515724f,,447740154684,2026-01-22 23:38:42.000,REN,PKG_SERVICE_5_GB,1.99,GBP
1a8a08e3-5a9d-4a2b-88a5-087b58133041,,447731965362,2026-01-22 23:50:43.000,REN,PKG_SERVICE_3_GB,2.99,GBP
af64bcea-6bbc-4dea-8435-ad12b570ece4,,447789874525,2026-01-23 00:19:30.000,REN,PKG_SERVICE_5_GB,1.99,GBP
f774d026-b2e3-48ea-9c73-ddd96bd1b58e,,447795920935,2026-01-23 00:35:15.000,UNSUB,PKG_SERVICE_3_GB,0,GBP
8767d201-3b6b-4531-aa5c-431874a05071,,447755662575,2026-01-23 00:55:30.000,REN,PKG_SERVICE_4_GB,3.49,GBP
db32b254-c796-4df4-b782-4446fd8ab0a5,,447744926844,2026-01-23 00:59:30.000,REN,PKG_SERVICE_5_GB,1.99,GBP
485a50f0-b9e6-4d64-9fb3-9b0454b197ab,,447731782545,2026-01-23 01:00:31.000,REN,PKG_SERVICE_5_GB,1.99,GBP
67114127-80e5-42c9-b364-2efd3d880f18,,447777645665,2026-01-23 01:06:05.000,REN,PKG_SERVICE_4_GB,3.49,GBP
e829eeb3-7d0c-4f48-897f-e182b063cb89,,447711931660,2026-01-23 01:30:53.000,REN,PKG_SERVICE_5_GB,1.99,GBP
05dbaef2-4595-4905-baec-fbf3ccb1e2d5,,447792104181,2026-01-23 01:32:27.000,REN,PKG_SERVICE_4_GB,3.49,GBP
655d6cf9-42c5-48f8-89f7-4b5a26af2a71,75944a8e-f693-42f0-aef3-43230b16c0c9,447704380619,2026-01-23 01:47:42.000,SUB,PKG_SERVICE_4_GB,3.49,GBP
58b4f57f-2e36-484d-8611-cc2112b5e4ad,f1ef1722-c48b-4a4e-b04b-2f5bc4e3f85e,447788046344,2026-01-23 01:49:48.000,SUB,PKG_SERVICE_3_GB,2.99,GBP
dd5a8112-6170-4fd7-8386-d9859ad9ddc3,880e59c0-8b28-4583-a67e-1096d0daabc5,447721402848,2026-01-23 01:53:56.000,SUB,PKG_SERVICE_3_GB,2.99,GBP
bf100c9b-2d8e-4de9-911e-aefe1d5a2bec,,447777572964,2026-01-23 02:17:43.000,REN,PKG_SERVICE_4_GB,3.49,GBP
21218891-4317-4ea9-8a42-d082c3f03aec,3750ff5a-5576-407a-82cb-d33a610862ab,447781906395,2026-01-23 02:18:17.000,SUB,PKG_SERVICE_4_GB,3.49,GBP
5b81a46a-0270-4959-9150-d747f084bc77,,447743200855,2026-01-23 02:46:33.000,REN,PKG_SERVICE_4_GB,3.49,GBP
f65b3726-5df7-4602-9072-df1e96f92899,,447702628617,2026-01-23 03:01:21.000,REN,PKG_SERVICE_3_GB,2.99,GBP
1248f495-1647-46a6-af93-1d59258f0da4,,447702854811,2026-01-23 03:06:12.000,REN,PKG_SERVICE_5_GB,1.99,GBP
f23f5777-95bf-4cc4-b2ff-b3904d2d2764,b2b6855a-a314-402d-b948-bb36a4f627a0,447768102816,2026-01-23 03:08:41.000,SUB,PKG_SERVICE_5_GB,1.99,GBP
8dda3013-9841-4758-8876-4aecaf9b606c,,447796305078,2026-01-23 03:45:09.000,REN,PKG_SERVICE_5_GB,1.99,GBP
19f047c7-8976-41cc-816b-29568ff5eca6,fdff9f1c-dc1f-404a-bd5a-9b622f132388,447792603567,2026-01-23 04:02:52.000,SUB,PKG_SERVICE_5_GB,1.99,GBP
75a74262-b3be-431b-8152-b03c51f635ab,8b0c457a-090d-4381-baa4-e3f404f6b2ba,447769144247,2026-01-23 04:21:31.000,SUB,PKG_SERVICE_4_GB,3.49,GBP
f85730b8-56b1-42ab-ac22-1b7a0820e917,,447720930226,2026-01-23 04:47:38.000,REN,PKG_SERVICE_5_GB,1.99,GBP
7a611a3b-0c5b-4ad3-8aec-70466df484e2,,447719279640,2026-01-23 05:13:15.000,REN,PKG_SERVICE_4_GB,3.49,GBP
08097b89-e18d-40d4-8496-6205e52431bb,,447777171497,2026-01-23 05:19:24.000,REN,PKG_SERVICE_5_GB,1.99,GBP
5e849ef8-f5ad-420b-8a7b-4225649fe590,21589c13-e903-4e49-a034-ef69eebbd73b,447793610030,2026-01-23 05:31:39.000,SUB,PKG_SERVICE_3_GB,2.99,GBP
525ded32-ec26-4713-86fb-728356c3e030,,447797620232,2026-01-23 06:01:30.000,REN,PKG_SERVICE_4_GB,3.49,GBP
596f036f-1439-4b94-b6c7-b7675650f4e5,6fd3cdf0-0124-4230-bcc7-fc729e1e4605,447740913229,2026-01-23 06:16:09.000,SUB,PKG_SERVICE_3_GB,2.99,GBP
a9957a26-d5a6-4631-aabb-b480eab307e0,,447708623748,2026-01-23 06:19:43.000,REN,PKG_SERVICE_5_GB,1.99,GBP
00c9a75c-7ff9-4344-9ae8-172e5388cd8e,,447727021596,2026-01-23 06:27:53.000,REN,PKG_SERVICE_5_GB,1.99,GBP
7d8920f6-db19-44cc-b8a6-70cb84adf467,28e947ba-af78-409c-814c-94e0941f4c64,447735541886,2026-01-23 06:50:40.000,SUB,PKG_SERVICE_3_GB,2.99,GBP
88f290e9-187b-4b72-9959-2a0b95ad8542,,447700789557,2026-01-23 07:01:46.000,REN,PKG_SERVICE_3_GB,2.99,GBP
b45f0c4d-d322-4d76-a989-3cc4227ad6f7,,447790143068,2026-01-23 07:29:13.000,UNSUB,PKG_SERVICE_5_GB,0,GBP
d39a0ab8-0de4-4763-9549-911facf7ad3d,,447792932581,2026-01-23 07:37:37.000,REN,PKG_SERVICE_3_GB,2.99,GBP
58ff669f-ed32-463f-bdeb-3fa6ac9c5058,,447764578762,2026-01-23 08:00:07.000,REN,PKG_SERVICE_5_GB,1.99,GBP
c4a65109-c2e0-4066-abb9-876d94603352,1f1902f1-b41b-4851-9be3-7cd202a9f599,447796451733,2026-01-23 08:16:21.000,SUB,PKG_SERVICE_5_GB,1.99,GBP
a8c9cdcf-e2c1-4cdd-8f94-f4a7a0f07933,,447738739167,2026-01-23 08:18:32.000,REN,PKG_SERVICE_4_GB,3.49,GBP
bd3d169f-3592-4938-a3a4-3048484bc2e4,eee53d71-5f35-4977-9806-1dfd69f022b0,447722239067,2026-01-23 08:23:12.000,SUB,PKG_SERVICE_3_GB,2.99,GBP
d9c7f71b-9433-4af9-9fd9-3acf33187a30,,447715344844,2026-01-23 08:34:40.000,REN,PKG_SERVICE_5_GB,1.99,GBP
d58f9b82-42b0-4d07-a553-4ab869942bed,,447761869868,2026-01-23 08:55:00.000,REN,PKG_SERVICE_3_GB,2.99,GBP
7a1c1f00-81ff-44d1-95ba-38b194804f70,08e963fe-cdf0-47ce-89c6-f8cb18e5266d,447752805153,2026-01-23 09:16:02.000,SUB,PKG_SERVICE_4_GB,3.49,GBP
05f1b433-575b-46f6-b8dd-9bff7c2c0c4a,,447727062442,2026-01-23 09:24:44.000,REN,PKG_SERVICE_4_GB,3.49,GBP
3537ab16-35d0-4ec7-a520-60835758948b,,447792932581,2026-01-23 09:46:48.000,UNSUB,PKG_SERVICE_3_GB,0,GBP
c1472ea3-9ac0-4bbd-8169-3fb051bb355c,,447778350617,2026-01-23 09:50:24.000,REN,PKG_SERVICE_5_GB,1.99,GBP
0a355036-bc5a-4fcd-ac85-36f2a905732d,,447709196142,2026-01-23 09:57:07.000,REN,PKG_SERVICE_4_GB,3.49,GBP
0f97cecd-236a-4d10-8b38-c56ed8497b42,378de0d8-519d-4412-bb32-52dac1bfc737,447778985716,2026-01-23 09:57:19.000,SUB,PKG_SERVICE_5_GB,1.99,GBP
6f3c43d9-b0d8-4dde-b8f4-0bff7d7b41cc,,447749229659,2026-01-23 10:15:12.000,REN,PKG_SERVICE_3_GB,2.99,GBP
a3e8c0f9-3478-4ae9-ba08-bfbf15e40587,,447766346709,2026-01-23 10:16:36.000,UNSUB,PKG_SERVICE_3_GB,0,GBP
cba4510a-c488-47df-80b6-8dde29acc022,,447793595901,2026-01-23 10:23:17.000,REN,PKG_SERVICE_3_GB,2.99,GBP
2cdccc70-84a4-4ad2-aef3-afdd2661a6ed,ced9c6c4-0ab0-482c-88ff-b05804eaa264,447776268457,2026-01-23 10:25:44.000,SUB,PKG_SERVICE_3_GB,2.99,GBP
31a36f97-9fac-44aa-9cd4-3120feb75902,,447715714642,2026-01-23 10:34:53.000,REN,PKG_SERVICE_3_GB,2.99,GBP
e2fbe988-092e-408c-bf8a-f550861450fb,,447777591997,2026-01-23 10:37:56.000,REN,PKG_SERVICE_3_GB,2.99,GBP
47a948ba-5786-4b47-bbb7-1f52cb2c56b0,b3844e0d-bd78-44db-ac50-b7e4b986f503,447737114487,2026-01-23 10:40:23.000,SUB,PKG_SERVICE_4_GB,3.49,GBP
7febdd11-ffe1-4183-8163-02ce593fc215,ffefb5c1-792d-42c9-bf12-42add8db13ae,447752603677,2026-01-23 11:10:39.000,SUB,PKG_SERVICE_5_GB,1.99,GBP
7dc01926-5387-4041-9786-9fd1a24f83da,,447775209178,2026-01-23 11:16:49.000,REN,PKG_SERVICE_3_GB,2.99,GBP
bf4a11fa-f31b-4efc-9683-e9700a87600a,,447750614535,2026-01-23 11:23:11.000,REN,PKG_SERVICE_3_GB,2.99,GBP
f26cfe5b-eb17-46a5-9f1a-05b90ec13ebe,,447746734234,2026-01-23 11:40:06.000,REN,PKG_SERVICE_4_GB,3.49,GBP
76e4c64a-cf89-415e-80c2-0058b252e04c,,447717720562,2026-01-23 11:42:19.000,REN,PKG_SERVICE_4_GB,3.49,GBP
260b702d-5270-42cc-adc1-4f9f63237ba5,efbf1249-d56f-4510-a30a-7c59571c174a,447798333501,2026-01-23 12:08:48.000,SUB,PKG_SERVICE_3_GB,2.99,GBP
442cd7f3-021f-4a98-a98f-c6900dffef24,,447712547744,2026-01-23 12:17:31.000,REN,PKG_SERVICE_5_GB,1.99,GBP
1eed3619-45ca-499b-90ed-9d736a3de084,5f88fe80-9c65-465b-afa5-f32ac4cedf42,447733347998,2026-01-23 12:26:37.000,SUB,PKG_SERVICE_3_GB,2.99,GBP
78f01449-b334-4bfd-ad9e-6dce16216104,ee442519-b920-40a8-9892-d4341a3f0534,447790905466,2026-01-23 12:27:19.000,SUB,PKG_SERVICE_5_GB,1.99,GBP
f8de41f9-f0a6-4fac-ac8a-b313819fdf60,e6da7df8-4ef3-42c6-9082-a64b9eeec2a8,447741013767,2026-01-23 12:38:50.000,SUB,PKG_SERVICE_5_GB,1.99,GBP
33c6b767-7656-435f-89d0-f02fe0e50e11,,447771569887,2026-01-23 12:41:18.000,REN,PKG_SERVICE_3_GB,2.99,GBP
3a290012-0efb-4a77-bf5b-f2b690e5e829,,447779498105,2026-01-23 12:44:25.000,REN,PKG_SERVICE_5_GB,1.99,GBP
820aa660-7cbd-4971-b1a0-dcf08085e40d,,447790323298,2026-01-23 12:49:51.000,REN,PKG_SERVICE_4_GB,3.49,GBP
739c7fa4-d5f0-45d0-87bf-4884f5434075,428cb16f-584c-48ce-b087-05163ba08c77,447729230007,2026-01-23 13:02:18.000,SUB,PKG_SERVICE_3_GB,2.99,GBP
d8cbbe87-8293-4742-aeb5-d4e4624a55c0,,447746766312,2026-01-23 13:10:05.000,REN,PKG_SERVICE_5_GB,1.99,GBP
216e736b-db0b-4559-a367-fb256eb13b6f,,447778746990,2026-01-23 13:43:50.000,REN,PKG_SERVICE_3_GB,2.99,GBP
ce3a6720-2fb7-4432-94a1-88932e030f8e,3db13000-572f-4007-a4bd-9872fe7c57ed,447723654859,2026-01-23 14:15:54.000,SUB,PKG_SERVICE_3_GB,2.99,GBP
e32241ce-b996-480f-a2c0-f962d4536a16,,447755508428,2026-01-23 14:44:20.000,REN,PKG_SERVICE_4_GB,3.49,GBP
0916e052-cd63-46e4-9a30-6462b33864ab,,447761008495,2026-01-23 14:52:39.000,UNSUB,PKG_SERVICE_4_GB,0,GBP
6826fbf1-40a5-463c-be61-c053c0ae8556,11462a5d-f226-4911-84e1-bc05b1784086,447772318023,2026-01-23 14:53:29.000,SUB,PKG_SERVICE_5_GB,1.99,GBP
1bf71b03-d335-4183-a45e-8c575a0981de,,447725447598,2026-01-23 14:53:54.000,REN,PKG_SERVICE_5_GB,1.99,GBP
4ff0f4e0-1eb3-4ce7-8266-55fa7f11bb6a,6148616d-ffa8-44d6-a803-491874f1cc33,447714174778,2026-01-23 14:59:45.000,SUB,PKG_SERVICE_5_GB,1.99,GBP
7760cb99-5c56-4506-b348-28fa90669984,6f66f790-1044-47cf-b119-aac7dcfb6fb1,447767781378,2026-01-23 16:09:38.000,SUB,PKG_SERVICE_4_GB,3.49,GBP
f7f5fbb1-f7b0-402c-adb4-e3d240023dca,,447742511066,2026-01-23 16:11:15.000,REN,PKG_SERVICE_5_GB,1.99,GBP
ec60b7aa-ab07-4240-8eb8-7e12dfcfb6c3,e260b65a-32c5-4450-b479-bd8fbe92474a,447761485721,2026-01-23 16:39:09.000,SUB,PKG_SERVICE_5_GB,1.99,GBP
0ee08d2d-5d17-485d-b04c-77674fff3b12,,447790831507,2026-01-23 17:08:13.000,REN,PKG_SERVICE_5_GB,1.99,GBP
29b6eae6-ae01-45a2-9b5e-d180e520ebbc,,447729248539,2026-01-23 17:12:05.000,REN,PKG_SERVICE_3_GB,2.99,GBP
d1e17769-d179-4234-82fb-d3387738c004,,447768116967,2026-01-23 17:22:35.000,UNSUB,PKG_SERVICE_5_GB,0,GBP
0496f5df-e571-4bb9-a5c4-e1b9afc01cba,,447748297231,2026-01-23 17:32:01.000,REN,PKG_SERVICE_3_GB,2.99,GBP
dac77b9d-d48d-42fb-bfe1-321d1a8742de,,447734384897,2026-01-23 17:32:10.000,REN,PKG_SERVICE_5_GB,1.99,GBP
8aec016d-a0c2-4229-89fc-e8000a1bc0a7,,447740530217,2026-01-23 18:00:28.000,REN,PKG_SERVICE_4_GB,3.49,GBP
0269c08c-ae23-436c-a648-b461ab787b60,,447703229121,2026-01-23 18:02:06.000,REN,PKG_SERVICE_4_GB,3.49,GBP
a7dd490b-40a4-4356-9841-5a8464ac7ec9,271d36e7-544b-4038-8b32-1a31a60783e9,447769955480,2026-01-23 18:09:48.000,SUB,PKG_SERVICE_3_GB,2.99,GBP
a10f5119-8c4a-4cf0-b2b1-bc33dfe143be,,447718364412,2026-01-23 18:40:27.000,REN,PKG_SERVICE_5_GB,1.99,GBP
3484717d-1804-48b9-a862-dc5c0daf09b6,,447760671875,2026-01-23 19:13:58.000,REN,PKG_SERVICE_4_GB,3.49,GBP
e872e307-1764-4500-a9d0-fe6aa69c2829,,447701928537,2026-01-23 19:35:46.000,REN,PKG_SERVICE_5_GB,1.99,GBP
28074429-1895-4bc6-a4dd-12dda188d62c,,447763145218,2026-01-23 20:28:39.000,REN,PKG_SERVICE_3_GB,2.99,GBP
4a716a0d-eba1-4a66-ad52-09f20965a030,,447763237984,2026-01-23 20:35:33.000,REN,PKG_SERVICE_4_GB,3.49,GBP
e749735d-61cb-423a-83a6-25a998d61c88,30c1106e-03e6-48e7-8d5e-d30fd09d7602,447750961074,2026-01-23 21:21:45.000,SUB,PKG_SERVICE_5_GB,1.99,GBP
3861f333-dd64-4c50-9290-4c48452d3cab,,447791406256,2026-01-23 21:39:31.000,REN,PKG_SERVICE_4_GB,3.49,GBP
69579a79-490d-4940-8bb4-f481918434eb,,447705428056,2026-01-23 21:54:34.000,REN,PKG_SERVICE_4_GB,3.49,GBP
bbecbbed-0fdb-4f72-b336-52d7aae5c659,,447782856735,2026-01-23 22:04:09.000,REN,PKG_SERVICE_5_GB,1.99,GBP
4b20fcb5-17f4-4024-8178-9b09d99d9147,,447790729706,2026-01-23 22:22:42.000,UNSUB,PKG_SERVICE_3_GB,0,GBP
cc96f0f8-f4f3-48f4-a815-b6e82acd46d9,1939780c-f63a-43d3-83a4-2bca2e94da43,447742537935,2026-01-23 23:30:54.000,SUB,PKG_SERVICE_4_GB,3.49,GBP
ac820be9-aa78-4971-94d6-f44d5c2b48fe,9cd28c18-da1d-4eea-854b-53bd59e01169,447717284884,2026-01-23 23:52:55.000,SUB,PKG_SERVICE_3_GB,2.99,GBP
5cf752c0-4da9-4e6c-862b-caca03a757b9,f8ef32d9-edc8-4356-b868-6aad8a34dc6b,447745968050,2026-01-24 00:04:23.000,SUB,PKG_SERVICE_3_GB,2.99,GBP
4add1b13-c18f-4e06-a1f7-175687ba3dd4,7b61db35-952d-466b-a421-6a3c49785b9c,447740182718,2026-01-24 00:06:01.000,SUB,PKG_SERVICE_3_GB,2.99,GBP
c085b15b-bb62-452c-8a3d-40e474d1217c,,447751372134,2026-01-24 00:06:13.000,REN,PKG_SERVICE_3_GB,2.99,GBP
b6a00c3e-8c4c-481a-a3af-4b6ba1a4c5b7,,447777565391,2026-01-24 00:10:24.000,REN,PKG_SERVICE_3_GB,2.99,GBP
c8cd51b5-927a-4f30-83e0-c9c1b12675fd,,447718016734,2026-01-24 00:16:33.000,REN,PKG_SERVICE_4_GB,3.49,GBP
cb79b5ee-899b-4200-8007-be55a3bf01fe,b8882f5e-cfec-4fa9-bcd5-f00ef83f9282,447732764445,2026-01-24 01:00:56.000,SUB,PKG_SERVICE_3_GB,2.99,GBP
25e07175-0a93-41bd-9329-c10de11bbf80,,447752970101,2026-01-24 01:06:02.000,REN,PKG_SERVICE_5_GB,1.99,GBP
9bb0a562-e885-4ed9-89f0-84d07f6dd72d,,447700978095,2026-01-24 01:16:22.000,REN,PKG_SERVICE_3_GB,2.99,GBP
f43afb2e-c5e8-4232-a0a9-87d2c5317b85,,447717029264,2026-01-24 01:42:40.000,REN,PKG_SERVICE_4_GB,3.49,GBP
2477f1c8-34b2-468a-b226-2d36839643ff,527bde1a-d664-4e52-8524-ee78c623fd96,447751958297,2026-01-24 01:43:44.000,SUB,PKG_SERVICE_3_GB,2.99,GBP
77479007-9462-4e1a-ae9b-f9f2ceb941f6,a89f39a7-5d2d-4505-bc61-aec86281df1a,447709108928,2026-01-24 02:03:20.000,SUB,PKG_SERVICE_4_GB,3.49,GBP
7f5d498b-61d3-4157-93f3-4671755e6d9b,,447728625435,2026-01-24 02:06:24.000,REN,PKG_SERVICE_3_GB,2.99,GBP
9faf7013-1437-4915-a861-547e7aa3b2e8,,447756913519,2026-01-24 02:21:04.000,REN,PKG_SERVICE_5_GB,1.99,GBP
8035ca01-5bef-4c27-9f2f-214dbe918e4a,d8b47a2f-6775-4e2b-ae64-695ac0e851a4,447795012576,2026-01-24 02:35:37.000,SUB,PKG_SERVICE_5_GB,1.99,GBP
9ef3b903-45d1-4a57-a544-54e794ca7f17,2b845d48-63b3-46ee-b3c4-35404e81e815,447742415011,2026-01-24 02:38:10.000,SUB,PKG_SERVICE_4_GB,3.49,GBP
ef652337-118d-491b-81b8-250d47c2c112,,447762095994,2026-01-24 02:47:26.000,REN,PKG_SERVICE_4_GB,3.49,GBP
be2a565d-87d0-45d0-be38-4cc0b582687d,022b2921-1936-4677-828a-b9714955e93d,447754683921,2026-01-24 02:52:13.000,SUB,PKG_SERVICE_4_GB,3.49,GBP
21804369-5604-40e6-87c5-220f70d6974b,,447728307849,2026-01-24 03:00:21.000,REN,PKG_SERVICE_4_GB,3.49,GBP
997708ea-a40d-48c0-b89d-3cc35f75281a,d272a20f-9055-4bfe-93a7-99fa67519c41,447785858621,2026-01-24 03:44:38.000,SUB,PKG_SERVICE_4_GB,3.49,GBP
19f44987-b446-47b2-9ed0-883d910768d8,,447715523584,2026-01-24 04:10:07.000,REN,PKG_SERVICE_5_GB,1.99,GBP
a47f00de-74e1-42b5-8422-919743ba25ce,,447728964818,2026-01-24 04:22:23.000,REN,PKG_SERVICE_4_GB,3.49,GBP
559c3d64-5df3-4062-8e69-e669f950935e,adaf96f0-5619-4f28-ba47-6842c77d9b6e,447720839788,2026-01-24 04:33:31.000,SUB,PKG_SERVICE_4_GB,3.49,GBP
af290ac8-9c63-47e8-8e10-7f3831afd4e3,,447711097137,2026-01-24 05:05:19.000,REN,PKG_SERVICE_3_GB,2.99,GBP
2b0ced44-b04c-4f50-9914-5be54f90675e,68ab1e49-5924-4a94-84ac-3c6cda304977,447789167928,2026-01-24 05:13:54.000,SUB,PKG_SERVICE_4_GB,3.49,GBP
4510366b-bf10-4412-9f81-382107b31b21,,447776077119,2026-01-24 05:29:28.000,REN,PKG_SERVICE_3_GB,2.99,GBP
0e4ba346-e90d-4dae-bcc6-3d600a0fca11,,447768116967,2026-01-24 05:37:54.000,REN,PKG_SERVICE_5_GB,1.99,GBP
d370634f-6cfb-4dbe-8ff7-6720ef2a9a04,,447731736832,2026-01-24 05:41:35.000,REN,PKG_SERVICE_4_GB,3.49,GBP
19fd2a11-a036-4d75-be64-7849da259d5d,f076a20d-580e-46e5-8458-875df7c59dea,447712577966,2026-01-24 05:56:57.000,SUB,PKG_SERVICE_5_GB,1.99,GBP
e802698d-3786-4528-9795-9ba209452a8f,,447718709408,2026-01-24 06:06:18.000,REN,PKG_SERVICE_4_GB,3.49,GBP
b10b4f5f-1a19-402e-bfe9-8b08603340b8,,447797585566,2026-01-24 06:23:50.000,REN,PKG_SERVICE_4_GB,3.49,GBP
84e73e4a-1715-4a76-a7ec-209f0e83ff4a,4e50343b-390c-4db7-ae7e-3623adf1ff9f,447732386898,2026-01-24 06:57:07.000,SUB,PKG_SERVICE_3_GB,2.99,GBP
7b9b803b-f874-4cd0-b085-7536c9dd1415,5ddc02c4-4dd7-4026-a615-9315838248f5,447749102212,2026-01-24 06:57:39.000,SUB,PKG_SERVICE_3_GB,2.99,GBP
01d276e1-886d-4128-b25c-09ce623cf02a,85ec34a9-cbca-464c-8331-b728608dc234,447738732723,2026-01-24 07:32:16.000,SUB,PKG_SERVICE_4_GB,3.49,GBP
97f81ee2-a1af-4a22-9e49-ea66d6a9c3ed,,447737533287,2026-01-24 08:01:45.000,REN,PKG_SERVICE_4_GB,3.49,GBP
aa935e2a-88d7-40eb-9aa4-37a35b7a4d90,8aa1ac14-2c5c-476e-9b0e-54286eaaacb4,447708660474,2026-01-24 08:52:14.000,SUB,PKG_SERVICE_5_GB,1.99,GBP
47e81d51-4d74-4662-8697-5b4968eba941,abdb2d6c-3096-4ebb-b489-ef6d65b6966e,447729404895,2026-01-24 08:53:26.000,SUB,PKG_SERVICE_4_GB,3.49,GBP
272651a1-3fe5-4a68-924d-0a1f13f21132,,447728653179,2026-01-24 09:35:28.000,REN,PKG_SERVICE_4_GB,3.49,GBP
7207c566-a28c-4990-b3e5-e54a48590c28,,447756467743,2026-01-24 10:04:04.000,REN,PKG_SERVICE_5_GB,1.99,GBP
2ed26209-6493-4435-8f4e-3f5d99069545,,447736671945,2026-01-24 10:16:11.000,UNSUB,PKG_SERVICE_3_GB,0,GBP
bd6670ff-4526-48cd-93a8-b052196b8750,f0bb2dfa-f467-4e5b-9826-201d0616ade4,447790162183,2026-01-24 10:25:35.000,SUB,PKG_SERVICE_3_GB,2.99,GBP
89f29d60-70ed-47be-a448-db712b3144c3,,447705918491,2026-01-24 11:31:33.000,REN,PKG_SERVICE_3_GB,2.99,GBP
6a8a1da7-023a-48d3-8b8e-ea8f4dff8809,,447700431078,2026-01-24 11:40:44.000,REN,PKG_SERVICE_5_GB,1.99,GBP
997315c2-d6de-45d8-9462-e0c1712574a2,d8c4bc03-da49-4442-b474-a83f86a3ba2e,447798253306,2026-01-24 11:45:29.000,SUB,PKG_SERVICE_5_GB,1.99,GBP
c72d6f2e-e73f-45ab-b318-919aa7046f89,b0ab930b-f2e1-4cbc-b7bc-f7ff193d7192,447738153547,2026-01-24 12:16:28.000,SUB,PKG_SERVICE_4_GB,3.49,GBP
d03cc69e-7620-47b2-980f-feb663eaf2b6,,447789731288,2026-01-24 12:35:12.000,UNSUB,PKG_SERVICE_5_GB,0,GBP
4e706806-9c27-49e1-bb92-ac12415cc5e5,,447739155276,2026-01-24 13:01:14.000,REN,PKG_SERVICE_3_GB,2.99,GBP
2ef7d12d-af2b-43ae-bbb0-7151bc6a2991,,447726283779,2026-01-24 13:43:05.000,REN,PKG_SERVICE_4_GB,3.49,GBP
a4ee4822-f6f0-47c4-8efa-955e6096cae6,,447724838631,2026-01-24 13:56:44.000,REN,PKG_SERVICE_3_GB,2.99,GBP
60d3035e-1d94-41b8-93ba-0a00050bc8a2,63d9af59-062f-4e74-847a-f6659a450830,447761255892,2026-01-24 13:58:19.000,SUB,PKG_SERVICE_4_GB,3.49,GBP
33e57fca-cca4-4ccd-99e9-e906298d3404,598a7201-723b-48f2-a674-9913df3e3b8b,447745943211,2026-01-24 14:37:21.000,SUB,PKG_SERVICE_5_GB,1.99,GBP
3391c27d-ba1e-4b80-86d7-1bb5fa441a69,,447727095431,2026-01-24 15:14:36.000,UNSUB,PKG_SERVICE_4_GB,0,GBP
fad4e9e5-3f5f-410c-8d8f-c26762fb2011,,447718997744,2026-01-24 15:20:54.000,REN,PKG_SERVICE_5_GB,1.99,GBP
2881e5a1-ac57-4c4c-a470-dcdfe223cf5a,8cd50987-9710-43a1-ab6d-52fd4748909e,447739212411,2026-01-24 15:21:25.000,SUB,PKG_SERVICE_3_GB,2.99,GBP
6b2f8db2-bc08-4df3-a565-0fee8ca95ea9,,447748259122,2026-01-24 15:53:31.000,REN,PKG_SERVICE_3_GB,2.99,GBP
b51268af-d5dc-47b7-8d48-6ebea6e7bef8,0b81beed-f2fb-4e8d-abb9-96ac90bbc1ba,447774219885,2026-01-24 15:56:48.000,SUB,PKG_SERVICE_3_GB,2.99,GBP
6a2eb683-da12-4217-8cf6-d380ae1b74a0,,447750926778,2026-01-24 16:11:48.000,REN,PKG_SERVICE_3_GB,2.99,GBP
106c9cc9-a898-4feb-bbcf-3942396917c2,,447771321159,2026-01-24 16:18:03.000,REN,PKG_SERVICE_3_GB,2.99,GBP
da53bb68-fb8e-4f20-865e-b6a339a3424b,,447771816593,2026-01-24 16:57:53.000,REN,PKG_SERVICE_4_GB,3.49,GBP
0dbe75b6-5ac7-46f2-92af-ee0272c27e6a,81cccfd9-a6ec-490a-a925-afd11e1795be,447752581602,2026-01-24 17:05:12.000,SUB,PKG_SERVICE_3_GB,2.99,GBP
39d4568f-a28f-4ad4-9d9e-5d56f4259ca8,,447783118097,2026-01-24 17:08:04.000,REN,PKG_SERVICE_4_GB,3.49,GBP
c5ac1514-7830-4638-9fcc-6a3909352410,,447747358541,2026-01-24 17:21:46.000,REN,PKG_SERVICE_5_GB,1.99,GBP
a85be37a-95f8-4130-9c92-43435304c93e,,447779732368,2026-01-24 17:43:31.000,REN,PKG_SERVICE_4_GB,3.49,GBP
56c43d5c-0901-4292-b121-586b59d13f79,a31b0443-a460-4f08-969e-3ae3d1cf7ec5,447746608760,2026-01-24 17:57:04.000,SUB,PKG_SERVICE_4_GB,3.49,GBP
fa81b4e1-9838-403d-9c92-97e10317db80,6c3d570e-a7fb-4e20-bc5d-5d6fac3d79e7,447710793004,2026-01-24 18:28:58.000,SUB,PKG_SERVICE_4_GB,3.49,GBP
e1cf6e11-adf0-4bd4-b918-379ee1f46424,,447798429797,2026-01-24 18:48:17.000,REN,PKG_SERVICE_4_GB,3.49,GBP
2f989da0-a719-4137-aee5-85fe3da91b11,8766c9d3-7d51-4037-8c3f-90bc0d3fdd21,447721627853,2026-01-24 18:56:21.000,SUB,PKG_SERVICE_4_GB,3.49,GBP
ce3d59dc-1443-4069-9d48-c8d3fd2fc149,,447718977763,2026-01-24 19:00:51.000,REN,PKG_SERVICE_5_GB,1.99,GBP
2a7aa5ee-6305-4355-902d-bf6979174764,dac273b4-d465-43e9-b5ea-c71d1a089d5e,447780822842,2026-01-24 19:10:15.000,SUB,PKG_SERVICE_5_GB,1.99,GBP
7a2c49e9-dc68-4782-b736-e0ba6c2738dd,e77b2725-769f-4bd1-80f7-0f6e6091e96b,447762253751,2026-01-24 19:13:30.000,SUB,PKG_SERVICE_3_GB,2.99,GBP
12cebe55-d364-41d7-8e54-72382c52f589,,447755466469,2026-01-24 20:09:08.000,REN,PKG_SERVICE_4_GB,3.49,GBP
c37a779e-cdca-481c-965e-bf672c68f076,,447710202701,2026-01-24 20:22:28.000,REN,PKG_SERVICE_5_GB,1.99,GBP
6d1930f6-3a98-47d0-95b8-ded5d2ef3e99,,447782078898,2026-01-24 20:29:51.000,REN,PKG_SERVICE_4_GB,3.49,GBP
92eadb02-48dd-4431-a891-1fd0da515390,,447722446812,2026-01-24 20:43:22.000,REN,PKG_SERVICE_3_GB,2.99,GBP
5af113cf-248f-4be6-8775-a56ef811362a,a2b1c70e-d074-4270-b8df-6f8073f0a999,447777973301,2026-01-24 21:02:29.000,SUB,PKG_SERVICE_4_GB,3.49,GBP
20e28925-85ae-46ef-aac6-eeeb1bed92db,,447734017284,2026-01-24 21:08:24.000,REN,PKG_SERVICE_4_GB,3.49,GBP
c72238b2-2784-4ece-88b8-3686a9444d36,,447731706277,2026-01-24 21:16:43.000,REN,PKG_SERVICE_3_GB,2.99,GBP
f39339bd-de11-4f8d-98e9-d920a77cbc41,,447721233421,2026-01-24 21:31:14.000,REN,PKG_SERVICE_3_GB,2.99,GBP
3c6af158-8643-4f7d-b0e2-c4cd019e6400,,447728468015,2026-01-24 21:37:21.000,REN,PKG_SERVICE_4_GB,3.49,GBP
da730533-cd7b-4f71-9c85-7e4c307823da,21071e97-52f1-423d-b1d2-787b2e6dbb0a,447784655706,2026-01-24 21:55:25.000,SUB,PKG_SERVICE_5_GB,1.99,GBP
6bf3911a-3d11-4959-92c8-c1f343a5eabe,,447702446192,2026-01-24 22:15:21.000,REN,PKG_SERVICE_3_GB,2.99,GBP
d06bece5-d54f-4d6b-bdee-325e7771f983,,447730741099,2026-01-24 22:24:22.000,REN,PKG_SERVICE_4_GB,3.49,GBP
2f90496b-6ca9-48f3-97d9-7350982bb57a,,447761821536,2026-01-24 22:30:05.000,REN,PKG_SERVICE_3_GB,2.99,GBP
3552c9aa-48aa-4c69-8ed4-fbb89addb2eb,,447747097957,2026-01-24 22:36:55.000,REN,PKG_SERVICE_3_GB,2.99,GBP
c7b1fcf9-0639-418d-99e4-9dbd6b9abb26,9cdb33ec-f3b6-4639-9a34-a7bba568afc8,447729279904,2026-01-24 22:46:52.000,SUB,PKG_SERVICE_4_GB,3.49,GBP
feec4f6d-b910-48f4-8ccd-37fed698e710,,447781453035,2026-01-24 22:55:07.000,REN,PKG_SERVICE_5_GB,1.99,GBP
f0b5a54b-3639-472b-9b74-40cf125a09e9,,447796243751,2026-01-24 23:09:39.000,REN,PKG_SERVICE_4_GB,3.49,GBP
dc594e03-12ca-4be1-ad7f-62fda260afde,,447704184132,2026-01-24 23:24:30.000,REN,PKG_SERVICE_5_GB,1.99,GBP
b0fc6ca7-21aa-4bff-a8b1-8cf0bef10768,,447784482398,2026-01-24 23:38:48.000,REN,PKG_SERVICE_3_GB,2.99,GBP
72a9b3a8-ce3d-412a-a20a-df2f40fcf654,10c17359-5688-4e46-876e-f1a6e3cfaad5,447751386002,2026-01-24 23:57:50.000,SUB,PKG_SERVICE_3_GB,2.99,GBP
9bd69c34-0587-48de-95ed-0bba53a3c456,,447732355231,2026-01-24 23:59:28.000,REN,PKG_SERVICE_4_GB,3.49,GBP
b06b3e38-ce39-41ce-9247-37629196981a,6e71cb0a-1281-465e-ab8b-3ac3893425f0,447761060629,2026-01-25 00:06:50.000,SUB,PKG_SERVICE_5_GB,1.99,GBP
9b1a958d-7cd4-42e9-9005-33c88df71007,,447703090260,2026-01-25 00:23:50.000,REN,PKG_SERVICE_3_GB,2.99,GBP
b786673f-2ffc-45a8-88bb-0fef2f83af3f,,447775247394,2026-01-25 00:26:18.000,REN,PKG_SERVICE_4_GB,3.49,GBP
39235a21-f1f6-4148-8d6f-d677a1b8f4b3,,447795126075,2026-01-25 00:27:55.000,REN,PKG_SERVICE_5_GB,1.99,GBP
c1599ea4-57f0-4605-a035-56190390ef6b,24ea55d2-d26e-4ccf-8788-0e8011a9db81,447727913923,2026-01-25 00:37:51.000,SUB,PKG_SERVICE_5_GB,1.99,GBP
12d6b91a-b1e9-4e06-b8ff-a94fccdc27ef,,447712540266,2026-01-25 00:56:35.000,UNSUB,PKG_SERVICE_3_GB,0,GBP
a9815be2-f322-4139-b061-bbe3717d8f89,030f2b2c-dbd5-4e7d-a040-a3ce8b0a34f5,447756426931,2026-01-25 01:12:28.000,SUB,PKG_SERVICE_5_GB,1.99,GBP
2750a363-4d05-4d5e-b8b5-9e0fad4df876,3849ebf6-b982-40a7-ba16-d133c8e358f0,447774669791,2026-01-25 01:18:29.000,SUB,PKG_SERVICE_4_GB,3.49,GBP
9972242e-913d-4850-bdbf-a222bcae3b42,,447771468290,2026-01-25 01:23:10.000,REN,PKG_SERVICE_5_GB,1.99,GBP
47ec1531-6122-4dc0-b1ba-de0d8c5f0eb5,,447703829592,2026-01-25 01:34:41.000,REN,PKG_SERVICE_4_GB,3.49,GBP
aa28496c-2f2e-4d03-9e2a-8aa4750a708b,,447763436403,2026-01-25 01:46:39.000,REN,PKG_SERVICE_3_GB,2.99,GBP
fba99b3f-fc59-4902-9721-e82b53b589f3,,447773324964,2026-01-25 01:54:21.000,REN,PKG_SERVICE_3_GB,2.99,GBP
f85de6fe-3b1f-4fb0-a950-015a65fcfc34,,447724484810,2026-01-25 02:16:26.000,UNSUB,PKG_SERVICE_3_GB,0,GBP
d1c5ba57-1eb8-4988-a43b-068d1f39a4d1,,447786579527,2026-01-25 02:20:43.000,REN,PKG_SERVICE_5_GB,1.99,GBP
bf8a862a-e4f6-491f-9f4b-ffdf461b68c7,,447782821658,2026-01-25 02:43:27.000,REN,PKG_SERVICE_4_GB,3.49,GBP
e814d957-52d3-4d6d-8693-3bc31e39e44c,48bc4a0e-a86d-4ba9-91d8-21931bfa658f,447783034235,2026-01-25 03:16:42.000,SUB,PKG_SERVICE_5_GB,1.99,GBP
4ca96fc8-3097-4224-ba0f-95e013265b90,,447774312945,2026-01-25 03:25:46.000,REN,PKG_SERVICE_3_GB,2.99,GBP
7b6d8d85-1dcf-4128-a756-f3f579937d52,29291dd2-b1fa-4cee-83fe-bd9464353f37,447751891599,2026-01-25 04:02:26.000,SUB,PKG_SERVICE_3_GB,2.99,GBP
6aa72806-ebcc-4520-8d04-a678604495ae,,447771202202,2026-01-25 04:28:43.000,REN,PKG_SERVICE_3_GB,2.99,GBP
389ce3ec-bd95-477b-99f5-d2d6b44bb920,,447717030102,2026-01-25 04:38:04.000,REN,PKG_SERVICE_5_GB,1.99,GBP
c3740aaa-8376-44ff-84ad-d03fa37c134a,a3a720e9-f9cb-4a46-9e1e-72974d6c0b12,447722260792,2026-01-25 05:04:16.000,SUB,PKG_SERVICE_5_GB,1.99,GBP
13798896-6b75-40a1-9485-8b07eb68ef2d,32b14625-08b8-4df3-9cc6-e05e07146bbb,447793271579,2026-01-25 05:07:54.000,SUB,PKG_SERVICE_5_GB,1.99,GBP
4983f280-346f-44e9-bbf4-2d39d5fb88c3,df304dbb-a71d-4608-ac6f-6448f7332958,447716910776,2026-01-25 05:09:50.000,SUB,PKG_SERVICE_3_GB,2.99,GBP
2bf93e9a-3ab5-4977-811d-63e9dcb6c073,,447702831159,2026-01-25 05:10:25.000,REN,PKG_SERVICE_3_GB,2.99,GBP
8c50b20f-5e11-4f6c-af79-ca6b682fb5b0,,447790158826,2026-01-25 05:48:33.000,REN,PKG_SERVICE_4_GB,3.49,GBP
8a863adc-e56f-4c73-b7f4-479beb854ec3,,447796109843,2026-01-25 06:03:43.000,REN,PKG_SERVICE_3_GB,2.99,GBP
26079001-c4ee-461e-b817-680468e81ddc,6c4a60b6-277a-4029-a521-a5d55dda717e,447718190266,2026-01-25 06:39:55.000,SUB,PKG_SERVICE_4_GB,3.49,GBP
fa7cae1f-7ae8-4e07-a2ed-2931f915fed7,,447734688884,2026-01-25 07:02:14.000,REN,PKG_SERVICE_3_GB,2.99,GBP
1ad5ad06-9f41-494e-9573-3349857f7ac4,,447749235061,2026-01-25 07:18:58.000,REN,PKG_SERVICE_5_GB,1.99,GBP
4a86bba7-c58c-4d06-ad00-c3624d938df3,,447702831041,2026-01-25 07:25:23.000,REN,PKG_SERVICE_3_GB,2.99,GBP
c52c7c1d-3942-4934-95fc-43fd84fbc131,,447713002644,2026-01-25 07:27:58.000,REN,PKG_SERVICE_3_GB,2.99,GBP
83f99011-c3ba-407a-acc4-33b668064ca5,,447729593685,2026-01-25 07:34:59.000,REN,PKG_SERVICE_3_GB,2.99,GBP
cab6f343-4d99-4b04-b275-9ba543b0e6d1,f17f320d-3f2e-465b-b97b-f81752ffd492,447738282892,2026-01-25 07:51:15.000,SUB,PKG_SERVICE_5_GB,1.99,GBP
920c3ba1-12bc-4867-8102-c262e0bcf88b,,447754486779,2026-01-25 08:15:51.000,REN,PKG_SERVICE_3_GB,2.99,GBP
ede4fbed-6d3f-4d6d-b9fe-eac0c5f2c56b,,447776118767,2026-01-25 08:18:52.000,REN,PKG_SERVICE_3_GB,2.99,GBP
c683c2cc-14cb-4017-ae66-0417810a885d,,447765497987,2026-01-25 08:21:06.000,REN,PKG_SERVICE_4_GB,3.49,GBP
e080cb50-83f4-4b62-93e0-e4444bce5e8e,,447709937677,2026-01-25 08:21:42.000,REN,PKG_SERVICE_3_GB,2.99,GBP
382fc122-4948-4495-bf5a-d0ac6016d47d,,447767907996,2026-01-25 09:36:02.000,REN,PKG_SERVICE_5_GB,1.99,GBP
12352e08-d8e9-4dc2-85a9-9ecd70cf0c22,,447712188150,2026-01-25 09:43:49.000,REN,PKG_SERVICE_5_GB,1.99,GBP
6f43c527-d870-4953-8f5f-35068b5d6cc2,82df6ead-8b18-40a5-aaf2-facf28d4813b,447767051583,2026-01-25 09:47:32.000,SUB,PKG_SERVICE_5_GB,1.99,GBP
e8af6544-e2ce-4e6a-b064-0b2e90713b71,75e16af9-8a02-4e9d-9094-093ef1383157,447792209836,2026-01-25 09:58:46.000,SUB,PKG_SERVICE_4_GB,3.49,GBP
a4898cc5-73ca-4a68-b93c-bdefb90dd62c,,447749310003,2026-01-25 10:02:59.000,REN,PKG_SERVICE_3_GB,2.99,GBP
cc5338e1-0fe9-4f55-b082-8c01fc9cffa5,,447764620428,2026-01-25 10:15:23.000,REN,PKG_SERVICE_3_GB,2.99,GBP
3ea33b76-100e-413d-ad8d-8d4a8d8f3fb6,,447776646143,2026-01-25 10:49:57.000,REN,PKG_SERVICE_3_GB,2.99,GBP
829520e7-4f2f-486e-a842-34bb2129b29a,e9408d54-e65c-419f-a253-a9556453ab41,447731569607,2026-01-25 11:00:54.000,SUB,PKG_SERVICE_3_GB,2.99,GBP
d220a6fb-5df2-46b6-ae2d-061cae881fab,,447721337761,2026-01-25 11:46:04.000,REN,PKG_SERVICE_5_GB,1.99,GBP
b156c12d-fe99-4b29-b8fc-9dc4d9b3131f,,447769092360,2026-01-25 12:24:48.000,REN,PKG_SERVICE_3_GB,2.99,GBP
c9146a5b-6bbd-4ea3-b6dc-ec3643887b59,66b4f2f3-408a-4a0d-ba72-f7e44545bcf7,447748961812,2026-01-25 12:24:54.000,SUB,PKG_SERVICE_4_GB,3.49,GBP
0ed496d8-fd0d-4cbf-a6ea-3d063c6c6a9a,2225f66c-5381-4471-a18b-076d97b5cdfc,447738585210,2026-01-25 12:45:14.000,SUB,PKG_SERVICE_4_GB,3.49,GBP
915058f5-1c8d-4be3-a21e-b2f67d4aa62e,2426d7c3-ddba-4ce7-8074-0065dada15d9,447720551138,2026-01-25 13:33:14.000,SUB,PKG_SERVICE_5_GB,1.99,GBP
0842b56a-4372-4033-9008-025cb2144e51,,447752901528,2026-01-25 13:50:10.000,REN,PKG_SERVICE_4_GB,3.49,GBP
d7ee5f88-680d-4191-9b5f-f16d82d7c031,,447752095363,2026-01-25 14:03:43.000,REN,PKG_SERVICE_4_GB,3.49,GBP
148cfdce-2990-4413-b197-f7eae0dffc5c,0340d438-ac99-451e-83b8-1e9bba0a3de4,447776620217,2026-01-25 14:25:12.000,SUB,PKG_SERVICE_4_GB,3.49,GBP
9b11468b-2431-48b6-ae07-93035b9a551d,,447798550933,2026-01-25 14:32:52.000,REN,PKG_SERVICE_4_GB,3.49,GBP
a2ede48c-2657-4d10-b5c0-eeccfbdb3b89,,447797145526,2026-01-25 15:17:17.000,REN,PKG_SERVICE_3_GB,2.99,GBP
af79c8b4-9681-4710-b8da-f1152d672f54,,447793564900,2026-01-25 15:24:16.000,REN,PKG_SERVICE_3_GB,2.99,GBP
a3d564f9-c1bf-4b7e-8db6-b6cc009fe1a4,ab070fb7-081a-4779-a0bc-5f823f957217,447735715415,2026-01-25 15:54:25.000,SUB,PKG_SERVICE_4_GB,3.49,GBP
f05028a4-9f43-4f96-9341-f220696210cd,,447751116052,2026-01-25 16:18:01.000,REN,PKG_SERVICE_4_GB,3.49,GBP
fda123d2-5a2a-4900-b9c7-f6d414426994,,447716945764,2026-01-25 16:25:47.000,REN,PKG_SERVICE_4_GB,3.49,GBP
6213090a-40f0-4abb-a1e8-a7c99325361a,,447721337761,2026-01-25 16:26:33.000,UNSUB,PKG_SERVICE_5_GB,0,GBP
cf6e95c6-d26d-485e-ace7-5cdba5d8dfe5,,447718802624,2026-01-25 16:32:33.000,REN,PKG_SERVICE_5_GB,1.99,GBP
5de28105-21d2-4507-a283-34c412cdadd7,3485c55a-24a2-4288-b118-d4b6c84d0052,447793449249,2026-01-25 16:43:46.000,SUB,PKG_SERVICE_5_GB,1.99,GBP
077ff8fe-ac0b-47d9-8a6e-20b1a1b17bf1,,447769761877,2026-01-25 17:33:21.000,REN,PKG_SERVICE_3_GB,2.99,GBP
df4ba35d-115d-4165-89d6-2d04774f2b5e,,447759749366,2026-01-25 17:43:46.000,REN,PKG_SERVICE_5_GB,1.99,GBP
e8de057b-216d-4599-973f-5d9e5a6f926a,b5093752-1069-4055-b0e3-4ded3ed9cc4d,447738268098,2026-01-25 17:56:55.000,SUB,PKG_SERVICE_5_GB,1.99,GBP
dc686d51-6ad1-4fdd-8a8e-b704c69e38a9,ee214f23-5a4b-4922-8b42-b0d79bbde486,447780584870,2026-01-25 18:50:26.000,SUB,PKG_SERVICE_3_GB,2.99,GBP
426c39e9-a4fc-4e4c-a1c5-08c44484d1a8,,447735243676,2026-01-25 18:58:24.000,REN,PKG_SERVICE_4_GB,3.49,GBP
d3498695-12b2-4c7f-88e5-f10ab7419316,,447737927641,2026-01-25 19:04:46.000,REN,PKG_SERVICE_5_GB,1.99,GBP
570eaaf5-faec-4b5f-89f0-7d3a54d1c925,,447700625362,2026-01-25 19:09:49.000,REN,PKG_SERVICE_3_GB,2.99,GBP
4e5f2428-3459-4c57-9e0d-415eb77391c6,,447728089062,2026-01-25 19:36:18.000,REN,PKG_SERVICE_3_GB,2.99,GBP
699928ca-dff1-4c35-9409-e83605253ea7,f80eff26-467a-412e-8b49-3681a983ea42,447790691570,2026-01-25 19:59:41.000,SUB,PKG_SERVICE_5_GB,1.99,GBP
882f636d-348f-4b97-bc32-b042fb59f85d,6ffb0c25-d158-4aec-af37-621f5856e3ff,447767415119,2026-01-25 20:09:08.000,SUB,PKG_SERVICE_4_GB,3.49,GBP
d9948661-6b0b-485d-8454-8cd4eee26a38,,447700851951,2026-01-25 20:24:40.000,REN,PKG_SERVICE_4_GB,3.49,GBP
8f9df71d-84db-4697-8d47-96eee8fee993,,447738717990,2026-01-25 20:48:11.000,UNSUB,PKG_SERVICE_5_GB,0,GBP
616f9460-d73a-4c88-a4af-ced01df40246,,447738868496,2026-01-25 20:56:31.000,REN,PKG_SERVICE_4_GB,3.49,GBP
3e80599d-b985-45f0-b247-a1c8f68e25f1,a3dc3fe7-db51-421c-a108-a46a602d8183,447710159556,2026-01-25 20:59:12.000,SUB,PKG_SERVICE_4_GB,3.49,GBP
a9ddcb50-7bef-42a8-a474-863fedb42e52,2a71445e-0a9e-495a-aaee-bad9fa048fc0,447702487052,2026-01-25 21:21:12.000,SUB,PKG_SERVICE_4_GB,3.49,GBP
c95ef272-179e-47da-9bdd-0f933aef904f,,447723174916,2026-01-25 21:46:39.000,REN,PKG_SERVICE_4_GB,3.49,GBP
3676851b-cfb0-477a-930b-521cda0df2a5,,447713753960,2026-01-25 21:49:13.000,REN,PKG_SERVICE_4_GB,3.49,GBP
098204b4-63bb-4335-ae9a-116b084b2a8e,7a167485-da85-4e85-9ef4-75423e7d0d7d,447732624940,2026-01-25 22:07:19.000,SUB,PKG_SERVICE_5_GB,1.99,GBP
eecff2fd-cfe1-42f6-a9bb-dbfeb2984803,,447718709408,2026-01-25 22:19:47.000,UNSUB,PKG_SERVICE_4_GB,0,GBP
e8f391d5-035b-4de8-ad05-ccc8c875f97e,,447760624300,2026-01-25 22:34:56.000,REN,PKG_SERVICE_4_GB,3.49,GBP
7911823a-6ee3-4c04-85a6-d5645716a969,,447708069355,2026-01-25 22:47:39.000,REN,PKG_SERVICE_5_GB,1.99,GBP
43710cd9-b07b-41c8-aa25-2d0b113e55bf,b9245fd3-d983-47a2-843e-8a7a06f32aff,447730503306,2026-01-25 22:52:06.000,SUB,PKG_SERVICE_4_GB,3.49,GBP
3205f058-e758-4966-b2dc-2537dc47448c,,447750969693,2026-01-25 23:10:37.000,REN,PKG_SERVICE_5_GB,1.99,GBP
d60787e1-0a85-4b49-b169-bcd1df6f2774,a42c7ad9-ca95-41f5-8dbd-d21b3287e618,447755181235,2026-01-25 23:42:16.000,SUB,PKG_SERVICE_4_GB,3.49,GBP
0f98c2f0-398d-4175-9429-51e6170817be,,447754334314,2026-01-26 00:08:25.000,REN,PKG_SERVICE_5_GB,1.99,GBP
128076ad-405a-4aa2-8af8-bccbd525c3d5,,447754777345,2026-01-26 00:19:12.000,REN,PKG_SERVICE_3_GB,2.99,GBP
d1a0730d-4062-4c02-a357-ec3f789acbe8,,447773502837,2026-01-26 00:46:45.000,REN,PKG_SERVICE_5_GB,1.99,GBP
77ada6b9-b20d-4f9f-b81a-fd97916d8649,,447723812173,2026-01-26 01:46:05.000,UNSUB,PKG_SERVICE_3_GB,0,GBP
e747f743-2715-40ec-bd66-2ea05a104276,78d1ca4b-f05a-4d9c-a4eb-8471bfbff7b5,447712876292,2026-01-26 03:02:57.000,SUB,PKG_SERVICE_4_GB,3.49,GBP
f702a930-d8c5-45f9-9e8c-03d281f29a5d,,447788502598,2026-01-26 03:09:34.000,REN,PKG_SERVICE_4_GB,3.49,GBP
a6e2d152-2ad2-4d29-aa94-c4d396ea54dc,,447795536929,2026-01-26 03:10:25.000,REN,PKG_SERVICE_3_GB,2.99,GBP
ad38a809-dc9f-43d8-bde3-92ac36bb545b,3db0a192-f2c3-4aa2-b1fc-da0dde586674,447784182687,2026-01-26 03:39:36.000,SUB,PKG_SERVICE_4_GB,3.49,GBP
003be631-679c-4d45-9a00-fb3d5768fc57,04bf22ed-fc38-42e1-b170-af0406f83c86,447711506268,2026-01-26 04:35:04.000,SUB,PKG_SERVICE_5_GB,1.99,GBP
fbf84983-7388-441a-967e-666abbdf818e,,447703319085,2026-01-26 04:42:03.000,REN,PKG_SERVICE_3_GB,2.99,GBP
495848f6-78c5-40a5-9f3d-b97666f53e0d,871bd633-9f3b-4874-94c5-3b8df60f3bb1,447772529082,2026-01-26 04:57:44.000,SUB,PKG_SERVICE_4_GB,3.49,GBP
9ec16636-b365-4e28-b116-aa9b2ea1a710,e2f7eb02-7450-47b6-b682-0fb725ea9ae6,447745293048,2026-01-26 05:03:01.000,SUB,PKG_SERVICE_3_GB,2.99,GBP
7e9b46dc-7225-445f-b184-459b40ee5025,,447727095431,2026-01-26 05:35:40.000,REN,PKG_SERVICE_4_GB,3.49,GBP
b48a5374-c32b-4363-91f2-86d456fd9da1,,447729072784,2026-01-26 06:07:09.000,REN,PKG_SERVICE_4_GB,3.49,GBP
4861062a-0e15-4c6b-bffb-2942ca52a49b,,447784605497,2026-01-26 06:44:43.000,REN,PKG_SERVICE_4_GB,3.49,GBP
f6ccbc1c-8cd5-48aa-b454-a5428eee3a87,,447774932404,2026-01-26 07:12:53.000,REN,PKG_SERVICE_4_GB,3.49,GBP
153f2485-3732-44fc-b6fa-8d2a298e2b0b,,447742052448,2026-01-26 07:30:06.000,REN,PKG_SERVICE_3_GB,2.99,GBP
a72fc004-9367-4ccf-84d2-7a5b8042019b,,447777492742,2026-01-26 07:32:31.000,REN,PKG_SERVICE_5_GB,1.99,GBP
2b3b8866-a1f4-4769-bd61-1b684d1efa07,,447757549779,2026-01-26 07:49:20.000,REN,PKG_SERVICE_3_GB,2.99,GBP
e34a9458-c46b-4f3b-be28-e6e16f58b972,,447734763542,2026-01-26 07:57:22.000,REN,PKG_SERVICE_4_GB,3.49,GBP
414ff1af-2122-4afa-98b1-1aad32d4890c,,447724218451,2026-01-26 08:01:59.000,REN,PKG_SERVICE_3_GB,2.99,GBP
09ea9f35-1114-4ac3-bac2-74ef58143f91,,447743165961,2026-01-26 08:03:07.000,REN,PKG_SERVICE_4_GB,3.49,GBP
a079b5bd-b7b7-4c56-b09e-fbbd2915d794,6c84566b-b47d-4cd0-beae-c8e2ad2b2bad,447746982987,2026-01-26 08:20:58.000,SUB,PKG_SERVICE_4_GB,3.49,GBP
5e627b1a-7cc9-40d6-9eef-432e14587db5,,447754900054,2026-01-26 08:21:13.000,REN,PKG_SERVICE_5_GB,1.99,GBP
e9e7506d-7fa7-48e7-a66c-549cdaa4171f,,447764799493,2026-01-26 08:34:27.000,REN,PKG_SERVICE_3_GB,2.99,GBP
ed0bbcae-76ae-40d6-b123-b1b5ac884610,,447738668446,2026-01-26 08:49:57.000,REN,PKG_SERVICE_4_GB,3.49,GBP
16ffc661-fbc3-42b5-a104-e8e876bf97b1,,447742561127,2026-01-26 09:00:00.000,REN,PKG_SERVICE_4_GB,3.49,GBP
2d94a761-d5b1-40e0-80b8-cd113226d8d4,,447703417853,2026-01-26 09:00:24.000,REN,PKG_SERVICE_5_GB,1.99,GBP
12b6b311-5537-4fdb-9108-ff41107f9337,,447714505044,2026-01-26 09:07:17.000,REN,PKG_SERVICE_3_GB,2.99,GBP
2e86254e-eed4-4aac-a725-59538ce2354f,,447749853070,2026-01-26 09:29:52.000,REN,PKG_SERVICE_4_GB,3.49,GBP
ae03f406-5295-4c3f-b3dc-35a9a9514f67,3cca67ee-b88d-4ef0-acbe-797cde678e51,447785693701,2026-01-26 09:30:27.000,SUB,PKG_SERVICE_4_GB,3.49,GBP
dbe1156e-ddca-4803-90b5-c56e75b907c4,aced53da-31da-48b4-9bfd-cf2e39615a53,447730059423,2026-01-26 09:42:03.000,SUB,PKG_SERVICE_4_GB,3.49,GBP
413b1133-65b0-447c-80a7-cce70ff85275,,447787249690,2026-01-26 09:43:30.000,REN,PKG_SERVICE_4_GB,3.49,GBP
4a9738cc-1d97-4eb7-a90a-5a8d7f07539b,,447727665477,2026-01-26 10:22:20.000,REN,PKG_SERVICE_3_GB,2.99,GBP
d89a2b1e-abad-406d-8d3e-0897f181ea1b,,447720026032,2026-01-26 10:28:39.000,REN,PKG_SERVICE_4_GB,3.49,GBP
6b67352d-b861-481f-9139-f206791f3c5f,,447738717990,2026-01-26 10:53:27.000,REN,PKG_SERVICE_5_GB,1.99,GBP
e2178234-232a-424c-a05c-d45a01669ad0,,447771400569,2026-01-26 10:58:03.000,REN,PKG_SERVICE_3_GB,2.99,GBP
5ebea1ca-b81e-4ddb-97fa-d410202e5a00,,447758220691,2026-01-26 11:00:29.000,REN,PKG_SERVICE_4_GB,3.49,GBP
d56d8701-8be8-4dbe-b0d2-3803109523a3,114c9f96-a5b4-4b3b-a27f-b7d55d6065af,447707942783,2026-01-26 11:06:22.000,SUB,PKG_SERVICE_5_GB,1.99,GBP
11f9e1fb-8214-4ac8-bb1a-1ef4f97de6cf,,447707118491,2026-01-26 11:11:37.000,REN,PKG_SERVICE_5_GB,1.99,GBP
50a3c6fe-e411-43ca-aa82-0e64fc4fad51,,447730948051,2026-01-26 11:11:52.000,REN,PKG_SERVICE_5_GB,1.99,GBP
641665c8-6f53-4bba-87f5-ec5ba9d764c0,,447723727962,2026-01-26 11:45:54.000,REN,PKG_SERVICE_3_GB,2.99,GBP
6b1a1535-6df0-4b7e-92fe-311b27b113bf,6e7faf17-dc09-4959-b719-6d0ec217ead5,447703454187,2026-01-26 11:46:54.000,SUB,PKG_SERVICE_4_GB,3.49,GBP
bfd0f7aa-024c-4a63-af0e-8b49a7cb2b6e,26d768ea-fb49-44ff-963e-b59fbc0d479e,447700246441,2026-01-26 11:49:10.000,SUB,PKG_SERVICE_4_GB,3.49,GBP
e6707a2d-0449-4bf9-b6f6-870838a86483,,447790143068,2026-01-26 12:17:05.000,REN,PKG_SERVICE_5_GB,1.99,GBP
389cf76b-68ec-4b0d-ad36-667dda05e51f,,447755466469,2026-01-26 12:24:48.000,UNSUB,PKG_SERVICE_4_GB,0,GBP
aaca6ff1-d63b-4485-9c00-a56184208d6e,,447729391665,2026-01-26 12:33:36.000,REN,PKG_SERVICE_3_GB,2.99,GBP
6764232d-f9d5-4c90-8105-d242a451b69f,,447706198029,2026-01-26 13:01:47.000,REN,PKG_SERVICE_4_GB,3.49,GBP
614cbf55-eff1-4c87-80c2-1e21dca2fb16,,447746468103,2026-01-26 13:06:47.000,REN,PKG_SERVICE_5_GB,1.99,GBP
a440b686-72ae-49c0-a38d-b95786fd2e6b,,447782282111,2026-01-26 13:16:35.000,REN,PKG_SERVICE_5_GB,1.99,GBP
46cd554c-cd55-4ca1-a7e8-b88382a5f324,,447720620610,2026-01-26 13:18:58.000,REN,PKG_SERVICE_4_GB,3.49,GBP
af6346d0-725b-49f2-ba80-94bc7821a45a,,447797532520,2026-01-26 13:27:00.000,REN,PKG_SERVICE_5_GB,1.99,GBP
6300d258-8c4b-4146-b118-dad307ed01a5,,447739738908,2026-01-26 13:34:09.000,REN,PKG_SERVICE_5_GB,1.99,GBP
a168d753-8aa6-4d5f-b7e9-69c592d7e7ca,,447755935485,2026-01-26 13:35:00.000,REN,PKG_SERVICE_5_GB,1.99,GBP
d5b68122-6b6c-4508-aed4-c5fef3e1cbfd,02008ccd-a818-4e33-b158-3cd3f48a1e73,447758722361,2026-01-26 13:56:53.000,SUB,PKG_SERVICE_5_GB,1.99,GBP
220113de-4dd6-4a48-b764-927fd71caf68,,447755818993,2026-01-26 14:28:08.000,REN,PKG_SERVICE_3_GB,2.99,GBP
4394d97d-287a-4757-b6d1-92200b80a23f,,447765603830,2026-01-26 14:28:35.000,REN,PKG_SERVICE_5_GB,1.99,GBP
2ca32ebe-93b9-4a29-b9e3-4266281f949d,4448a3b6-d715-45aa-888e-f13f8272ccf3,447769535275,2026-01-26 14:31:54.000,SUB,PKG_SERVICE_3_GB,2.99,GBP
a142453e-8f13-4f0a-8363-cf47c57d3331,0a0c1e35-6de5-4ef0-bb32-b4a922b92d01,447792654894,2026-01-26 14:58:58.000,SUB,PKG_SERVICE_5_GB,1.99,GBP
58cd9a26-7107-4a5c-ac55-373c8047fd6f,,447727987657,2026-01-26 15:03:43.000,REN,PKG_SERVICE_5_GB,1.99,GBP
3b67b5a4-a451-4328-8477-6db237329f3c,,447791656218,2026-01-26 15:04:10.000,REN,PKG_SERVICE_3_GB,2.99,GBP
6772ac22-9565-4e3e-95d7-bca67b6abf7e,,447719115022,2026-01-26 15:19:33.000,REN,PKG_SERVICE_3_GB,2.99,GBP
6c97074b-5757-41a6-a654-1b0677e5b184,,447765302406,2026-01-26 15:22:28.000,REN,PKG_SERVICE_5_GB,1.99,GBP
1af78d6e-7469-4cc2-ba77-cd9b0fbd643e,71affc60-94c5-4a02-b039-b8520da9e3bd,447722230081,2026-01-26 16:09:22.000,SUB,PKG_SERVICE_4_GB,3.49,GBP
2f9371ff-fc9c-4603-9f9f-df21dc50ab85,3ca855df-12bd-4756-a6c2-5e683566d812,447727715962,2026-01-26 16:16:29.000,SUB,PKG_SERVICE_5_GB,1.99,GBP
4acadb2e-35bd-41f2-aede-6744a8298fb7,,447730745424,2026-01-26 16:22:30.000,REN,PKG_SERVICE_5_GB,1.99,GBP
27e16a12-a010-454c-9392-cc305f107867,,447768990816,2026-01-26 16:49:52.000,REN,PKG_SERVICE_5_GB,1.99,GBP
3c62bd92-68ab-40a8-9cab-cd5739cf98da,7bf11d19-e2b0-421b-bb34-ab80eade2eab,447795218012,2026-01-26 16:54:50.000,SUB,PKG_SERVICE_5_GB,1.99,GBP
89ebf203-b71f-4c1f-8be2-4aecad365c99,,447730044180,2026-01-26 17:06:35.000,REN,PKG_SERVICE_5_GB,1.99,GBP
c2dbf8c0-5695-41b5-83e5-ba9823e8b8a2,,447763429680,2026-01-26 17:06:58.000,REN,PKG_SERVICE_5_GB,1.99,GBP
54386c62-f9f8-4e01-b089-64985f3cbb1c,,447736671945,2026-01-26 17:14:44.000,REN,PKG_SERVICE_3_GB,2.99,GBP
3499441e-44d2-4aef-b67b-236cd67d8e7d,,447752605393,2026-01-26 19:08:55.000,REN,PKG_SERVICE_5_GB,1.99,GBP
148f1904-2acc-42f5-b5f3-ceb58c921630,,447784193033,2026-01-26 19:11:45.000,REN,PKG_SERVICE_5_GB,1.99,GBP
6d00d6b4-8fec-4524-8c39-6302bedcd5fb,,447783038562,2026-01-26 19:25:53.000,REN,PKG_SERVICE_3_GB,2.99,GBP
1565f47e-2bce-45ca-b3bc-5ca8a2d79e49,,447795115479,2026-01-26 19:56:09.000,REN,PKG_SERVICE_4_GB,3.49,GBP
999679bb-4fa7-4c9f-9868-42c48d1bde7d,,447799298485,2026-01-26 20:00:52.000,REN,PKG_SERVICE_3_GB,2.99,GBP
f6b7cc2d-7b1c-4f39-a296-7bdeea9adbc5,2cf2c8b7-981a-4892-a06a-76e5738f44bd,447708923961,2026-01-26 20:28:57.000,SUB,PKG_SERVICE_5_GB,1.99,GBP
eca0ae21-32f9-4279-9113-5f328b37dc05,ff87af26-ce71-4181-b206-db20dbf45c70,447707207949,2026-01-26 20:35:07.000,SUB,PKG_SERVICE_5_GB,1.99,GBP
f968860a-ab43-48ee-beb4-ee821ba62ddd,,447751544296,2026-01-26 20:40:35.000,REN,PKG_SERVICE_5_GB,1.99,GBP
4ff03775-59aa-4de5-8bd7-5f72d40ddaf3,bfd45413-e4b3-4877-99ad-846d40f0b82d,447772606983,2026-01-26 20:51:26.000,SUB,PKG_SERVICE_3_GB,2.99,GBP
fc998b5a-c71c-4a5b-a62d-7081738c0c0d,69c9a190-25be-476f-ae8c-2f490600d015,447705481675,2026-01-26 20:53:30.000,SUB,PKG_SERVICE_3_GB,2.99,GBP
0f1cf87e-c6c9-42c3-bee9-3001703cb1b0,,447753041559,2026-01-26 21:04:55.000,REN,PKG_SERVICE_4_GB,3.49,GBP
ac524ed9-ce21-44cf-b89c-2425d0b77969,,447703525277,2026-01-26 22:16:03.000,REN,PKG_SERVICE_3_GB,2.99,GBP
60334483-fea0-473c-b59b-11847b65beab,,447755287008,2026-01-26 22:21:33.000,REN,PKG_SERVICE_5_GB,1.99,GBP
84ae80dd-f83c-491b-8956-3a9063491825,3167b3f0-69e3-4ec9-b38a-ade6f31456b3,447778853513,2026-01-26 22:33:07.000,SUB,PKG_SERVICE_4_GB,3.49,GBP
af15d033-5ad9-4188-9fc3-8b71001c5ddf,,447790785518,2026-01-26 22:42:15.000,REN,PKG_SERVICE_5_GB,1.99,GBP
aac16593-af1d-4289-b3ad-c4ec413d9745,,447734891700,2026-01-26 22:47:01.000,REN,PKG_SERVICE_3_GB,2.99,GBP
0539ec30-297d-41a2-814f-074a1462845f,,447777727518,2026-01-26 22:56:08.000,REN,PKG_SERVICE_4_GB,3.49,GBP
43f23263-a3f8-406c-9dd7-cf309df673a7,,447703742937,2026-01-26 23:54:18.000,REN,PKG_SERVICE_4_GB,3.49,GBP
f8b1308b-8d23-43db-ad47-d97224906f86,,447759712621,2026-01-26 23:55:14.000,REN,PKG_SERVICE_3_GB,2.99,GBP
98d1c0ab-dfe2-408c-bfda-11cc9c3aa944,,447787370586,2026-01-27 00:15:07.000,REN,PKG_SERVICE_5_GB,1.99,GBP
f42aa8e1-4ef0-4dd2-a47e-3e7da674781d,,447763996230,2026-01-27 00:47:23.000,REN,PKG_SERVICE_4_GB,3.49,GBP
8f1fc948-57b1-45cf-8349-9437fe5a097f,,447724484810,2026-01-27 00:55:55.000,REN,PKG_SERVICE_3_GB,2.99,GBP
e3a8fe2a-9c07-40f7-b71a-5e986ff4670e,,447700789557,2026-01-27 01:15:09.000,UNSUB,PKG_SERVICE_3_GB,0,GBP
edb330fe-fe56-475d-a460-15c20198b58f,,447749948990,2026-01-27 01:17:44.000,REN,PKG_SERVICE_3_GB,2.99,GBP
6419427f-5433-4a53-b78c-9e794c3856b5,,447723502297,2026-01-27 01:56:07.000,REN,PKG_SERVICE_5_GB,1.99,GBP
8fb09dbf-5997-4c8a-be1b-dc2c14ebb161,1f2017a1-2c59-4968-ab2b-666b8c45250d,447796371417,2026-01-27 01:58:29.000,SUB,PKG_SERVICE_4_GB,3.49,GBP
3feed890-f72c-4943-b40b-c221794e1290,,447799922910,2026-01-27 02:01:20.000,REN,PKG_SERVICE_5_GB,1.99,GBP
5731aa2b-280e-4fe0-8a33-359ce7557521,c57a5a06-a999-4c97-9a26-b74e6b531edc,447750076287,2026-01-27 02:12:46.000,SUB,PKG_SERVICE_5_GB,1.99,GBP
2adbb5d2-e6cf-4ad3-8957-c799a437cfee,,447744613443,2026-01-27 02:16:49.000,UNSUB,PKG_SERVICE_4_GB,0,GBP
f12607d3-7fa7-4651-bee6-a1e4034425fc,,447734471618,2026-01-27 02:21:35.000,REN,PKG_SERVICE_3_GB,2.99,GBP
760253bc-405e-4d8a-a9a1-670651667f03,,447708902918,2026-01-27 02:42:19.000,REN,PKG_SERVICE_3_GB,2.99,GBP
bfef5142-bdda-49e0-be9b-279035a8c442,,447777740212,2026-01-27 02:57:11.000,REN,PKG_SERVICE_3_GB,2.99,GBP
ff20958a-e1dd-46a8-b385-08c2896fa5fe,206f6f70-05fa-47db-b3b8-a8324bccba89,447795971210,2026-01-27 04:05:24.000,SUB,PKG_SERVICE_4_GB,3.49,GBP
a2c4b1f4-5699-4df5-99e9-fe6dec6911d8,,447706763668,2026-01-27 04:13:32.000,REN,PKG_SERVICE_3_GB,2.99,GBP
cd085a15-3b2b-4bac-9652-ec0b694bfe7d,,447785773115,2026-01-27 04:16:44.000,REN,PKG_SERVICE_4_GB,3.49,GBP
d9412617-bc4b-4f27-8963-f12a1d3401c1,,447769322035,2026-01-27 04:35:18.000,REN,PKG_SERVICE_5_GB,1.99,GBP
bc9e9e7d-cb27-42b9-9c3d-9f0eae68c0c4,,447722964090,2026-01-27 04:55:13.000,REN,PKG_SERVICE_5_GB,1.99,GBP
7a28b104-3be6-4c53-8ae2-5c19f3afb9a8,,447769633450,2026-01-27 05:09:37.000,REN,PKG_SERVICE_4_GB,3.49,GBP
5348dc82-4cb4-4779-b847-3ec0b2dbc662,334ce832-b8e4-42e0-abd9-e7e6f1abd9b1,447778170831,2026-01-27 05:12:11.000,SUB,PKG_SERVICE_4_GB,3.49,GBP
b6078d8b-3e46-4b7b-9c3a-9aca66b5313a,94904d78-cc2f-4ac0-a176-271b202c30e2,447750063873,2026-01-27 05:17:23.000,SUB,PKG_SERVICE_3_GB,2.99,GBP
35ccffda-e7a0-4051-b772-73c2632c9c1b,,447744613443,2026-01-27 05:27:52.000,REN,PKG_SERVICE_4_GB,3.49,GBP
0ef1bc4f-4f94-4857-969a-338b3f937448,,447793807098,2026-01-27 05:27:57.000,REN,PKG_SERVICE_4_GB,3.49,GBP
94d243f1-32f7-45c8-84a8-fadd1de7eaf9,441dcca9-7626-44c3-bed9-463adb4a1d96,447713881945,2026-01-27 05:30:45.000,SUB,PKG_SERVICE_3_GB,2.99,GBP
88f71abb-6f0d-4b51-bd95-b037f1d7b633,,447752067880,2026-01-27 05:33:34.000,REN,PKG_SERVICE_3_GB,2.99,GBP
ed8b2dab-7b30-4a72-b57d-0cb01769ce62,f2cf34e9-fe37-4d66-9a11-c349806b71d2,447743634616,2026-01-27 05:44:44.000,SUB,PKG_SERVICE_3_GB,2.99,GBP
78d9610e-c8a6-4560-990e-0ac049440fb7,,447767697503,2026-01-27 05:57:24.000,UNSUB,PKG_SERVICE_3_GB,0,GBP
2b111f34-41ba-4888-a9c9-80131500abe7,,447789028485,2026-01-27 06:15:28.000,REN,PKG_SERVICE_5_GB,1.99,GBP
cc584d06-f740-45c1-9bff-a8393aaab4fa,,447777492742,2026-01-27 06:22:54.000,UNSUB,PKG_SERVICE_5_GB,0,GBP
53fc516a-775d-4bb7-8ad1-80dbaf0284cf,,447714059718,2026-01-27 06:38:40.000,REN,PKG_SERVICE_3_GB,2.99,GBP
baf023fd-0da2-47c3-8629-a0c401e5f7b0,85e5ff3b-eeec-4484-9546-a40c06a95ace,447790492532,2026-01-27 06:55:42.000,SUB,PKG_SERVICE_3_GB,2.99,GBP
786ab4e4-3fca-441d-b58c-f24874543edc,,447790583579,2026-01-27 06:55:44.000,REN,PKG_SERVICE_3_GB,2.99,GBP
d4b10546-fd38-4b07-89a2-6f387567c211,,447737557155,2026-01-27 07:06:11.000,REN,PKG_SERVICE_5_GB,1.99,GBP
7c9bc7b5-c78a-4beb-819a-6964dee62385,,447740494936,2026-01-27 07:38:24.000,REN,PKG_SERVICE_4_GB,3.49,GBP
7b6b3e61-320a-4ec7-ae55-77385b59b51d,9d1dad30-6ccd-4904-b481-5f82c401aa5f,447767030804,2026-01-27 07:41:01.000,SUB,PKG_SERVICE_3_GB,2.99,GBP
f4d4b648-c875-4dbd-95ec-7fe991cd7677,,447771474611,2026-01-27 07:44:13.000,UNSUB,PKG_SERVICE_3_GB,0,GBP
e5cca203-6c51-486e-ab87-93f2a5354b91,58946e46-eb75-4a56-8a59-dc22e69434f9,447760390771,2026-01-27 07:45:40.000,SUB,PKG_SERVICE_5_GB,1.99,GBP
2e6d9370-8391-40ca-8967-f8da81085d9a,48b8520c-9d8a-47d8-b19c-a661c0c22598,447796158135,2026-01-27 07:50:13.000,SUB,PKG_SERVICE_5_GB,1.99,GBP
072bae16-82c5-4ed8-93f3-d8e7f49ea6e5,,447729312151,2026-01-27 08:46:40.000,REN,PKG_SERVICE_3_GB,2.99,GBP
2585e450-db6b-4809-805b-d35086148338,,447783567771,2026-01-27 08:51:30.000,REN,PKG_SERVICE_5_GB,1.99,GBP
67126946-fa94-4bd3-ad06-42e9120a167d,706fc743-a057-4f07-9a56-b3903f396209,447727049136,2026-01-27 09:01:59.000,SUB,PKG_SERVICE_5_GB,1.99,GBP
33cbd411-8295-4812-a766-0ecc905ac1c4,d2ca077a-5bdf-4bd2-a8cf-3614f441337d,447781545313,2026-01-27 09:03:33.000,SUB,PKG_SERVICE_5_GB,1.99,GBP
411b02a5-ff0c-4142-a6b7-4299399b3bde,,447772606687,2026-01-27 09:04:26.000,REN,PKG_SERVICE_5_GB,1.99,GBP
6d796127-2a50-4d3f-99ec-0918fd82f1c6,,447754387848,2026-01-27 09:05:25.000,REN,PKG_SERVICE_3_GB,2.99,GBP
ccb4563d-db19-4a2e-93b5-e4ff8693f54e,,447761008495,2026-01-27 09:23:43.000,REN,PKG_SERVICE_4_GB,3.49,GBP
6dc2b405-d763-4574-9adf-f98ca1bfee10,,447742304621,2026-01-27 09:29:28.000,REN,PKG_SERVICE_4_GB,3.49,GBP
00777266-8f78-428d-a931-4dedc429fbca,,447793117389,2026-01-27 09:59:22.000,REN,PKG_SERVICE_5_GB,1.99,GBP
221ad16e-e4d7-4541-b3d6-62079b904b14,,447742311711,2026-01-27 10:50:46.000,REN,PKG_SERVICE_5_GB,1.99,GBP
c495997f-a328-40a3-aa26-de6405178d87,,447733975606,2026-01-27 11:04:09.000,REN,PKG_SERVICE_4_GB,3.49,GBP
b7c18b23-7955-44da-b9c8-ecd5f0952d31,,447756188021,2026-01-27 11:05:38.000,REN,PKG_SERVICE_4_GB,3.49,GBP
1bbb5112-1729-4745-940d-34f7f376cb98,,447731179176,2026-01-27 11:07:58.000,REN,PKG_SERVICE_5_GB,1.99,GBP
aa8283a8-3595-4b90-9872-d445a9472486,,447752540215,2026-01-27 11:17:56.000,REN,PKG_SERVICE_5_GB,1.99,GBP
7da6cf00-9488-4818-9aa2-c4712c13764d,,447753359795,2026-01-27 11:25:32.000,REN,PKG_SERVICE_5_GB,1.99,GBP
0794e036-8241-474c-8e07-3c03dd41233d,,447735954042,2026-01-27 11:52:14.000,REN,PKG_SERVICE_4_GB,3.49,GBP
f1d09385-076f-4029-bcc3-28e3b0a3643e,,447734841640,2026-01-27 11:56:27.000,REN,PKG_SERVICE_5_GB,1.99,GBP
b9b5f42e-d683-44a4-8131-ea494a8e6bb3,,447763260279,2026-01-27 12:20:26.000,REN,PKG_SERVICE_5_GB,1.99,GBP
3906d052-d824-4c0d-ad79-0a6696fe69c6,,447789731288,2026-01-27 12:23:17.000,REN,PKG_SERVICE_5_GB,1.99,GBP
6c337fa1-2a20-4072-b070-3f686c29e2ad,789c5551-9d3f-4fb5-b6da-7c9fbac71c2e,447738584277,2026-01-27 12:35:48.000,SUB,PKG_SERVICE_5_GB,1.99,GBP
1a47f13b-39eb-4c5b-968c-b06e0b527a5f,46befd3f-47c1-43ca-b092-379f8efd86e8,447757145825,2026-01-27 12:36:54.000,SUB,PKG_SERVICE_4_GB,3.49,GBP
00850912-ff0e-497c-84bd-afb766e1e60f,a0b7b0e0-50bd-4d24-b0ef-8c3107221878,447765338800,2026-01-27 12:40:29.000,SUB,PKG_SERVICE_3_GB,2.99,GBP
ce9b196b-9754-4c26-88fb-1bb679272095,,447703973468,2026-01-27 13:28:05.000,REN,PKG_SERVICE_4_GB,3.49,GBP
d042a8e7-208f-4209-9888-1a98c632f769,,447774031628,2026-01-27 14:04:10.000,REN,PKG_SERVICE_4_GB,3.49,GBP
8dffc67e-d1a4-4ff3-975c-fb869b363bc8,,447702435714,2026-01-27 14:05:32.000,REN,PKG_SERVICE_5_GB,1.99,GBP
de408d5c-5900-45c7-80ec-7cdda3a75964,,447728776747,2026-01-27 14:15:05.000,REN,PKG_SERVICE_4_GB,3.49,GBP
36f5f284-1cfb-46e7-a5cf-fb9eeeaedc4e,,447704242335,2026-01-27 14:27:01.000,REN,PKG_SERVICE_4_GB,3.49,GBP
fcb930fc-398c-4240-80da-98b1033d08cc,1f6bba7d-7ef9-406f-8712-cdb5968bf43e,447742962929,2026-01-27 14:27:20.000,SUB,PKG_SERVICE_4_GB,3.49,GBP
77013356-24f6-4b49-929a-81b4688249a3,,447714150695,2026-01-27 14:28:12.000,REN,PKG_SERVICE_4_GB,3.49,GBP
37878295-4f0b-4a5a-b384-1257e5e0ad7d,,447724360444,2026-01-27 15:33:02.000,REN,PKG_SERVICE_4_GB,3.49,GBP
dcc2127e-2106-4784-852f-d721dcf20d50,,447736314600,2026-01-27 15:59:41.000,REN,PKG_SERVICE_5_GB,1.99,GBP
40a5eab8-8555-47aa-b8a2-451671092c96,1c03a337-4166-4a1f-b481-4882d5dca756,447795937539,2026-01-27 16:07:38.000,SUB,PKG_SERVICE_4_GB,3.49,GBP
69ca8bf1-bb3f-4426-b097-e07d99e1be48,,447726884441,2026-01-27 16:13:48.000,REN,PKG_SERVICE_3_GB,2.99,GBP
60cb3fb2-49de-4419-9ab2-56dd47615a7e,,447725393231,2026-01-27 16:39:40.000,REN,PKG_SERVICE_4_GB,3.49,GBP
2b3e42c0-6e80-4c95-bbea-3c7e08c8c151,a36cb96b-2cc9-44cf-91da-3769a45375ff,447771601336,2026-01-27 16:40:18.000,SUB,PKG_SERVICE_5_GB,1.99,GBP
8380b1ca-d893-4912-9153-b0554ce2f116,,447785009732,2026-01-27 16:42:41.000,REN,PKG_SERVICE_3_GB,2.99,GBP
650fe119-9cae-4702-b662-d8b712ebac1d,7c5698c8-3271-423d-bf3b-8d56dec5fe65,447780861790,2026-01-27 17:01:41.000,SUB,PKG_SERVICE_4_GB,3.49,GBP
9bd8a9d5-c4a9-476d-96c5-fe37442d48dc,,447759679254,2026-01-27 17:05:02.000,REN,PKG_SERVICE_3_GB,2.99,GBP
19b2e11c-69b8-47d1-a72c-4a089c8457f4,c4a59daa-ea03-469b-b644-33947a948838,447736024638,2026-01-27 17:14:12.000,SUB,PKG_SERVICE_4_GB,3.49,GBP
574fb2c4-9969-464f-a020-39df76c998b5,5cd0c042-8cfe-43ca-b9a1-9747de2b1e15,447731890372,2026-01-27 17:31:10.000,SUB,PKG_SERVICE_3_GB,2.99,GBP
945054da-a5aa-4eed-9239-70a0fbe70ab0,,447723812173,2026-01-27 17:37:00.000,REN,PKG_SERVICE_3_GB,2.99,GBP
fbb6ffb4-e147-4302-9072-b07e6568fe55,e9385df5-92f3-4670-881c-3f361f46c58f,447707185874,2026-01-27 18:22:28.000,SUB,PKG_SERVICE_5_GB,1.99,GBP
283081dd-87ad-454c-9cf3-881852142b0c,,447740530826,2026-01-27 18:42:36.000,REN,PKG_SERVICE_4_GB,3.49,GBP
4512fcbb-e51a-4185-8c43-1226faf69cff,b91d1369-2c8b-4be6-b092-485f8e04a612,447762461873,2026-01-27 18:49:01.000,SUB,PKG_SERVICE_3_GB,2.99,GBP
6ec69239-f4f1-4005-bcff-8c218f72fa1d,,447753836617,2026-01-27 18:52:57.000,REN,PKG_SERVICE_5_GB,1.99,GBP
295134bd-ea9e-47c7-b8ba-73c09aff66ca,0df1e4ad-0104-4a8a-b86c-f88233e29055,447729254326,2026-01-27 19:20:04.000,SUB,PKG_SERVICE_3_GB,2.99,GBP
4227e8e6-db0b-4192-ac6c-7decbe4613aa,,447780794922,2026-01-27 19:24:37.000,REN,PKG_SERVICE_4_GB,3.49,GBP
72af8206-0c1c-47bc-8779-d1eaf3ba8be5,,447758082081,2026-01-27 19:33:00.000,REN,PKG_SERVICE_4_GB,3.49,GBP
bcaa50c0-2839-4b00-9474-24a6af674bc2,,447768616785,2026-01-27 19:34:49.000,REN,PKG_SERVICE_4_GB,3.49,GBP
305bb610-91af-4905-aa05-03e4646a59d1,,447710983796,2026-01-27 20:29:35.000,UNSUB,PKG_SERVICE_4_GB,0,GBP
500e981b-b329-4dbc-94ae-3530b574b152,,447716369021,2026-01-27 20:33:10.000,REN,PKG_SERVICE_4_GB,3.49,GBP
7cb341fe-001a-4b78-b970-7e12c7672f24,c2e7edc6-a7ca-46f0-ad96-8702538e05dd,447799479208,2026-01-27 20:53:19.000,SUB,PKG_SERVICE_3_GB,2.99,GBP
0cdb95e8-2350-4c29-b4f2-76813a81957a,c45a6cb7-e8eb-4ef5-b84a-16084643dd52,447729094680,2026-01-27 21:42:03.000,SUB,PKG_SERVICE_5_GB,1.99,GBP
30e2a5b7-af62-4849-9238-9b53d48187ea,,447778796992,2026-01-27 22:55:44.000,REN,PKG_SERVICE_3_GB,2.99,GBP
5dcbaae8-2a26-4a43-8507-9195fc28a357,b3ac0efb-1642-451e-9e9b-ea4a449bc223,447713159014,2026-01-27 22:58:58.000,SUB,PKG_SERVICE_5_GB,1.99,GBP
8b5183f2-d7ca-46ea-97c6-ce6697b71647,,447705246818,2026-01-27 23:33:22.000,REN,PKG_SERVICE_5_GB,1.99,GBP
3103680f-1c21-4158-a790-3fe0121dbea3,,447723526521,2026-01-28 00:07:31.000,REN,PKG_SERVICE_5_GB,1.99,GBP
3743a86e-ec1b-4ebc-8acd-ab4d5dc228a6,,447782185211,2026-01-28 00:17:33.000,REN,PKG_SERVICE_4_GB,3.49,GBP
e4d96e09-fe45-401b-b95a-61494aad20ff,,447763405851,2026-01-28 00:43:38.000,REN,PKG_SERVICE_5_GB,1.99,GBP
4ca45abd-4e33-4ab3-8c29-6f9fdc9e7140,9d19e22a-efea-44c7-9473-2a4fcc9a6804,447703915837,2026-01-28 01:03:06.000,SUB,PKG_SERVICE_5_GB,1.99,GBP
342de134-db97-4ef5-a9a2-e915ec3b772f,26d3888f-ba93-4ed9-a8f8-615ec9211447,447767254510,2026-01-28 01:21:37.000,SUB,PKG_SERVICE_4_GB,3.49,GBP
281b3b23-45a9-4edf-936e-08b6f2e4591e,3e1d9c12-7153-4839-89eb-e74dae78c602,447714499939,2026-01-28 01:28:01.000,SUB,PKG_SERVICE_3_GB,2.99,GBP
b9a11534-8b21-474b-9f5d-77850645d12d,74dd3287-b4df-4fb7-9307-cff1507eeacd,447772608807,2026-01-28 01:30:39.000,SUB,PKG_SERVICE_5_GB,1.99,GBP
9227af2e-fb1a-42f7-844f-4cb7eebb6031,,447768113469,2026-01-28 01:43:33.000,UNSUB,PKG_SERVICE_5_GB,0,GBP
55841bcf-b1a8-4f1d-b417-9cf5ebb8e0c7,070da98c-6976-4aeb-b40c-8e70b8fa6c3a,447786446136,2026-01-28 01:52:28.000,SUB,PKG_SERVICE_5_GB,1.99,GBP
202acdcc-b3e9-4f28-89eb-6976d6c5b051,,447763543929,2026-01-28 02:07:27.000,REN,PKG_SERVICE_5_GB,1.99,GBP
94961de8-6859-4229-af06-c007b1efc4d6,,447712907180,2026-01-28 02:11:15.000,REN,PKG_SERVICE_3_GB,2.99,GBP
d515b360-bc62-46ef-868d-d31c6bfa2ca0,,447781804256,2026-01-28 02:33:20.000,REN,PKG_SERVICE_4_GB,3.49,GBP
2d1a4c72-d699-4496-8332-5b47c2ba7cc7,,447771474611,2026-01-28 02:43:46.000,REN,PKG_SERVICE_3_GB,2.99,GBP
592287a6-147b-4467-8c8d-1eb18947f2b9,,447798455403,2026-01-28 02:52:01.000,REN,PKG_SERVICE_4_GB,3.49,GBP
432f1947-d779-4f22-ab72-48e7fd5e9baf,,447769757952,2026-01-28 03:13:20.000,REN,PKG_SERVICE_4_GB,3.49,GBP
a0930eee-33da-475c-a79c-cba30504cea6,fd3894b7-df09-4771-9571-cbc85cc2de96,447730025482,2026-01-28 03:41:44.000,SUB,PKG_SERVICE_5_GB,1.99,GBP
62972bb0-817b-4488-b9ef-ed8effbc9c3f,,447715386858,2026-01-28 04:13:38.000,REN,PKG_SERVICE_3_GB,2.99,GBP
34cf31fa-e806-44ab-9ef2-de665197de04,,447709266500,2026-01-28 04:43:32.000,REN,PKG_SERVICE_3_GB,2.99,GBP
bd0f8444-a7b0-4823-8f3e-ef805aa4babd,,447725648990,2026-01-28 05:00:34.000,REN,PKG_SERVICE_4_GB,3.49,GBP
d59027ef-2b98-47fa-9a7d-34e884e99831,,447746670189,2026-01-28 05:01:12.000,REN,PKG_SERVICE_3_GB,2.99,GBP
9c1dee73-05a9-41b5-a7bd-10f1bf011abb,,447730741099,2026-01-28 05:14:12.000,UNSUB,PKG_SERVICE_4_GB,0,GBP
b4bf9fd8-8f8e-483c-aba7-2bf37c2e699f,42ee198d-c7ab-4fa3-bd5b-54fd12f87d75,447754710973,2026-01-28 05:15:58.000,SUB,PKG_SERVICE_5_GB,1.99,GBP
5ad58a80-9cba-4d7e-bc2b-5c87bd524644,438efcc2-0f9f-4db9-95b9-45656e92c048,447714175522,2026-01-28 06:03:08.000,SUB,PKG_SERVICE_5_GB,1.99,GBP
b426cc94-c7a5-435a-849e-99331c4b29a4,,447716395343,2026-01-28 06:27:45.000,REN,PKG_SERVICE_5_GB,1.99,GBP
8c5c8cd5-a8cd-41b4-b579-3a73145e1476,,447731387892,2026-01-28 06:30:02.000,REN,PKG_SERVICE_4_GB,3.49,GBP
05125667-ac54-4e56-ba94-57aca7efae37,797ca148-2e25-4c35-9fa3-0b5a30618e11,447720807883,2026-01-28 06:32:30.000,SUB,PKG_SERVICE_4_GB,3.49,GBP
92a53a9d-df5e-4af9-9dd0-529dca47e814,dd34f645-3a3a-402e-b0b9-8c22de64e570,447729116030,2026-01-28 06:41:15.000,SUB,PKG_SERVICE_4_GB,3.49,GBP
d8255909-34db-4de0-95c7-9da164668eba,,447747316875,2026-01-28 06:43:20.000,REN,PKG_SERVICE_3_GB,2.99,GBP
0978d0f6-0f10-4d22-a5d5-26f536c05d35,ec6fe476-a016-4820-9efb-8eedfded053a,447761706876,2026-01-28 06:46:15.000,SUB,PKG_SERVICE_5_GB,1.99,GBP
d3d1b115-4d42-4526-a546-b292322b0b47,,447762427865,2026-01-28 06:51:05.000,REN,PKG_SERVICE_5_GB,1.99,GBP
593f5ca5-64b3-4bfe-b3ff-7d2ad8af6769,,447799851042,2026-01-28 06:53:37.000,REN,PKG_SERVICE_4_GB,3.49,GBP
ddcd68ea-22e2-47c7-b0c4-2a1fd53d468b,,447725722735,2026-01-28 07:07:06.000,REN,PKG_SERVICE_5_GB,1.99,GBP
9f72278e-ef77-4acd-bbd2-c58190005e55,,447712133336,2026-01-28 07:22:44.000,REN,PKG_SERVICE_3_GB,2.99,GBP
b1943539-1ead-4724-8ef7-aaf91a95efa4,,447792046696,2026-01-28 07:33:38.000,REN,PKG_SERVICE_5_GB,1.99,GBP
d9216108-501f-4b35-b2e5-c08d1e3ac364,,447708176792,2026-01-28 07:49:23.000,REN,PKG_SERVICE_3_GB,2.99,GBP
02c271d6-3996-4902-ace0-5cf818c070e8,1da5dc5f-613a-412a-972a-774b09ae85ce,447769155641,2026-01-28 08:16:51.000,SUB,PKG_SERVICE_3_GB,2.99,GBP
22752838-e445-4570-ab5f-4f666e6f655c,,447703970588,2026-01-28 08:20:07.000,REN,PKG_SERVICE_4_GB,3.49,GBP
ab23e37a-95c7-4842-b172-a8b81b6adb99,,447767303509,2026-01-28 08:26:54.000,REN,PKG_SERVICE_5_GB,1.99,GBP
3e5ae03f-5988-4e4d-8ee6-a105e687a2d1,,447791736548,2026-01-28 08:30:40.000,REN,PKG_SERVICE_4_GB,3.49,GBP
6af661e5-caf1-400a-bd52-6ba8e7ff3f5a,c75bb1e4-03bf-45f7-b1e8-64cf8db392c1,447720882659,2026-01-28 08:40:46.000,SUB,PKG_SERVICE_3_GB,2.99,GBP
0a93b7ca-0b3d-43b7-bf46-4838f35a1701,c02569e0-2f0b-4f86-afc2-269dc7c157b2,447729475837,2026-01-28 08:54:22.000,SUB,PKG_SERVICE_3_GB,2.99,GBP
dbe5dbd2-a395-4c40-914f-1e902b728757,,447744955777,2026-01-28 09:24:17.000,REN,PKG_SERVICE_4_GB,3.49,GBP
e443572b-ff89-49dd-b089-c82e8dc4e93c,662c04b6-b20a-4313-82f3-4d819fc10634,447755082683,2026-01-28 09:43:31.000,SUB,PKG_SERVICE_5_GB,1.99,GBP
549a4f79-11df-49cf-b877-000663d15f61,fd54217c-ec42-4dad-8dd2-7df8403863b8,447799975407,2026-01-28 09:55:05.000,SUB,PKG_SERVICE_4_GB,3.49,GBP
4c6f5b25-5c34-4936-b970-28b0ce8d3388,,447738824934,2026-01-28 10:50:10.000,REN,PKG_SERVICE_5_GB,1.99,GBP
dc0ace37-4c25-4b97-9db4-729ff27304e2,,447793487069,2026-01-28 10:56:07.000,REN,PKG_SERVICE_4_GB,3.49,GBP
3b0c9d46-31d6-422e-a3c3-67152521bc7e,2978c901-fe4e-4d71-99f2-2afba4901b0d,447700522963,2026-01-28 10:59:22.000,SUB,PKG_SERVICE_5_GB,1.99,GBP
4c02d02c-30ad-4637-944f-9e1e508df65a,,447789593072,2026-01-28 11:03:17.000,REN,PKG_SERVICE_5_GB,1.99,GBP
1aed105c-9965-46f9-af9c-55a955bcdf3a,,447748306140,2026-01-28 11:16:07.000,REN,PKG_SERVICE_4_GB,3.49,GBP
111e4c55-7a78-4307-ab07-a700fdd661db,,447706183383,2026-01-28 11:26:23.000,REN,PKG_SERVICE_5_GB,1.99,GBP
00946f57-7333-4da2-aa65-d49a710a107f,,447790729706,2026-01-28 11:31:33.000,REN,PKG_SERVICE_3_GB,2.99,GBP
11f1a373-c257-4a4e-b48a-4433aafc1abd,,447723585155,2026-01-28 11:40:29.000,REN,PKG_SERVICE_4_GB,3.49,GBP
ec9e451f-7151-4e46-b342-569b0436c8a3,,447730948051,2026-01-28 11:41:24.000,UNSUB,PKG_SERVICE_5_GB,0,GBP
0d8be935-bbb3-4057-ab56-ea39daee6cf7,,447783616818,2026-01-28 12:02:28.000,REN,PKG_SERVICE_3_GB,2.99,GBP
8dfaa687-ad2e-44ac-b4cc-e0fc329dfe73,,447734654353,2026-01-28 12:04:01.000,REN,PKG_SERVICE_5_GB,1.99,GBP
87d9b482-c7cf-4ed6-87c6-d914aea64c76,9f417a20-b19e-43f4-8040-fd5d511428d4,447765511963,2026-01-28 12:15:35.000,SUB,PKG_SERVICE_3_GB,2.99,GBP
dee9f93b-4682-4d0f-9535-28ec7a701b53,7af04ce5-36a9-417d-abb3-37a0c4babf9f,447751864300,2026-01-28 12:22:17.000,SUB,PKG_SERVICE_5_GB,1.99,GBP
5b3cb403-053e-487c-9db9-f79e8f8bd333,,447766342280,2026-01-28 12:39:22.000,REN,PKG_SERVICE_5_GB,1.99,GBP
c9b8921e-7d48-4aeb-946c-38ffe5008f1b,,447780833452,2026-01-28 12:45:27.000,REN,PKG_SERVICE_3_GB,2.99,GBP
1b88d1a8-fd09-4570-b595-e46912b9c4a2,,447740154684,2026-01-28 12:47:30.000,UNSUB,PKG_SERVICE_5_GB,0,GBP
02f6bd11-5024-4b3a-85cc-123198e35d70,,447765208810,2026-01-28 12:55:02.000,REN,PKG_SERVICE_4_GB,3.49,GBP
f7956722-f973-40ca-b052-2d6ad3ebc10e,,447742507070,2026-01-28 12:55:58.000,REN,PKG_SERVICE_4_GB,3.49,GBP
48ce2125-1d6d-4e5a-9a79-94e80cd008bd,,447738215197,2026-01-28 13:10:55.000,REN,PKG_SERVICE_5_GB,1.99,GBP
2f1eae8f-1d66-4a87-961c-709e26ebe641,,447718688075,2026-01-28 13:25:43.000,REN,PKG_SERVICE_4_GB,3.49,GBP
39dc54f2-9f98-463d-be6f-8873afadd8db,d8e428c7-b084-4f04-b543-25d994864c6e,447799385452,2026-01-28 14:04:20.000,SUB,PKG_SERVICE_3_GB,2.99,GBP
290229b6-0304-4b04-b3cb-e14105012ad9,5a1d5595-4780-4eea-9a2d-6a8d826e7205,447710442549,2026-01-28 14:04:26.000,SUB,PKG_SERVICE_3_GB,2.99,GBP
8edbdef7-d4b8-4198-9432-d648feb1cd6d,423d46d5-596e-472b-81ca-ce9088b1bfbb,447788531848,2026-01-28 14:07:17.000,SUB,PKG_SERVICE_5_GB,1.99,GBP
f3c57d94-8d7f-4e2b-8a1a-7aa0816d2cea,,447758042832,2026-01-28 14:16:24.000,REN,PKG_SERVICE_4_GB,3.49,GBP
d2db5d70-41af-4079-be88-5fe76e203135,,447752604769,2026-01-28 14:37:53.000,REN,PKG_SERVICE_4_GB,3.49,GBP
8357c1c4-1385-4b38-9e72-75c3d192f571,,447730350515,2026-01-28 14:49:17.000,REN,PKG_SERVICE_4_GB,3.49,GBP
b3e43a3d-010d-42e1-b9d4-5288287092ad,,447785450230,2026-01-28 15:09:45.000,REN,PKG_SERVICE_4_GB,3.49,GBP
01b0cf71-5e21-4cf9-b6c6-648bbb2bc08a,78951cee-720c-4f82-b9c8-9b188cf78e38,447714781961,2026-01-28 15:18:32.000,SUB,PKG_SERVICE_4_GB,3.49,GBP
f3b5043a-7c6d-4587-b0f7-fac85eec7266,,447722964090,2026-01-28 15:35:57.000,UNSUB,PKG_SERVICE_5_GB,0,GBP
544422c4-f7ba-4451-923f-312a04fde8d1,13eef6bd-78f2-44d8-a7fb-a87c0cdfb894,447714477980,2026-01-28 15:36:50.000,SUB,PKG_SERVICE_3_GB,2.99,GBP
ceca4fd8-a0f6-4a65-bc39-328bbc222b20,,447763579221,2026-01-28 15:55:48.000,REN,PKG_SERVICE_3_GB,2.99,GBP
5e420abb-388b-4fbd-aca9-4c3eb524ab9d,538d963a-4827-445f-89c9-b2b58c2d53a8,447739898569,2026-01-28 15:57:20.000,SUB,PKG_SERVICE_5_GB,1.99,GBP
ad342f72-e98b-4795-bfb2-6e3fbda28492,,447760256759,2026-01-28 15:59:03.000,REN,PKG_SERVICE_3_GB,2.99,GBP
19027d6b-df4f-4ed4-a8fe-7bf294f2f3f9,,447729353363,2026-01-28 16:03:00.000,REN,PKG_SERVICE_3_GB,2.99,GBP
a35d9d86-ed63-451f-8051-56d1c763d153,,447730491229,2026-01-28 16:43:31.000,REN,PKG_SERVICE_3_GB,2.99,GBP
8731c045-ff7b-45a9-a4ab-7032bcc4e8db,562cfa1c-2653-4c50-bf60-3f354b714eca,447701045104,2026-01-28 16:48:53.000,SUB,PKG_SERVICE_4_GB,3.49,GBP
a6022fbe-1aa4-4b32-a247-f3600f4d45f7,,447757798439,2026-01-28 17:00:12.000,REN,PKG_SERVICE_5_GB,1.99,GBP
64d2e86d-3b00-420e-a837-854eedd4121f,,447795920935,2026-01-28 17:31:09.000,REN,PKG_SERVICE_3_GB,2.99,GBP
08cd23f8-934f-4c71-90f4-cf5f95451c33,,447713329262,2026-01-28 18:21:16.000,REN,PKG_SERVICE_5_GB,1.99,GBP
b9293b3a-0e24-4d17-a930-87d73defec75,,447709337266,2026-01-28 18:34:17.000,REN,PKG_SERVICE_5_GB,1.99,GBP
504d1f62-1fa6-4e8d-8106-cadec8f9a2aa,,447768113469,2026-01-28 19:34:17.000,REN,PKG_SERVICE_5_GB,1.99,GBP
f7782d1e-1ec0-4b95-827e-94bda1591847,,447788715506,2026-01-28 20:15:02.000,REN,PKG_SERVICE_4_GB,3.49,GBP
d393bb07-1d8c-410c-938e-7fa56c87cb09,,447781792371,2026-01-28 20:15:26.000,REN,PKG_SERVICE_3_GB,2.99,GBP
4360fe00-1259-4927-bd83-0023f3f0172a,,447705924829,2026-01-28 20:21:42.000,REN,PKG_SERVICE_4_GB,3.49,GBP
65eacd19-0fce-43b8-9918-77b9ac798f94,894c30c3-b6d8-45c3-9863-4fc6136ecbb2,447757501665,2026-01-28 20:47:50.000,SUB,PKG_SERVICE_4_GB,3.49,GBP
c22e962d-9373-46ac-b4cb-a4d524c1371d,59cd491f-40db-4a59-a76d-9dcf6f018ec7,447782190882,2026-01-28 21:23:14.000,SUB,PKG_SERVICE_5_GB,1.99,GBP
be3e9118-fd1d-4cd6-8aa7-4ddcb66d415d,effeb537-ec91-4be5-9b48-c90fdf8d645c,447796398694,2026-01-28 21:54:03.000,SUB,PKG_SERVICE_4_GB,3.49,GBP
2f0600ff-743a-4bb6-91ef-18068f1ab0d5,,447769023138,2026-01-28 22:02:55.000,REN,PKG_SERVICE_3_GB,2.99,GBP
305b2031-11ce-42cc-93aa-fe91f708b9b8,,447767697503,2026-01-28 22:07:36.000,REN,PKG_SERVICE_3_GB,2.99,GBP
b53b978b-c524-4b2b-b396-84cfee5c7e19,,447718725746,2026-01-28 22:17:23.000,REN,PKG_SERVICE_3_GB,2.99,GBP
9b849480-4faf-4254-8777-8ab3eaf6caef,,447762363965,2026-01-28 22:19:27.000,REN,PKG_SERVICE_5_GB,1.99,GBP
5ac3e051-2e62-4af4-ae71-896f9476c855,32a2e15b-b6ca-44ef-a2ff-f13aa9967419,447724891480,2026-01-28 22:42:58.000,SUB,PKG_SERVICE_3_GB,2.99,GBP
83bc61de-c4f9-416c-b2e7-2ceacd91a423,,447798423833,2026-01-28 23:11:44.000,REN,PKG_SERVICE_5_GB,1.99,GBP
c23950c0-694f-4118-97a5-123d950891ad,,447728080250,2026-01-28 23:32:07.000,REN,PKG_SERVICE_5_GB,1.99,GBP
d4fcd08b-0ed4-4bfb-b444-740a67815c49,,447787645048,2026-01-28 23:46:17.000,REN,PKG_SERVICE_4_GB,3.49,GBP
06171da6-e138-4a0c-b11c-2b32311a2537,2bd333ad-c808-4ed3-b88b-0c1b6075587d,447761144453,2026-01-28 23:56:09.000,SUB,PKG_SERVICE_4_GB,3.49,GBP
39ca7c8d-e665-4cff-affc-6a47a0a0b5ce,,447750744027,2026-01-29 00:19:48.000,REN,PKG_SERVICE_4_GB,3.49,GBP
f656fae8-9e65-483f-93bf-388a3b834343,021dc3e8-43bb-4f12-817c-6186b3c81e9c,447765235952,2026-01-29 00:32:15.000,SUB,PKG_SERVICE_3_GB,2.99,GBP
59e747ba-82df-4de4-bd1c-d36e2c673bef,c663aed5-f2c5-475c-8370-5e001d863be5,447709220012,2026-01-29 00:49:23.000,SUB,PKG_SERVICE_3_GB,2.99,GBP
62f30b98-ca33-47c7-bfee-f5c60a6b879d,,447772849482,2026-01-29 01:09:40.000,REN,PKG_SERVICE_4_GB,3.49,GBP
c84af4f8-6bef-46d7-b48d-30199b37f780,,447778109651,2026-01-29 01:20:39.000,REN,PKG_SERVICE_3_GB,2.99,GBP
e6d74061-d375-48f1-b239-1aed0fa3d6fb,,447735333950,2026-01-29 01:30:58.000,REN,PKG_SERVICE_5_GB,1.99,GBP
82a0de58-5318-433c-ab63-2978dd94674b,,447710600314,2026-01-29 01:41:48.000,UNSUB,PKG_SERVICE_4_GB,0,GBP
8684cfb7-12a2-4673-bd04-98346277bcff,5e152ddc-3fcb-4fcf-acec-e1ccf698efa8,447799868609,2026-01-29 01:42:11.000,SUB,PKG_SERVICE_5_GB,1.99,GBP
c5d06794-f3dc-4812-b8d4-a780ca2aa464,,447720584162,2026-01-29 01:44:57.000,REN,PKG_SERVICE_4_GB,3.49,GBP
95430c37-edc6-47de-b6d4-cddd0956d77a,,447723433631,2026-01-29 01:54:32.000,REN,PKG_SERVICE_4_GB,3.49,GBP
114c107f-62d0-40d2-9d68-f0390a8997cf,d5c270ab-a927-4e3a-b210-36b76965c49f,447774855360,2026-01-29 02:36:53.000,SUB,PKG_SERVICE_5_GB,1.99,GBP
45080f17-4286-4d4c-8b9d-c437e5cc6b11,,447756426931,2026-01-29 02:50:04.000,UNSUB,PKG_SERVICE_5_GB,0,GBP
3aca55ad-22f4-4e51-9a0b-5433dc415de2,d5f634fc-5afd-4fac-b537-ad851629483f,447736272765,2026-01-29 03:10:27.000,SUB,PKG_SERVICE_4_GB,3.49,GBP
f8bbb743-dc1c-48f0-987d-c74765c35804,,447714983497,2026-01-29 03:43:04.000,REN,PKG_SERVICE_5_GB,1.99,GBP
96edcee5-0b7f-4479-acd4-944f3d3370df,,447701793071,2026-01-29 03:44:22.000,REN,PKG_SERVICE_5_GB,1.99,GBP
660a6ae0-81ba-4e70-9be4-6c18f199831d,,447768868188,2026-01-29 03:49:52.000,REN,PKG_SERVICE_4_GB,3.49,GBP
ccb65b9d-5be8-46b7-b81d-9da8ddd19ca0,d86ac30e-cf94-4793-8cdb-5f5631810da8,447738508506,2026-01-29 04:02:15.000,SUB,PKG_SERVICE_5_GB,1.99,GBP
ada5ff0f-a4c9-4925-bd70-bbc4ea73efe9,,447754447687,2026-01-29 04:13:28.000,REN,PKG_SERVICE_5_GB,1.99,GBP
233d6b9e-10c9-459b-809f-c484fd645e87,,447742674149,2026-01-29 04:19:05.000,REN,PKG_SERVICE_4_GB,3.49,GBP
87fe73ab-5de7-4efb-a55f-bc7d41a502b0,,447752616582,2026-01-29 04:29:38.000,REN,PKG_SERVICE_5_GB,1.99,GBP
339c7f8b-372f-4914-b1ce-4f3cd691564e,,447731906151,2026-01-29 04:56:00.000,REN,PKG_SERVICE_4_GB,3.49,GBP
cc970102-dfbb-447c-98e7-70c969075f1e,,447753379882,2026-01-29 05:04:47.000,REN,PKG_SERVICE_3_GB,2.99,GBP
6cc4620a-2e84-4afb-a024-def3b81bea8e,,447770394905,2026-01-29 05:07:16.000,REN,PKG_SERVICE_4_GB,3.49,GBP
7c9d22ca-c2fb-47dd-8c1f-ae84249a27e7,,447759543482,2026-01-29 05:37:50.000,REN,PKG_SERVICE_3_GB,2.99,GBP
00f6d2b1-be06-42cf-8c5f-a63101ca5c08,,447762012067,2026-01-29 05:53:32.000,REN,PKG_SERVICE_5_GB,1.99,GBP
ef449b54-f3ae-4df5-b9d2-ea1f9f0e680d,a9533478-259c-4cad-b75d-d81e40823646,447704372705,2026-01-29 05:55:28.000,SUB,PKG_SERVICE_5_GB,1.99,GBP
fe8f560a-eead-489d-8490-233381cf1eb7,372e59c4-fb09-4f83-8f5a-8023c7995917,447792656784,2026-01-29 06:03:29.000,SUB,PKG_SERVICE_3_GB,2.99,GBP
d1361899-a0af-4ed4-8283-8a3528528d09,,447703406267,2026-01-29 06:08:37.000,REN,PKG_SERVICE_4_GB,3.49,GBP
1fda77b9-175d-4f0c-b57d-d830f1706959,,447717953701,2026-01-29 06:40:34.000,REN,PKG_SERVICE_3_GB,2.99,GBP
a3337027-7591-4609-bfa7-6f17891b0a73,,447773081315,2026-01-29 06:44:07.000,REN,PKG_SERVICE_4_GB,3.49,GBP
effca2da-ea65-4c46-ace4-a68b15795dd9,,447755537003,2026-01-29 06:59:45.000,REN,PKG_SERVICE_4_GB,3.49,GBP
eb0c8902-34f9-442c-ae89-8697b3bb6a46,,447794104685,2026-01-29 07:29:37.000,REN,PKG_SERVICE_4_GB,3.49,GBP
5db4e709-fe28-48a6-96a4-dfe3bbea7270,,447740366306,2026-01-29 07:31:15.000,REN,PKG_SERVICE_5_GB,1.99,GBP
c0969799-2757-4696-8a18-500e4bf3ebcc,24ab5bc1-6fc6-46af-bcd7-3a9c8fad0a61,447743808684,2026-01-29 07:32:42.000,SUB,PKG_SERVICE_5_GB,1.99,GBP
ada75cc9-496a-42b9-8372-1e628f8d8410,,447748008794,2026-01-29 07:40:20.000,REN,PKG_SERVICE_3_GB,2.99,GBP
3af525ac-cc78-4cf3-9f58-6b543e811172,,447783082440,2026-01-29 07:53:07.000,REN,PKG_SERVICE_3_GB,2.99,GBP
11e1eb97-16cf-4c90-baf8-ccd88caa93b0,,447722622570,2026-01-29 07:55:25.000,REN,PKG_SERVICE_5_GB,1.99,GBP
ea409c15-bdfb-431e-9b13-2c8553a93e5c,ddbda0e7-7480-4fc5-bec0-63549dba264d,447745601499,2026-01-29 08:11:32.000,SUB,PKG_SERVICE_4_GB,3.49,GBP
61983b91-9071-4b36-95ba-2acf9a50a39d,,447777005456,2026-01-29 08:28:27.000,REN,PKG_SERVICE_3_GB,2.99,GBP
eb4b6e08-397f-4d09-ab63-97bd7745231b,6bc45f31-fd41-42f8-9bd3-57e1e0e42705,447780940943,2026-01-29 08:29:53.000,SUB,PKG_SERVICE_3_GB,2.99,GBP
134ac097-3ca2-4185-9e84-43810974c743,,447769479389,2026-01-29 08:45:31.000,REN,PKG_SERVICE_5_GB,1.99,GBP
852e7b7b-98da-490a-8bf7-b86dc262ccf8,,447711132580,2026-01-29 08:48:45.000,REN,PKG_SERVICE_5_GB,1.99,GBP
514e5c18-524c-427d-a66e-ae556c35353b,,447790001998,2026-01-29 09:54:01.000,REN,PKG_SERVICE_5_GB,1.99,GBP
c0fc3f48-79ed-46fc-b652-daadef8a2f77,,447706198029,2026-01-29 09:59:11.000,UNSUB,PKG_SERVICE_4_GB,0,GBP
9ed20322-d062-480c-9ebe-059f8d394865,,447708781915,2026-01-29 10:05:52.000,REN,PKG_SERVICE_5_GB,1.99,GBP
a92f5146-ac89-45b7-b614-4c2f4f672724,0085f2af-a86c-442f-b466-2b29c5cac34d,447753201789,2026-01-29 11:14:25.000,SUB,PKG_SERVICE_5_GB,1.99,GBP
3db0284f-43ab-4a71-b108-940868f49bb9,,447707603812,2026-01-29 11:34:20.000,REN,PKG_SERVICE_4_GB,3.49,GBP
efe05c8a-1712-4c5f-8217-b62232ed50ab,1695da4c-c9d0-4420-a31e-1faaae3dd4de,447741335611,2026-01-29 11:43:38.000,SUB,PKG_SERVICE_5_GB,1.99,GBP
09aa0007-b170-4f6b-81ac-72a4cde60b4f,,447766346709,2026-01-29 11:49:25.000,REN,PKG_SERVICE_3_GB,2.99,GBP
c7714a93-6191-458f-a235-fc16fe1cbc2f,,447799728547,2026-01-29 11:52:40.000,REN,PKG_SERVICE_5_GB,1.99,GBP
65e21b97-e155-4f87-b672-f2ba766df61a,,447774815145,2026-01-29 12:04:58.000,REN,PKG_SERVICE_4_GB,3.49,GBP
c4ca100a-a356-4043-82f2-3778fcd5a1b6,,447772089727,2026-01-29 12:31:58.000,REN,PKG_SERVICE_4_GB,3.49,GBP
f505d278-ffb9-45e1-806d-65225413b48e,5ff23675-ff55-4096-a72c-49e61172e6f8,447737034836,2026-01-29 12:55:08.000,SUB,PKG_SERVICE_3_GB,2.99,GBP
bde7817f-4edc-449b-88d4-da5075701c35,,447726962210,2026-01-29 13:11:13.000,REN,PKG_SERVICE_4_GB,3.49,GBP
123d267b-d941-4571-af96-f6f96fc95d31,232d232c-0440-442e-beff-920e1b75c682,447773005516,2026-01-29 13:35:56.000,SUB,PKG_SERVICE_3_GB,2.99,GBP
fbd8cfbb-0fd2-461e-9cfe-6284669c45f9,,447722994633,2026-01-29 13:53:24.000,REN,PKG_SERVICE_5_GB,1.99,GBP
1008335f-cc44-4c67-a756-1a61183e1769,c36497aa-086c-457c-92d2-a826a63dd551,447776582515,2026-01-29 13:55:17.000,SUB,PKG_SERVICE_5_GB,1.99,GBP
e152c978-7153-42ec-9ac0-1257fafc4444,,447782078898,2026-01-29 14:02:02.000,UNSUB,PKG_SERVICE_4_GB,0,GBP
8f14df00-5dd0-46f7-b8c0-3594dd1bb602,,447744964222,2026-01-29 14:06:54.000,REN,PKG_SERVICE_4_GB,3.49,GBP
4be5fbe6-f024-4c5b-974e-3dbb25f36bec,,447741268329,2026-01-29 14:19:13.000,REN,PKG_SERVICE_3_GB,2.99,GBP
f1d91d54-8b01-4cf9-87e7-e97394efa36f,,447743768865,2026-01-29 15:06:13.000,REN,PKG_SERVICE_4_GB,3.49,GBP
80c04c15-ed93-4118-9f12-92f616aa1ecb,102ffb0d-40ad-4033-8d22-759345f3adba,447752964841,2026-01-29 15:33:39.000,SUB,PKG_SERVICE_4_GB,3.49,GBP
35bb85b7-23d0-4f3f-b6db-bb53155e4ce3,53320bba-cf72-49a6-92d2-d117aa40c092,447756772175,2026-01-29 15:43:26.000,SUB,PKG_SERVICE_4_GB,3.49,GBP
70e8e332-d8a3-4a33-bdc9-8ca9c3387de6,,447700119541,2026-01-29 15:44:03.000,REN,PKG_SERVICE_3_GB,2.99,GBP
6a7554f3-bb1a-4f49-a6b4-ff22128dd4ae,a5a4f055-92c5-44be-bf1f-55b779fa6c38,447743384486,2026-01-29 15:57:03.000,SUB,PKG_SERVICE_3_GB,2.99,GBP
c5fc703a-cbbb-4b3f-8ffc-4d8f4b534c84,,447795473004,2026-01-29 16:02:09.000,REN,PKG_SERVICE_4_GB,3.49,GBP
ece89e09-6543-4214-aac7-3fc99b8b4bac,fbf6a1bd-8c4e-4e23-baaf-f867e42efe8a,447724987413,2026-01-29 16:07:43.000,SUB,PKG_SERVICE_4_GB,3.49,GBP
ee131b5f-8b93-46f9-aaf8-13f0bb5913e3,,447761925038,2026-01-29 16:28:10.000,REN,PKG_SERVICE_5_GB,1.99,GBP
219f58d6-4d7b-4785-b0ec-4f9e2a99a1d5,4f33349c-ff53-4024-bbc0-3ff17842e92a,447793691767,2026-01-29 16:30:06.000,SUB,PKG_SERVICE_3_GB,2.99,GBP
3959dfee-f30a-4436-9680-b7f383a383b4,,447746394080,2026-01-29 17:10:23.000,REN,PKG_SERVICE_4_GB,3.49,GBP
0c9b8536-dc29-4397-b395-229ca729abab,,447730847254,2026-01-29 17:12:49.000,REN,PKG_SERVICE_5_GB,1.99,GBP
d8bd58fd-8e6d-4afe-8bc6-b3e90759dd77,,447797186707,2026-01-29 17:13:27.000,REN,PKG_SERVICE_4_GB,3.49,GBP
a03739c1-96e1-4d1f-9380-f478b897e418,,447730313223,2026-01-29 17:14:53.000,REN,PKG_SERVICE_5_GB,1.99,GBP
c3b0f6d8-f484-48ae-b317-99d7d5c6ce99,,447732150705,2026-01-29 17:20:56.000,REN,PKG_SERVICE_5_GB,1.99,GBP
5bffda78-f71a-4842-b2a2-bc626d6ec169,90d74c45-3ef2-45e6-a9c1-ca345ce556ba,447765645353,2026-01-29 17:45:20.000,SUB,PKG_SERVICE_4_GB,3.49,GBP
a68736fb-6e39-4265-a4ee-85f0449fa15e,,447719355463,2026-01-29 18:27:54.000,REN,PKG_SERVICE_4_GB,3.49,GBP
6794ebe7-9005-456d-b79e-b3828863dd0e,,447747981370,2026-01-29 19:31:58.000,REN,PKG_SERVICE_5_GB,1.99,GBP
4abd697d-fdc4-44d7-8932-5459b5e8c5eb,,447729279904,2026-01-29 20:12:05.000,UNSUB,PKG_SERVICE_4_GB,0,GBP
851dbc16-1e26-4dc7-ad6b-9ab4c4228913,,447772517130,2026-01-29 20:13:34.000,REN,PKG_SERVICE_4_GB,3.49,GBP
f168a4fc-bb6a-42c1-9d37-f0a7cf10da65,,447754387848,2026-01-29 20:17:37.000,UNSUB,PKG_SERVICE_3_GB,0,GBP
adf07808-3f8c-4a84-a2f4-ad19a8d76988,,447709520213,2026-01-29 20:57:27.000,REN,PKG_SERVICE_5_GB,1.99,GBP
776e2e47-68a3-4570-8193-4bb73d971bf6,,447710600314,2026-01-29 21:07:04.000,REN,PKG_SERVICE_4_GB,3.49,GBP
3f32765f-d6c3-4ad4-b017-ebcf3e3f58a1,,447751380436,2026-01-29 21:17:37.000,REN,PKG_SERVICE_4_GB,3.49,GBP
8883c621-29d8-45a7-af13-ee173b469053,,447733519886,2026-01-29 21:36:55.000,REN,PKG_SERVICE_3_GB,2.99,GBP
b0574284-5786-4761-a8be-905b7e72586b,,447742969254,2026-01-29 21:37:47.000,UNSUB,PKG_SERVICE_3_GB,0,GBP
7ecc2a68-7f3d-44cb-96cb-d07d906e1eab,,447799913578,2026-01-29 21:37:55.000,REN,PKG_SERVICE_5_GB,1.99,GBP
b7ce57e5-6492-4a3d-bd0f-4ca0d5141a7f,,447771679044,2026-01-29 22:26:07.000,REN,PKG_SERVICE_5_GB,1.99,GBP
2ac254f3-7314-4fb5-8669-e905a1fec260,,447798333501,2026-01-29 22:39:18.000,UNSUB,PKG_SERVICE_3_GB,0,GBP
9744fb3f-8249-400e-a2b9-bce7c908a2eb,,447759975994,2026-01-29 22:46:20.000,REN,PKG_SERVICE_3_GB,2.99,GBP
d1386e28-00ff-48fa-9e2e-4556e58f4a36,,447719557927,2026-01-29 22:47:22.000,REN,PKG_SERVICE_4_GB,3.49,GBP
7cd8f131-e760-456d-a749-dc721764fac5,,447740721152,2026-01-29 22:53:00.000,REN,PKG_SERVICE_3_GB,2.99,GBP
330e81e0-fab2-421a-8300-593456f15525,8cff9e96-e0ac-4dfe-a02c-1740f339dde0,447751749943,2026-01-29 23:00:20.000,SUB,PKG_SERVICE_4_GB,3.49,GBP
4ad1d519-f9cd-4189-b475-e67d3546cfe7,3a4560f3-2761-4a50-aec3-1aeaba0f1640,447780182853,2026-01-29 23:29:35.000,SUB,PKG_SERVICE_3_GB,2.99,GBP
7584865b-3e4f-4dfe-bdb6-c4539f98d89c,,447736965105,2026-01-29 23:30:14.000,REN,PKG_SERVICE_3_GB,2.99,GBP
77f11516-707c-4ad5-9836-4be2ec40d1f9,,447761869868,2026-01-29 23:32:04.000,UNSUB,PKG_SERVICE_3_GB,0,GBP
2d1c59b5-75a2-4778-9cf8-63681e13e374,,447783192710,2026-01-29 23:32:26.000,REN,PKG_SERVICE_5_GB,1.99,GBP
5ec2d04c-5106-46ea-b6e2-6f58ce79ff69,,447731965362,2026-01-29 23:51:53.000,REN,PKG_SERVICE_3_GB,2.99,GBP
4f1febd6-9e89-4883-8789-37a7ed66f99c,,447740154684,2026-01-30 00:02:30.000,REN,PKG_SERVICE_5_GB,1.99,GBP
5e0c7f63-b85a-4e34-ad14-667699251917,85d47924-1f38-4ad3-b398-0a4389234760,447736163966,2026-01-30 00:11:30.000,SUB,PKG_SERVICE_5_GB,1.99,GBP
277c7631-ce63-4570-834a-ac396a4408a3,,447792104181,2026-01-30 00:13:31.000,REN,PKG_SERVICE_4_GB,3.49,GBP
17adb499-bb48-468a-877c-54caccfa5062,,447711931660,2026-01-30 00:23:09.000,REN,PKG_SERVICE_5_GB,1.99,GBP
0258e90b-354b-4fd7-9517-a24cccfabffc,,447777645665,2026-01-30 00:42:33.000,REN,PKG_SERVICE_4_GB,3.49,GBP
ce2ffe5c-8e67-4c71-9861-8ae0098d790b,,447731782545,2026-01-30 00:55:04.000,REN,PKG_SERVICE_5_GB,1.99,GBP
9e6ea9db-2e13-47f7-b78f-e1fe7cc0697b,,447744926844,2026-01-30 01:00:15.000,REN,PKG_SERVICE_5_GB,1.99,GBP
3866d965-8e17-44d0-ab1f-21f6c5223af1,,447789874525,2026-01-30 01:13:45.000,REN,PKG_SERVICE_5_GB,1.99,GBP
bd9277d3-4071-4df2-ae0e-048137f5e388,,447777572964,2026-01-30 01:15:25.000,REN,PKG_SERVICE_4_GB,3.49,GBP
99c356a1-34ec-45ed-ad0c-13cb0722527f,,447788046344,2026-01-30 01:44:24.000,REN,PKG_SERVICE_3_GB,2.99,GBP
28d02d12-52ea-4954-985c-0aee40825f29,,447755662575,2026-01-30 02:02:50.000,REN,PKG_SERVICE_4_GB,3.49,GBP
57c56519-5883-4ddf-9ee6-402df05a5e57,,447704380619,2026-01-30 02:09:37.000,REN,PKG_SERVICE_4_GB,3.49,GBP
ace10020-01b2-46eb-b1ec-c82280736d93,,447781906395,2026-01-30 02:10:32.000,REN,PKG_SERVICE_4_GB,3.49,GBP
738ef4ea-9e5d-475f-8da8-8759fb17a348,,447768102816,2026-01-30 02:20:20.000,REN,PKG_SERVICE_5_GB,1.99,GBP
05c1966e-9e26-4ce5-89eb-f77ccf29a4a9,60220efc-e597-4bf3-9b20-2735e4d1e856,447737833450,2026-01-30 02:21:05.000,SUB,PKG_SERVICE_4_GB,3.49,GBP
2332ac92-c202-496d-8d38-0114e57d6163,,447743200855,2026-01-30 02:24:25.000,REN,PKG_SERVICE_4_GB,3.49,GBP
08d46aef-72d9-4d00-b862-4d3530fb8771,2e0c4219-1cc8-44c8-b217-a8e489767383,447794538305,2026-01-30 02:24:51.000,SUB,PKG_SERVICE_4_GB,3.49,GBP
566f61b3-4dd2-4da8-a458-52f7e1642398,81f23796-8558-4d75-95d3-d2f9ca3b790f,447702377399,2026-01-30 02:52:10.000,SUB,PKG_SERVICE_4_GB,3.49,GBP
2fe0e6cd-6df6-4096-a7f9-f6629448345d,,447721402848,2026-01-30 02:52:57.000,REN,PKG_SERVICE_3_GB,2.99,GBP
aa98476c-34e5-4123-8e52-44c56ca80ef6,79efdec5-68e2-4826-a9f1-9464b0b2296a,447796705274,2026-01-30 03:23:29.000,SUB,PKG_SERVICE_5_GB,1.99,GBP
06033a29-dd52-42e0-af27-fa67a258636c,,447781906395,2026-01-30 03:34:15.000,UNSUB,PKG_SERVICE_4_GB,0,GBP
d5eb9098-4bf8-4d5c-b63f-6d4744befdec,e0e6cec4-33a5-4ac7-bbaf-d36a5cc1bbc2,447747626986,2026-01-30 03:36:47.000,SUB,PKG_SERVICE_5_GB,1.99,GBP
1492b9b8-4753-4632-96a5-42b73c5164f7,,447796305078,2026-01-30 03:52:12.000,REN,PKG_SERVICE_5_GB,1.99,GBP
51310f62-d62d-4b5d-a68b-adfc2bfd0e30,9b801bba-9228-4d7c-a64b-517e34283bea,447794497425,2026-01-30 04:46:39.000,SUB,PKG_SERVICE_4_GB,3.49,GBP
f9382e64-0d3e-4e94-8d3f-3d40475ec538,,447793610030,2026-01-30 04:49:19.000,REN,PKG_SERVICE_3_GB,2.99,GBP
8358a3d1-f12e-4319-b06b-6db16944f429,,447792603567,2026-01-30 04:53:50.000,REN,PKG_SERVICE_5_GB,1.99,GBP
0c902e66-4f8e-441b-8aba-dc498cf82497,b15d4cce-9d54-40a4-bb11-6c7c2e3d0973,447764568678,2026-01-30 05:00:54.000,SUB,PKG_SERVICE_3_GB,2.99,GBP
8e3c7c76-7e19-4ddd-9ce7-fa5e19856171,,447719279640,2026-01-30 05:03:55.000,REN,PKG_SERVICE_4_GB,3.49,GBP
ea30dbf8-66a5-4cec-9ee8-73e7fa9d419c,,447769144247,2026-01-30 05:08:33.000,REN,PKG_SERVICE_4_GB,3.49,GBP
e2130b5b-59a3-4613-8772-19219118c8a7,,447740913229,2026-01-30 05:37:40.000,REN,PKG_SERVICE_3_GB,2.99,GBP
34d8abb0-161a-41a9-907f-2c41268a2c46,b6f5fbaa-e49a-497f-845b-badc59ec3eb0,447767279635,2026-01-30 06:46:00.000,SUB,PKG_SERVICE_5_GB,1.99,GBP
3300bac2-d5db-43fb-901a-624cb5c90567,,447708623748,2026-01-30 06:46:14.000,REN,PKG_SERVICE_5_GB,1.99,GBP
fa5302da-9f9e-4b91-b9b0-6ac827f9a45c,,447735541886,2026-01-30 06:46:46.000,REN,PKG_SERVICE_3_GB,2.99,GBP
13fe8e23-7d66-4d46-bde6-4bb9cb6502d9,,447764578762,2026-01-30 06:56:03.000,REN,PKG_SERVICE_5_GB,1.99,GBP
04f0e34e-4aeb-438d-8529-13c78a7a0d08,,447738739167,2026-01-30 06:57:04.000,REN,PKG_SERVICE_4_GB,3.49,GBP
9d351560-ca95-4eb3-946d-f7bfb015d674,,447797620232,2026-01-30 07:01:38.000,REN,PKG_SERVICE_4_GB,3.49,GBP
3edf257f-192b-4867-8303-dbeee6b7a50e,,447700789557,2026-01-30 07:15:55.000,REN,PKG_SERVICE_3_GB,2.99,GBP
07d82105-36b9-4aa6-b2b8-f4aec62a835d,,447715344844,2026-01-30 07:32:08.000,REN,PKG_SERVICE_5_GB,1.99,GBP
412ce653-3eef-4227-97be-ece1ba7581b9,,447796451733,2026-01-30 07:45:25.000,REN,PKG_SERVICE_5_GB,1.99,GBP
9def2a18-d1cf-4358-b137-30626106524f,,447722239067,2026-01-30 07:54:40.000,REN,PKG_SERVICE_3_GB,2.99,GBP
7e07d677-ad82-4e51-97d0-4ca18f56c403,68af812d-f39d-407b-85ee-9523f03383e5,447736981505,2026-01-30 08:11:23.000,SUB,PKG_SERVICE_3_GB,2.99,GBP
f6cfa362-6106-480a-80cb-33bdd1c4cdae,9c3a1545-1a48-4f9f-9d8f-486da04e0127,447770608357,2026-01-30 08:20:33.000,SUB,PKG_SERVICE_3_GB,2.99,GBP
f1636d83-c7b6-46fb-9cdb-c6d0db1aa870,4a928ee3-c0ee-46f7-b241-0184a83ccfa8,447737445821,2026-01-30 08:51:18.000,SUB,PKG_SERVICE_4_GB,3.49,GBP
fa406348-a9be-4264-8e99-8761d56b7d62,,447721233421,2026-01-30 09:01:39.000,UNSUB,PKG_SERVICE_3_GB,0,GBP
2fc29a08-69da-4506-81ea-99ae7f7758ae,,447767907996,2026-01-30 09:09:28.000,UNSUB,PKG_SERVICE_5_GB,0,GBP
964ed3e8-dd3a-427e-94cc-7ae4213916f0,,447752805153,2026-01-30 09:11:02.000,REN,PKG_SERVICE_4_GB,3.49,GBP
5f012c81-6ef5-4b48-897f-4d5edb5fab07,,447778985716,2026-01-30 09:31:45.000,REN,PKG_SERVICE_5_GB,1.99,GBP
4537cdae-1492-475d-ac79-859b9dafc838,30d3b22f-2539-4072-803f-e92c2b5d75ee,447710443342,2026-01-30 09:32:08.000,SUB,PKG_SERVICE_5_GB,1.99,GBP
38b07a9a-fc51-4edf-81b0-36d8e4e1a88f,,447778350617,2026-01-30 09:46:17.000,REN,PKG_SERVICE_5_GB,1.99,GBP
f2d4e7c7-c5eb-4fb2-8c5a-e4335ba9b27e,,447776268457,2026-01-30 09:48:39.000,REN,PKG_SERVICE_3_GB,2.99,GBP
8ed95100-4636-4d75-9432-2cb841f7590a,,447723834602,2026-01-30 10:04:48.000,UNSUB,PKG_SERVICE_3_GB,0,GBP
83ff977d-7343-4f91-9eed-580de02ce876,,447761869868,2026-01-30 10:05:56.000,REN,PKG_SERVICE_3_GB,2.99,GBP
6877f47b-c64c-44d3-ae69-a5dcf148ab9a,,447777591997,2026-01-30 10:07:58.000,REN,PKG_SERVICE_3_GB,2.99,GBP
98295910-a4c5-40c8-9163-28eb2fce5ceb,aa5db5a7-0f2d-44d8-8814-3578d5912b64,447704158041,2026-01-30 10:15:55.000,SUB,PKG_SERVICE_3_GB,2.99,GBP
dfa9a430-d5db-46df-b2ce-b2b40ab2a89f,,447727062442,2026-01-30 10:17:02.000,REN,PKG_SERVICE_4_GB,3.49,GBP
54a71c6a-adfc-4c6c-a2c4-f1577bb8c09f,e3cbac80-3084-4476-a9c5-1e7ca54a7568,447750398843,2026-01-30 10:34:27.000,SUB,PKG_SERVICE_5_GB,1.99,GBP
8a7a2172-158a-42ae-b420-042cafbbac03,,447715714642,2026-01-30 10:47:25.000,REN,PKG_SERVICE_3_GB,2.99,GBP
c6cb2248-0416-431f-b3d3-4da5143772e6,,447737114487,2026-01-30 11:12:34.000,REN,PKG_SERVICE_4_GB,3.49,GBP
789d1b5e-a506-4097-955d-2fefbe6669be,1fe2e18a-2e9d-4d48-b99c-8f282f1a599c,447713038097,2026-01-30 11:13:15.000,SUB,PKG_SERVICE_3_GB,2.99,GBP
3c3b5dc3-64a1-4617-a221-61289b4df61a,,447733347998,2026-01-30 11:30:15.000,REN,PKG_SERVICE_3_GB,2.99,GBP
96482d25-74bf-4854-abb4-6cb4db506f52,,447752603677,2026-01-30 11:32:30.000,REN,PKG_SERVICE_5_GB,1.99,GBP
27314545-8702-4f50-b2a0-30291420daf8,,447795473004,2026-01-30 11:36:41.000,UNSUB,PKG_SERVICE_4_GB,0,GBP
6fc3380a-a70d-442a-a7f2-ef53e78da532,,447798333501,2026-01-30 11:49:23.000,REN,PKG_SERVICE_3_GB,2.99,GBP
c33482f5-3458-4add-a524-8e786d86992b,,447746734234,2026-01-30 11:51:01.000,REN,PKG_SERVICE_4_GB,3.49,GBP
64f675a2-99ea-4826-8c9d-57dba51240de,,447790905466,2026-01-30 12:18:32.000,REN,PKG_SERVICE_5_GB,1.99,GBP
28ed4746-79fd-4486-951e-677d8c570a82,,447771569887,2026-01-30 12:21:22.000,REN,PKG_SERVICE_3_GB,2.99,GBP
058d4195-232a-4dfe-aeb2-cf8a8f885d6d,,447775209178,2026-01-30 12:22:37.000,REN,PKG_SERVICE_3_GB,2.99,GBP
46c2dbc6-417b-49e4-9ed4-be2d1f57622e,,447729230007,2026-01-30 12:30:56.000,REN,PKG_SERVICE_3_GB,2.99,GBP
715a9350-fe27-4da2-b57c-35a273b165e5,,447741013767,2026-01-30 12:31:40.000,REN,PKG_SERVICE_5_GB,1.99,GBP
f8a737fa-9e88-4cc4-82c4-85004bd7c404,,447746766312,2026-01-30 12:56:29.000,REN,PKG_SERVICE_5_GB,1.99,GBP
687bcbc7-178b-4bcd-8e88-8ef8c5b4a256,,447750614535,2026-01-30 13:03:23.000,REN,PKG_SERVICE_3_GB,2.99,GBP
f7c1c745-51a0-4fe2-b021-a2ce5144f8f6,,447702435714,2026-01-30 13:13:53.000,UNSUB,PKG_SERVICE_5_GB,0,GBP
32fd9e00-cf41-473b-aa32-cafa7aac32c3,,447779498105,2026-01-30 13:30:47.000,REN,PKG_SERVICE_5_GB,1.99,GBP
f5313227-7770-40cd-8964-ef92d9de28f4,,447778746990,2026-01-30 13:32:24.000,REN,PKG_SERVICE_3_GB,2.99,GBP
009d48da-f08c-4fb0-ac4b-028eed9a3ddb,,447723654859,2026-01-30 14:21:48.000,REN,PKG_SERVICE_3_GB,2.99,GBP
e4f22670-e6c7-4765-84a2-c381f625d6aa,,447755508428,2026-01-30 15:11:48.000,REN,PKG_SERVICE_4_GB,3.49,GBP
5b6df3cc-50dd-4302-8000-686689d608c5,,447769467820,2026-01-30 15:12:35.000,UNSUB,PKG_SERVICE_3_GB,0,GBP
66c2ef9c-4b07-401d-9f7b-1b345297d098,,447772318023,2026-01-30 15:38:39.000,REN,PKG_SERVICE_5_GB,1.99,GBP
0d6a3ac4-aa56-4b0e-8d80-c466d863e2ad,,447761485721,2026-01-30 15:51:28.000,REN,PKG_SERVICE_5_GB,1.99,GBP
6766d8ba-dc6d-4694-94cb-19ff5e1a50c9,,447767781378,2026-01-30 15:52:10.000,REN,PKG_SERVICE_4_GB,3.49,GBP
48fdda39-fe06-4b09-9b31-62fd61d25c2d,,447714174778,2026-01-30 15:53:41.000,REN,PKG_SERVICE_5_GB,1.99,GBP
61deb37e-bb3a-4646-8c64-8e78168c4811,,447748297231,2026-01-30 16:03:19.000,REN,PKG_SERVICE_3_GB,2.99,GBP
a93b506c-7e92-4b59-8ab6-1873a4acf538,9e6d1e4e-0814-4b41-befa-fe0c5565f777,447795267733,2026-01-30 16:18:55.000,SUB,PKG_SERVICE_4_GB,3.49,GBP
2f5a2b39-c1b2-409f-a6e6-6ab0c41bd6a1,737923fd-35db-4f02-b0a6-7820d7630ddf,447763464834,2026-01-30 16:19:31.000,SUB,PKG_SERVICE_3_GB,2.99,GBP
4ad6edc8-3a52-4e05-a4f7-1b23c973ca83,,447742511066,2026-01-30 16:23:54.000,REN,PKG_SERVICE_5_GB,1.99,GBP
2e7ed169-358b-4c31-94b5-c09c6f9cf82f,2707e9ad-0f2e-410f-b3d5-423cda04311c,447739540169,2026-01-30 16:35:16.000,SUB,PKG_SERVICE_4_GB,3.49,GBP
82e58d37-9509-4ba0-b936-ee05ba3d7bc9,,447742507070,2026-01-30 16:49:23.000,UNSUB,PKG_SERVICE_4_GB,0,GBP
5aaea322-7e1f-4e49-ba0c-ec2722c597cb,,447729248539,2026-01-30 17:02:21.000,REN,PKG_SERVICE_3_GB,2.99,GBP
b1cb473c-2e8c-44cf-83e7-8ea8583fd653,64271d7b-eb97-400d-bc0d-800e28017945,447783532006,2026-01-30 17:08:31.000,SUB,PKG_SERVICE_5_GB,1.99,GBP
ab56b3cb-9fe6-42ea-9fa6-b629c9f0623c,02096a43-f554-4c05-87db-1298b3a8e5f0,447779260148,2026-01-30 17:36:31.000,SUB,PKG_SERVICE_3_GB,2.99,GBP
5ecd1d1c-b780-43d3-be65-ecab43eb7122,,447769955480,2026-01-30 17:46:08.000,REN,PKG_SERVICE_3_GB,2.99,GBP
669f9332-cc9f-4bd1-ba1a-6c0e6ff09900,,447701928537,2026-01-30 17:52:20.000,REN,PKG_SERVICE_5_GB,1.99,GBP
4d1d2f10-294a-4ee3-b2b4-5b63a6504742,,447734384897,2026-01-30 17:53:57.000,REN,PKG_SERVICE_5_GB,1.99,GBP
0a34cec8-c162-4afc-8495-8539796974e3,07dad9a0-5748-43c9-b0c6-38fc297dfeac,447768983526,2026-01-30 18:21:17.000,SUB,PKG_SERVICE_3_GB,2.99,GBP
a65ec822-4020-4c5f-ba71-eb281bb6a7fa,e4c2ee5f-3158-4d51-9ec8-ce6f7f7977db,447759834448,2026-01-30 19:24:14.000,SUB,PKG_SERVICE_4_GB,3.49,GBP
4403ef8a-3b40-4ab3-8428-88aec6ea9690,a00e28e1-445b-471c-8ab3-e1f94c1a024f,447788433793,2026-01-30 19:37:08.000,SUB,PKG_SERVICE_3_GB,2.99,GBP
5dca9ee6-ad1d-47ae-885a-66ec879c640d,,447715691788,2026-01-30 20:15:53.000,UNSUB,PKG_SERVICE_4_GB,0,GBP
5e0165c2-3350-4bf5-8a02-5f2a31101a6f,532f80b5-e5f9-43c7-bb15-5b609ebc5041,447722200740,2026-01-30 20:25:55.000,SUB,PKG_SERVICE_5_GB,1.99,GBP
f272d217-82b3-42ff-85f7-f72234fd05a0,04438fe0-5993-46c3-b794-cfb57f5c0ceb,447729798819,2026-01-30 20:26:04.000,SUB,PKG_SERVICE_3_GB,2.99,GBP
e03cc6ab-2374-4a14-9baf-5ab8c136520b,,447791406256,2026-01-30 20:32:44.000,REN,PKG_SERVICE_4_GB,3.49,GBP
d5c00714-bc7d-4c36-9e15-4bb1d11eb58c,,447750961074,2026-01-30 21:09:11.000,REN,PKG_SERVICE_5_GB,1.99,GBP
b0dfdc7d-0ec7-4ab2-ad12-b40dec159f98,,447705428056,2026-01-30 21:38:14.000,REN,PKG_SERVICE_4_GB,3.49,GBP
01a00988-a2b0-4edc-b4d5-afe14cb4e98c,,447782856735,2026-01-30 22:06:28.000,REN,PKG_SERVICE_5_GB,1.99,GBP
9a43e6a7-bda9-4ef1-9f53-d2af632f1bea,009e9c64-8f47-4225-beda-4d80ff5fe4d4,447757128927,2026-01-30 22:06:57.000,SUB,PKG_SERVICE_3_GB,2.99,GBP
eb4fd2a5-228e-4fde-a84c-a63608c61a8d,c33ffbb1-eae4-441d-aa6f-6204a696c08b,447719883543,2026-01-30 22:08:35.000,SUB,PKG_SERVICE_5_GB,1.99,GBP
d120537d-60f3-42be-a84f-740a98b031d9,48d683db-5085-4f58-aaaa-7004783fd291,447722152203,2026-01-30 22:13:36.000,SUB,PKG_SERVICE_3_GB,2.99,GBP
76843b5b-92fd-48b3-84b4-03a92fa5bd17,ba9d5f8b-3268-44e5-8c18-6d28ad522906,447760342691,2026-01-30 22:17:49.000,SUB,PKG_SERVICE_4_GB,3.49,GBP
6691b80a-e4b6-469c-9f74-1ae09bce915c,,447742537935,2026-01-30 22:34:23.000,REN,PKG_SERVICE_4_GB,3.49,GBP
f6ba5112-9d9e-4b11-821f-292ed2891621,,447740182718,2026-01-30 23:07:04.000,REN,PKG_SERVICE_3_GB,2.99,GBP
ebe50cae-5caf-436b-adbf-d52b23843bc2,3198396f-211e-43d9-8ff9-c7bf49b79546,447711627025,2026-01-30 23:07:09.000,SUB,PKG_SERVICE_5_GB,1.99,GBP
2f760b1b-e083-4215-bac7-dd42b6420daa,a891dd56-7291-4254-9cb2-d26ae64e7f27,447713276858,2026-01-30 23:14:15.000,SUB,PKG_SERVICE_5_GB,1.99,GBP
acf3aa69-5b85-47a9-bc9c-b43ce96be464,,447718016734,2026-01-30 23:14:40.000,REN,PKG_SERVICE_4_GB,3.49,GBP
b40c69c8-fea1-4d3b-b569-7d75dc8f6ad6,a08a8950-fe34-40c6-98f3-759c205c0136,447737004114,2026-01-30 23:50:36.000,SUB,PKG_SERVICE_5_GB,1.99,GBP
7f6f0734-e5b6-414f-b7ff-61fb32b8a059,0fb7d4dc-092e-4c40-bedc-abe80b79fae8,447759269419,2026-01-31 00:06:33.000,SUB,PKG_SERVICE_4_GB,3.49,GBP
4ea3fb91-0692-4c07-86d5-7881c0d2397f,c718a9db-0e76-4968-b28c-04e1278e6c18,447768152161,2026-01-31 00:17:40.000,SUB,PKG_SERVICE_4_GB,3.49,GBP
d07047ca-4979-47fc-976e-909de5e397e1,f90e6deb-9e57-4c7c-bd43-a6985134217d,447775622613,2026-01-31 00:28:09.000,SUB,PKG_SERVICE_5_GB,1.99,GBP
21567a96-add8-4bb6-82e9-ca14124333bf,,447717284884,2026-01-31 00:32:28.000,REN,PKG_SERVICE_3_GB,2.99,GBP
9b5d9817-0bdc-4143-b2d2-f98030932c2d,,447745968050,2026-01-31 00:34:57.000,REN,PKG_SERVICE_3_GB,2.99,GBP
3049a3b2-b332-48f4-b417-9115470387ef,,447777565391,2026-01-31 00:44:57.000,REN,PKG_SERVICE_3_GB,2.99,GBP
ee45f57c-05b2-42d6-b641-1ba19df6f175,,447709108928,2026-01-31 01:05:56.000,REN,PKG_SERVICE_4_GB,3.49,GBP
d2f8a0a9-2d91-4cf3-b392-4c01cfbecd04,,447728625435,2026-01-31 01:08:40.000,REN,PKG_SERVICE_3_GB,2.99,GBP
8bc2215e-d087-42d4-af02-6ec218e7afb1,,447751958297,2026-01-31 01:28:29.000,REN,PKG_SERVICE_3_GB,2.99,GBP
82ad5462-2d47-4703-98dd-f4865892f0ed,,447717029264,2026-01-31 01:43:15.000,REN,PKG_SERVICE_4_GB,3.49,GBP
ae1a062c-f875-459e-94f9-aff8b10b2078,8ee22aed-2bbf-4b4f-8522-d9424781df2d,447774855794,2026-01-31 01:47:29.000,SUB,PKG_SERVICE_5_GB,1.99,GBP
cf30cce8-eac9-4ce8-9ce8-c9010475efa2,,447732764445,2026-01-31 01:51:51.000,REN,PKG_SERVICE_3_GB,2.99,GBP
9249975f-d668-436d-b8db-81d7571818b2,,447700978095,2026-01-31 02:12:47.000,REN,PKG_SERVICE_3_GB,2.99,GBP
66d74235-fa50-4bcf-87fb-eba84b0bb0bd,,447795012576,2026-01-31 02:25:17.000,REN,PKG_SERVICE_5_GB,1.99,GBP
11a822c4-7e7b-42a9-8be5-87164f64b4c8,ee21e818-801c-42f2-bdec-a656ce086dee,447782471304,2026-01-31 02:43:49.000,SUB,PKG_SERVICE_3_GB,2.99,GBP
2ca7c7ba-b203-4203-bddf-1c2f66af91f4,,447756913519,2026-01-31 02:50:59.000,REN,PKG_SERVICE_5_GB,1.99,GBP
1aaad325-ae7f-42c9-bd23-758ac2229122,,447715523584,2026-01-31 03:03:40.000,REN,PKG_SERVICE_5_GB,1.99,GBP
e5b17b3b-f7d7-4ea7-b7c2-42aeb2f37ff4,,447716369021,2026-01-31 03:05:14.000,UNSUB,PKG_SERVICE_4_GB,0,GBP
330fdec4-78d1-4550-b2e1-435dff8409e9,,447754683921,2026-01-31 03:08:09.000,REN,PKG_SERVICE_4_GB,3.49,GBP
ea74b680-111e-47ee-8359-bcd4753bd64e,,447742415011,2026-01-31 03:18:12.000,REN,PKG_SERVICE_4_GB,3.49,GBP
6c532772-77d9-4d29-af2e-9ab26c7b0dd9,,447785858621,2026-01-31 03:30:37.000,REN,PKG_SERVICE_4_GB,3.49,GBP
a032a111-51e9-4824-9191-05d5274bc545,,447762095994,2026-01-31 03:36:23.000,REN,PKG_SERVICE_4_GB,3.49,GBP
c6fb3791-f4ac-460b-8e8a-68df14467e9d,,447720839788,2026-01-31 03:41:10.000,REN,PKG_SERVICE_4_GB,3.49,GBP
2ecabdaf-88b5-4050-a1ca-559a5c52af51,51b8e4b0-7df4-421b-a447-8b13c9b5139e,447726902364,2026-01-31 03:55:34.000,SUB,PKG_SERVICE_5_GB,1.99,GBP
79cbe902-a242-42f6-98f0-81a63aa60e0a,,447728964818,2026-01-31 04:24:10.000,REN,PKG_SERVICE_4_GB,3.49,GBP
dbfdc8a3-f043-455b-a215-bd1e9c6059c8,f39cf214-cf49-4c04-bb7b-dffce1a62cb6,447788827989,2026-01-31 04:33:14.000,SUB,PKG_SERVICE_4_GB,3.49,GBP
afd35b9b-f99f-4ca1-afa7-433f11adc953,,447731736832,2026-01-31 05:38:27.000,REN,PKG_SERVICE_4_GB,3.49,GBP
7a858c51-5ea0-451d-8063-cf0d69d2ba4f,01d37f8e-4846-4683-adbc-fe63067beb08,447789000618,2026-01-31 05:43:15.000,SUB,PKG_SERVICE_4_GB,3.49,GBP
15df0156-d88f-4363-be13-582e6edd3856,,447789167928,2026-01-31 06:05:35.000,REN,PKG_SERVICE_4_GB,3.49,GBP
0ac783e2-9b04-4cd9-b8d8-148aeebf8e9f,,447712577966,2026-01-31 06:06:01.000,REN,PKG_SERVICE_5_GB,1.99,GBP
1a022875-8f12-459a-83e3-79a602c6b40b,,447711097137,2026-01-31 06:07:25.000,REN,PKG_SERVICE_3_GB,2.99,GBP
64238aa0-94cf-42d2-a199-c4d3354acb7d,,447718709408,2026-01-31 06:13:41.000,REN,PKG_SERVICE_4_GB,3.49,GBP
f36d3f6a-a320-40b1-93f3-11da01c1f447,,447732386898,2026-01-31 06:48:42.000,REN,PKG_SERVICE_3_GB,2.99,GBP
ba3f7d7b-445a-49c9-851e-13d53f8ac1fb,,447737533287,2026-01-31 06:57:13.000,REN,PKG_SERVICE_4_GB,3.49,GBP
ebe78a08-54a3-44d6-9446-51c48affd7e6,,447749102212,2026-01-31 07:33:02.000,REN,PKG_SERVICE_3_GB,2.99,GBP
9da244cb-8676-4fe6-8c9c-f81847fe48e8,,447738732723,2026-01-31 07:35:56.000,REN,PKG_SERVICE_4_GB,3.49,GBP
911edb32-cf4a-4bcf-93dd-10f5f1bd12c4,,447708660474,2026-01-31 08:40:02.000,REN,PKG_SERVICE_5_GB,1.99,GBP
151316ef-aa25-4b51-b920-ff7ca4d05641,212478c2-d667-438a-8d14-4acbea46a27e,447799113267,2026-01-31 09:27:03.000,SUB,PKG_SERVICE_4_GB,3.49,GBP
e81ac4aa-27ea-4612-9440-2d68b6c1f604,,447729404895,2026-01-31 09:35:26.000,REN,PKG_SERVICE_4_GB,3.49,GBP
829e7c07-add1-4eb1-b8db-d5b1d02cb882,,447705918491,2026-01-31 09:56:31.000,REN,PKG_SERVICE_3_GB,2.99,GBP
58fc3c35-f4ef-4d0e-a5aa-16e093034dd7,,447756467743,2026-01-31 10:08:48.000,REN,PKG_SERVICE_5_GB,1.99,GBP
6857c88d-30f9-4dcc-b763-63d7e6ac3e33,,447759975994,2026-01-31 10:14:38.000,UNSUB,PKG_SERVICE_3_GB,0,GBP
31743071-b39a-4af2-b968-e2bf4a529e8e,,447790162183,2026-01-31 10:25:29.000,REN,PKG_SERVICE_3_GB,2.99,GBP
817ab780-248b-4d1e-a3d4-1bf3136b8190,,447700431078,2026-01-31 10:39:15.000,REN,PKG_SERVICE_5_GB,1.99,GBP
7748a3b1-a996-4cc3-8600-99ba152996f6,,447738153547,2026-01-31 11:18:47.000,REN,PKG_SERVICE_4_GB,3.49,GBP
c3051201-11c6-413c-ada9-3a8d18bf307c,0ee2c4b1-8c92-4cc8-ab1c-6e50f4eeb9a1,447760083821,2026-01-31 11:53:42.000,SUB,PKG_SERVICE_4_GB,3.49,GBP
df9ae0f5-e773-45fa-b7a6-643156ab97cb,,447798253306,2026-01-31 11:59:52.000,REN,PKG_SERVICE_5_GB,1.99,GBP
eb5cfd14-aa80-4dc8-9389-a6e748932b54,,447708781915,2026-01-31 13:16:54.000,UNSUB,PKG_SERVICE_5_GB,0,GBP
067dd8f2-5414-4a23-a490-2bc8bf90c26e,,447739155276,2026-01-31 13:27:44.000,REN,PKG_SERVICE_3_GB,2.99,GBP
8c268875-6e99-4b7c-8b2d-fc69911ae5fc,,447724838631,2026-01-31 13:33:24.000,REN,PKG_SERVICE_3_GB,2.99,GBP
0e4757ef-884b-4c35-90d9-339d8771b53d,,447726283779,2026-01-31 13:57:58.000,REN,PKG_SERVICE_4_GB,3.49,GBP
0eb1610c-b550-422a-8428-cfaaa20197c3,,447761255892,2026-01-31 14:06:04.000,REN,PKG_SERVICE_4_GB,3.49,GBP
8582aa8e-8537-46eb-99c3-603c3e7b9d14,,447718997744,2026-01-31 14:37:27.000,REN,PKG_SERVICE_5_GB,1.99,GBP
28639ed8-8fe2-4d57-85a4-a9aa930f5425,ecf02b56-b847-481c-842e-47dc452d9e21,447766070241,2026-01-31 14:38:53.000,SUB,PKG_SERVICE_3_GB,2.99,GBP
903ea020-b2be-42d2-88cb-4c5a906b6f74,8d464ebc-64bc-44d1-9cd3-e9bfb21cd18e,447727018954,2026-01-31 14:55:25.000,SUB,PKG_SERVICE_4_GB,3.49,GBP
28647251-ffe4-4d86-9bc1-a8b7bc4f0217,,447739212411,2026-01-31 15:04:19.000,REN,PKG_SERVICE_3_GB,2.99,GBP
243d525a-c3dd-4169-a9cf-9edd4c7f52db,e201aa8f-0085-44a1-b496-eccf23ae35c0,447745253814,2026-01-31 15:24:58.000,SUB,PKG_SERVICE_5_GB,1.99,GBP
fee6e0a6-cd54-4599-931d-817fe48032d7,,447745943211,2026-01-31 15:32:01.000,REN,PKG_SERVICE_5_GB,1.99,GBP
6bf3e59f-30ba-4cf8-88d8-6a10aae9da25,,447748259122,2026-01-31 15:35:54.000,REN,PKG_SERVICE_3_GB,2.99,GBP
fbe921e5-9261-41eb-a3c3-1ad9e8db2f68,f1a8e118-5cfd-492b-9a39-7ddfeeee59ff,447769014089,2026-01-31 15:36:00.000,SUB,PKG_SERVICE_4_GB,3.49,GBP
972988cf-b84d-4b42-8a67-b1f02d800d40,,447774219885,2026-01-31 15:37:11.000,REN,PKG_SERVICE_3_GB,2.99,GBP
869142b6-a6fb-42a9-a31c-062d7fc6a490,,447752581602,2026-01-31 16:19:43.000,REN,PKG_SERVICE_3_GB,2.99,GBP
5e5a711b-99c5-4985-a1aa-3365502421cf,a7d16827-221c-402f-8997-46d5231fbad2,447791054393,2026-01-31 16:42:50.000,SUB,PKG_SERVICE_4_GB,3.49,GBP
7a096e85-088f-4273-8163-44d3e5e491d0,,447747358541,2026-01-31 16:51:09.000,REN,PKG_SERVICE_5_GB,1.99,GBP
9d7607e4-e7c9-4fdc-a6b4-9ef551420584,,447771321159,2026-01-31 17:06:23.000,REN,PKG_SERVICE_3_GB,2.99,GBP
b97ab224-ff2e-4acf-a92d-4b8cee09e040,7db233a9-92cf-4d9e-b597-10433114acac,447793641873,2026-01-31 17:14:07.000,SUB,PKG_SERVICE_3_GB,2.99,GBP
c5130061-e47e-4a7e-ae60-752b1ffbd345,,447750926778,2026-01-31 17:31:51.000,REN,PKG_SERVICE_3_GB,2.99,GBP
3875cdc6-c8c9-4466-9215-3684d3f4c80d,,447710793004,2026-01-31 17:40:25.000,REN,PKG_SERVICE_4_GB,3.49,GBP
3dc0985a-b17f-47a5-b98c-2ae80f7d8251,,447771816593,2026-01-31 17:49:58.000,REN,PKG_SERVICE_4_GB,3.49,GBP
8c4977e2-33f6-4da8-b378-350f21fc8767,294dc35f-f306-45e6-a646-c6647567acaa,447751089121,2026-01-31 17:53:08.000,SUB,PKG_SERVICE_4_GB,3.49,GBP
e0b7e641-d7b4-4e79-a11a-70db23e8eab5,,447745968050,2026-01-31 17:58:15.000,UNSUB,PKG_SERVICE_3_GB,0,GBP
a0f4f32e-b0f8-491d-babf-6db5931f6424,,447746608760,2026-01-31 18:12:33.000,REN,PKG_SERVICE_4_GB,3.49,GBP
fd9f9ae0-8ca9-4ba0-931d-466da94e7736,e1ab6ae1-69ef-4ac1-9207-f4eca2576438,447724743104,2026-01-31 18:16:02.000,SUB,PKG_SERVICE_3_GB,2.99,GBP
f33f027f-abe4-45e5-94f8-d9d8c341a7b2,,447721627853,2026-01-31 18:25:47.000,REN,PKG_SERVICE_4_GB,3.49,GBP
77da7a72-6496-44ad-b5d7-8e51136b919d,,447755466469,2026-01-31 19:07:46.000,REN,PKG_SERVICE_4_GB,3.49,GBP
f7a20eee-b6ca-4be3-ba46-82fe7e295b04,,447762253751,2026-01-31 19:33:08.000,REN,PKG_SERVICE_3_GB,2.99,GBP
1ee848e9-81af-437b-ba21-8115b5c2ab89,527922bc-f2fb-495e-b1f0-4364948ca2bd,447702940134,2026-01-31 19:36:26.000,SUB,PKG_SERVICE_4_GB,3.49,GBP
e4bb43cc-dcab-47ae-88e7-c88192ae873c,037f467e-1556-4eac-90d4-85febda78451,447708821320,2026-01-31 19:41:27.000,SUB,PKG_SERVICE_3_GB,2.99,GBP
964f419a-bfa2-45c5-86be-d6a673bcb2bf,,447710202701,2026-01-31 19:43:39.000,REN,PKG_SERVICE_5_GB,1.99,GBP
4d006814-a13d-4e12-a538-158d55783058,,447780822842,2026-01-31 19:55:32.000,REN,PKG_SERVICE_5_GB,1.99,GBP
ca5cff46-4783-4101-ba49-00528dc4f969,228fce1b-8a07-4fda-b48a-8cc3ea8bee40,447769682068,2026-01-31 20:29:21.000,SUB,PKG_SERVICE_5_GB,1.99,GBP
9f7312e8-961b-4781-9e06-d9b032e9cf15,6c650057-5542-4212-bfdc-ef0551f55432,447706890315,2026-01-31 20:43:14.000,SUB,PKG_SERVICE_5_GB,1.99,GBP
6b9d2d6a-e99d-45ca-8733-137c1b59e275,,447784655706,2026-01-31 21:07:18.000,REN,PKG_SERVICE_5_GB,1.99,GBP
fab1d977-536b-42aa-b76d-97396e29bdf5,92945ecb-e183-4fdc-8a1f-b31b545afd27,447756706417,2026-01-31 21:13:03.000,SUB,PKG_SERVICE_4_GB,3.49,GBP
57bc26e1-40ef-41f2-b0c0-8bb060f13698,50d24409-f91c-436c-8063-ce743fd5cad0,447757154551,2026-01-31 21:22:05.000,SUB,PKG_SERVICE_3_GB,2.99,GBP
ada508f9-4777-4c65-a45a-8e845c1f6e08,,447702446192,2026-01-31 21:23:53.000,REN,PKG_SERVICE_3_GB,2.99,GBP
3f2a19f8-7fca-43f3-92ac-4df4ff5f410a,,447777973301,2026-01-31 21:28:59.000,REN,PKG_SERVICE_4_GB,3.49,GBP
a02da94e-0987-4339-81b3-c311e9755f1c,cd56d627-766a-4d7d-981d-91ab2b90782f,447796063168,2026-01-31 21:40:26.000,SUB,PKG_SERVICE_5_GB,1.99,GBP
038bf6e4-59c6-4171-80a5-c20f8b733304,,447730741099,2026-01-31 21:45:02.000,REN,PKG_SERVICE_4_GB,3.49,GBP
e36d0a93-5f25-45a7-a3f8-34c310507137,,447734017284,2026-01-31 21:45:32.000,REN,PKG_SERVICE_4_GB,3.49,GBP
948f8d1d-1bf9-48ed-a3e6-d3e0cf1b1bd7,,447728468015,2026-01-31 21:54:16.000,REN,PKG_SERVICE_4_GB,3.49,GBP
f05a06c9-6644-4227-a9d8-bb8a145b2ab1,,447729279904,2026-01-31 21:54:50.000,REN,PKG_SERVICE_4_GB,3.49,GBP
d715729e-7726-419e-a320-1f74a427741a,f5314a79-4ac8-470a-b637-82cdf26ceb94,447749472893,2026-01-31 21:57:05.000,SUB,PKG_SERVICE_3_GB,2.99,GBP
4e182197-c9d4-46bd-b047-8754c4a6e109,,447721233421,2026-01-31 22:16:21.000,REN,PKG_SERVICE_3_GB,2.99,GBP
5c18f71f-fa27-4e64-86c7-ccf2c5d3b217,,447781453035,2026-01-31 22:44:13.000,REN,PKG_SERVICE_5_GB,1.99,GBP
5bcfc32d-2bd0-4012-ab7a-d88ebd66531d,,447796243751,2026-01-31 23:30:35.000,REN,PKG_SERVICE_4_GB,3.49,GBP
b64125a0-9738-40b9-bf3c-4c74dc0d0fd6,,447761060629,2026-01-31 23:36:08.000,REN,PKG_SERVICE_5_GB,1.99,GBP
e17054cc-64b9-4c97-8bfb-56f5921e9d0d,,447732355231,2026-01-31 23:45:46.000,REN,PKG_SERVICE_4_GB,3.49,GBP
0a9be9b4-05dc-4706-aa19-2704652431c1,,447727913923,2026-01-31 23:46:44.000,REN,PKG_SERVICE_5_GB,1.99,GBP
47d0932c-fa94-4ff4-bd95-2e536b404dd6,,447784482398,2026-02-01 00:16:41.000,REN,PKG_SERVICE_3_GB,2.99,GBP
c4a5873a-8003-4523-b6a3-fa3625582c56,,447751386002,2026-02-01 00:21:47.000,REN,PKG_SERVICE_3_GB,2.99,GBP
af37527b-3f6c-4978-be0e-37c894d1a365,,447703829592,2026-02-01 01:08:49.000,REN,PKG_SERVICE_4_GB,3.49,GBP
a64ff26a-9e07-4209-8f4e-fd34aaf11ed2,,447774669791,2026-02-01 01:16:06.000,REN,PKG_SERVICE_4_GB,3.49,GBP
d1fabf39-dec6-4f85-9ded-8b14d20afcb5,,447786579527,2026-02-01 01:17:44.000,REN,PKG_SERVICE_5_GB,1.99,GBP
73a7db78-6fcb-4ccb-917a-f6169f85fcf9,,447763436403,2026-02-01 01:28:57.000,REN,PKG_SERVICE_3_GB,2.99,GBP
4df22d01-17c6-464f-a069-5017df8eac1c,,447795126075,2026-02-01 01:29:16.000,REN,PKG_SERVICE_5_GB,1.99,GBP
8256261f-a725-4833-9612-7dd8313e6b0c,,447756426931,2026-02-01 01:55:27.000,REN,PKG_SERVICE_5_GB,1.99,GBP
9b8c4643-4435-44c9-a40f-acb12f03eb97,,447775247394,2026-02-01 01:56:10.000,REN,PKG_SERVICE_4_GB,3.49,GBP
7371dd4d-019e-4b84-96bc-ce7f612ef530,,447771468290,2026-02-01 02:06:10.000,REN,PKG_SERVICE_5_GB,1.99,GBP
408a8dd8-64bd-4451-81a9-86662926e0a5,,447782821658,2026-02-01 02:57:42.000,REN,PKG_SERVICE_4_GB,3.49,GBP
d1b83fbf-4346-4ed1-b2e5-45c80d3e33a9,,447783034235,2026-02-01 03:58:51.000,REN,PKG_SERVICE_5_GB,1.99,GBP
c18baf7b-0e26-48d4-a2b6-8d0e8527d944,,447722260792,2026-02-01 04:11:06.000,REN,PKG_SERVICE_5_GB,1.99,GBP
aa1d105f-f9ba-4201-8aab-c744b51ceadd,,447751891599,2026-02-01 04:36:04.000,REN,PKG_SERVICE_3_GB,2.99,GBP
bd849d90-6b2d-4bc1-ba2b-587f5043a5f1,,447774312945,2026-02-01 04:39:47.000,REN,PKG_SERVICE_3_GB,2.99,GBP
16b52628-33cf-4de2-a622-2a52c78bf431,,447771202202,2026-02-01 04:57:52.000,REN,PKG_SERVICE_3_GB,2.99,GBP
041ff0b2-9de4-4f6c-9416-b9bb326f6264,,447793271579,2026-02-01 05:20:48.000,REN,PKG_SERVICE_5_GB,1.99,GBP
6bd3819a-efaf-44e5-a439-fc432b6b45fc,,447702831159,2026-02-01 05:21:12.000,REN,PKG_SERVICE_3_GB,2.99,GBP
d67fb165-19d4-45f1-a97d-b18b4d07aa34,,447716910776,2026-02-01 05:54:51.000,REN,PKG_SERVICE_3_GB,2.99,GBP
8b02615e-e83b-4254-91ce-342b607e1ee3,,447734688884,2026-02-01 06:07:09.000,REN,PKG_SERVICE_3_GB,2.99,GBP
b77cc640-47b5-44ef-a60f-15ddc0a2a497,,447796109843,2026-02-01 06:41:44.000,REN,PKG_SERVICE_3_GB,2.99,GBP
803b48dc-a125-4ecf-9856-f119a787f2a5,,447765497987,2026-02-01 06:44:27.000,REN,PKG_SERVICE_4_GB,3.49,GBP
86c1e956-4aaf-4b52-bfee-8d9d8af0b0a1,,447718190266,2026-02-01 06:49:13.000,REN,PKG_SERVICE_4_GB,3.49,GBP
b8ceb7de-b020-4780-8747-bd562be5fda6,,447713002644,2026-02-01 06:59:06.000,REN,PKG_SERVICE_3_GB,2.99,GBP
394b0df1-a833-4dee-b2b6-e1de5ca88d76,,447729593685,2026-02-01 07:22:02.000,REN,PKG_SERVICE_3_GB,2.99,GBP
63b97c53-1fd2-4b40-9083-b43a4e4bb615,,447776118767,2026-02-01 07:37:42.000,REN,PKG_SERVICE_3_GB,2.99,GBP
a1b4a040-b834-4847-b5d0-9f6f259796a3,,447738282892,2026-02-01 08:29:11.000,REN,PKG_SERVICE_5_GB,1.99,GBP
33591357-e3a8-404e-a627-f03a301062b7,,447752901528,2026-02-01 08:33:39.000,UNSUB,PKG_SERVICE_4_GB,0,GBP
8816d94d-29e3-4c3a-a02f-96dab4af2265,,447754486779,2026-02-01 09:00:55.000,REN,PKG_SERVICE_3_GB,2.99,GBP
6f334f40-df07-40a7-b338-042bf2f09902,,447767907996,2026-02-01 09:12:09.000,REN,PKG_SERVICE_5_GB,1.99,GBP
435e1763-3f24-4953-a2ae-a3945ff5f2fc,,447740633806,2026-02-01 09:25:31.000,UNSUB,PKG_SERVICE_3_GB,0,GBP
057fc835-afa2-465c-a4ea-48fb40236c5b,,447776646143,2026-02-01 10:01:23.000,REN,PKG_SERVICE_3_GB,2.99,GBP
2c3da225-db1a-4d16-b629-177fbcb0cec5,,447764620428,2026-02-01 10:04:47.000,REN,PKG_SERVICE_3_GB,2.99,GBP
1cff47ea-4d57-4550-ad48-702bb72ecdb9,,447790691570,2026-02-01 10:16:10.000,UNSUB,PKG_SERVICE_5_GB,0,GBP
9d284e4a-a4e1-4f31-8608-0ee3c3d20ad4,,447792209836,2026-02-01 10:22:08.000,REN,PKG_SERVICE_4_GB,3.49,GBP
8c652c7b-29dd-47f3-b7fb-8212d8308628,,447767051583,2026-02-01 10:41:29.000,REN,PKG_SERVICE_5_GB,1.99,GBP
8a8772a7-ce25-4556-972c-1472c8969253,,447731569607,2026-02-01 10:54:05.000,REN,PKG_SERVICE_3_GB,2.99,GBP
281649ff-6f1d-4e3b-a94f-38262f9c4b9c,,447721337761,2026-02-01 11:18:17.000,REN,PKG_SERVICE_5_GB,1.99,GBP
c41487fb-9317-4572-8f58-08dc4ec5e422,,447769092360,2026-02-01 11:28:56.000,REN,PKG_SERVICE_3_GB,2.99,GBP
57a7c16d-f5f6-4ac4-81cb-f913705c895f,,447748961812,2026-02-01 12:20:22.000,REN,PKG_SERVICE_4_GB,3.49,GBP
d30ef084-8031-4808-bef9-c26561dddd4f,,447738585210,2026-02-01 12:42:50.000,REN,PKG_SERVICE_4_GB,3.49,GBP
3a9ae112-a585-4d0a-95b2-c3541d6d89ae,,447753359795,2026-02-01 13:08:01.000,UNSUB,PKG_SERVICE_5_GB,0,GBP
f921a140-e57b-4707-95e3-20910e060b82,,447720551138,2026-02-01 13:24:35.000,REN,PKG_SERVICE_5_GB,1.99,GBP
00b2fc95-575d-4dab-8f01-9b7d47c4bf5d,,447752095363,2026-02-01 13:54:36.000,REN,PKG_SERVICE_4_GB,3.49,GBP
83bad48f-db33-4ca6-8a59-3a4c30b80d65,,447752901528,2026-02-01 14:16:53.000,REN,PKG_SERVICE_4_GB,3.49,GBP
cb632c02-4f99-4f60-bf59-b01d4f6c1a4d,,447776620217,2026-02-01 14:47:25.000,REN,PKG_SERVICE_4_GB,3.49,GBP
760504ce-3b14-4fd6-a26d-ced6a6a7737b,,447785009732,2026-02-01 15:34:18.000,UNSUB,PKG_SERVICE_3_GB,0,GBP
cb4ad1d6-7816-41f7-a4cc-10232878148c,,447793449249,2026-02-01 15:45:52.000,REN,PKG_SERVICE_5_GB,1.99,GBP
424322bb-3a43-4b3b-b0d3-a79c2c87cff3,,447751116052,2026-02-01 16:11:20.000,REN,PKG_SERVICE_4_GB,3.49,GBP
8e3f47d3-c296-4632-be50-a4b9aef6aa43,,447797145526,2026-02-01 16:15:00.000,REN,PKG_SERVICE_3_GB,2.99,GBP
494397b5-4f7b-49a2-acc9-f24ea0349d36,,447735715415,2026-02-01 16:37:48.000,REN,PKG_SERVICE_4_GB,3.49,GBP
af78cd53-543b-4532-825f-4cd5a8fd3382,,447759749366,2026-02-01 17:11:33.000,REN,PKG_SERVICE_5_GB,1.99,GBP
f7b514e7-0cd9-4639-b3b9-89d684abf959,,447769761877,2026-02-01 17:15:43.000,REN,PKG_SERVICE_3_GB,2.99,GBP
296dfe98-9196-4e8f-8342-9ae858a12dd7,,447716945764,2026-02-01 17:57:23.000,REN,PKG_SERVICE_4_GB,3.49,GBP
9443d016-e483-4c32-8b46-e6151981379a,,447780584870,2026-02-01 18:02:23.000,REN,PKG_SERVICE_3_GB,2.99,GBP
9541d74a-87c0-460f-af01-ecfd6d0da841,,447700625362,2026-02-01 18:48:04.000,REN,PKG_SERVICE_3_GB,2.99,GBP
6604eba5-483f-42b5-b731-01fdf16c8cec,,447738268098,2026-02-01 18:49:14.000,REN,PKG_SERVICE_5_GB,1.99,GBP
aa6cecc2-a489-4f97-8787-0f39990097e5,,447728089062,2026-02-01 18:55:01.000,REN,PKG_SERVICE_3_GB,2.99,GBP
987b4847-d44e-4d1b-a07b-07f8375cbbf3,,447790691570,2026-02-01 19:10:53.000,REN,PKG_SERVICE_5_GB,1.99,GBP
e951225a-dbc3-432c-b2b1-d13103ce88dd,,447700851951,2026-02-01 19:52:07.000,REN,PKG_SERVICE_4_GB,3.49,GBP
e1494b81-b583-4f96-8ac9-1e920c641ac6,,447767415119,2026-02-01 20:11:52.000,REN,PKG_SERVICE_4_GB,3.49,GBP
c3e4e503-64d1-4a3e-8d3d-eeceb3539fba,,447710159556,2026-02-01 20:29:50.000,REN,PKG_SERVICE_4_GB,3.49,GBP
66b8d9ba-b2e0-4243-8444-792f5536af1a,,447760624300,2026-02-01 20:54:26.000,REN,PKG_SERVICE_4_GB,3.49,GBP
0b0a9ee5-a9bc-402e-a188-611bcb78a6f4,,447738868496,2026-02-01 21:18:30.000,REN,PKG_SERVICE_4_GB,3.49,GBP
16804bcc-fdcb-4e6f-bde5-1e2ee1a4e7bd,,447713753960,2026-02-01 21:22:00.000,REN,PKG_SERVICE_4_GB,3.49,GBP
c2ea83f8-12c6-4ae5-8d2f-d7cdb101251c,,447732624940,2026-02-01 21:24:56.000,REN,PKG_SERVICE_5_GB,1.99,GBP
7544227f-e0e7-412e-bfe7-93aa21cc2a9b,,447702487052,2026-02-01 21:46:45.000,REN,PKG_SERVICE_4_GB,3.49,GBP
0f8ec9b1-c10f-4787-84c7-164eb5ebd51b,,447745293048,2026-02-01 22:37:22.000,UNSUB,PKG_SERVICE_3_GB,0,GBP
61124da2-3238-4394-b09a-5abd5f7251ca,,447750969693,2026-02-01 22:39:46.000,REN,PKG_SERVICE_5_GB,1.99,GBP
076801fe-93e7-48e8-88df-03e40898547f,,447755181235,2026-02-01 23:07:37.000,REN,PKG_SERVICE_4_GB,3.49,GBP
ef6a905e-433b-4d6d-980c-f1eae7525f95,,447773005516,2026-02-01 23:23:11.000,UNSUB,PKG_SERVICE_3_GB,0,GBP
fa3a5e03-0220-4778-ad1d-f35b9c6715d4,,447754777345,2026-02-01 23:23:28.000,REN,PKG_SERVICE_3_GB,2.99,GBP
b7d31984-d124-40b4-9296-6085a206f796,,447730503306,2026-02-01 23:36:32.000,REN,PKG_SERVICE_4_GB,3.49,GBP
2cb42147-c6e3-4c20-af70-b6feb642f95e,,447788502598,2026-02-02 01:56:35.000,REN,PKG_SERVICE_4_GB,3.49,GBP
3a73393a-2f15-4ad7-9355-8bcd05359fcc,,447795536929,2026-02-02 02:14:57.000,REN,PKG_SERVICE_3_GB,2.99,GBP
4cbbed3d-fffe-42a9-98a9-8eaf3e814364,,447712876292,2026-02-02 03:25:28.000,REN,PKG_SERVICE_4_GB,3.49,GBP
d190a27f-5c26-4352-8862-344c0f694873,,447727095431,2026-02-02 03:57:10.000,REN,PKG_SERVICE_4_GB,3.49,GBP
8ff0608b-54c8-4b0c-a670-3ca32769e684,,447784182687,2026-02-02 04:17:30.000,REN,PKG_SERVICE_4_GB,3.49,GBP
0f82d863-1aee-4e87-a891-a88ae4ff8f64,,447745293048,2026-02-02 04:32:58.000,REN,PKG_SERVICE_3_GB,2.99,GBP
7175b989-c8d2-4fff-8597-f10ec51cf99f,,447703319085,2026-02-02 04:51:07.000,REN,PKG_SERVICE_3_GB,2.99,GBP
a5a839c6-963e-439f-a5ad-249f98cd89b1,,447711506268,2026-02-02 05:01:01.000,REN,PKG_SERVICE_5_GB,1.99,GBP
20048857-5d12-49ae-9f90-4989e58353c2,,447772529082,2026-02-02 05:13:03.000,REN,PKG_SERVICE_4_GB,3.49,GBP
62904d9b-dd50-4e60-8635-298233e7f842,,447729072784,2026-02-02 05:33:12.000,REN,PKG_SERVICE_4_GB,3.49,GBP
ccf53ad9-7840-4597-9f47-da7b44a821c9,,447707143918,2026-02-02 06:51:17.000,UNSUB,PKG_SERVICE_4_GB,0,GBP
684c23ed-38b0-4edd-b617-c09fd6c3f6c9,,447764799493,2026-02-02 07:53:53.000,REN,PKG_SERVICE_3_GB,2.99,GBP
06c6cb55-ab3b-4cc5-9790-8756d8355cb2,,447780861790,2026-02-02 07:54:00.000,UNSUB,PKG_SERVICE_4_GB,0,GBP
cd8956b2-a453-42a6-95f8-5101a1a2501e,,447774932404,2026-02-02 07:55:35.000,REN,PKG_SERVICE_4_GB,3.49,GBP
0ef5c971-43fd-48f8-a5e6-cf2369cb78bc,,447742052448,2026-02-02 08:08:34.000,REN,PKG_SERVICE_3_GB,2.99,GBP
2f4ca5ac-e047-4304-b348-9178d3cbb9dc,,447743165961,2026-02-02 08:12:15.000,REN,PKG_SERVICE_4_GB,3.49,GBP
44ea4e2a-d621-4bcb-af31-6c0f8529f906,,447724218451,2026-02-02 08:13:41.000,REN,PKG_SERVICE_3_GB,2.99,GBP
bb98933c-b50e-4904-99cf-5a1e597b5186,,447784605497,2026-02-02 08:25:47.000,REN,PKG_SERVICE_4_GB,3.49,GBP
e52f4f3c-0c87-42ea-82be-b51dc941dbdc,,447757549779,2026-02-02 08:43:22.000,REN,PKG_SERVICE_3_GB,2.99,GBP
3c720918-aeb7-47cb-bd25-dda2904b9996,,447742561127,2026-02-02 09:05:14.000,REN,PKG_SERVICE_4_GB,3.49,GBP
808ede2c-087d-4ba1-a078-5a03d54e9831,,447734763542,2026-02-02 09:07:20.000,REN,PKG_SERVICE_4_GB,3.49,GBP
0aa09d0e-9a76-4e8d-bb94-578cafda3b9e,,447746982987,2026-02-02 09:07:26.000,REN,PKG_SERVICE_4_GB,3.49,GBP
f067342c-b3a5-4aa0-9651-56bd0cff345e,,447785693701,2026-02-02 09:26:57.000,REN,PKG_SERVICE_4_GB,3.49,GBP
d173b472-4d9e-4087-887c-ae54ce380f1e,,447738717990,2026-02-02 09:41:46.000,REN,PKG_SERVICE_5_GB,1.99,GBP
376d57ee-08ee-47af-8334-a042a33f9087,,447730059423,2026-02-02 09:42:26.000,REN,PKG_SERVICE_4_GB,3.49,GBP
a472a452-bbb2-4616-a3c4-aac6237e93f3,,447703417853,2026-02-02 10:25:01.000,REN,PKG_SERVICE_5_GB,1.99,GBP
4b3882d1-b130-42c0-a777-8812c616dbd9,,447771400569,2026-02-02 10:25:09.000,REN,PKG_SERVICE_3_GB,2.99,GBP
ee00e98c-dbea-4d44-9ab1-54bc6cf84980,,447749853070,2026-02-02 10:30:07.000,REN,PKG_SERVICE_4_GB,3.49,GBP
7902588f-0e79-4bba-8223-944c3b8c3432,,447707942783,2026-02-02 10:56:02.000,REN,PKG_SERVICE_5_GB,1.99,GBP
fe10c034-9c02-43e7-8193-d6a3357a1104,,447787249690,2026-02-02 11:11:53.000,REN,PKG_SERVICE_4_GB,3.49,GBP
d387ba27-0fbd-4a13-a2c1-4f93bff082b7,,447727665477,2026-02-02 11:44:13.000,REN,PKG_SERVICE_3_GB,2.99,GBP
788dad3e-4a9f-4b42-bd74-1cb58ee56691,,447790143068,2026-02-02 11:52:14.000,REN,PKG_SERVICE_5_GB,1.99,GBP
26c211d9-f2f3-444c-ac6a-1e9626d090e2,,447720620610,2026-02-02 12:02:28.000,REN,PKG_SERVICE_4_GB,3.49,GBP
c743f865-d81d-4df5-8ca8-8370abd88c14,,447700246441,2026-02-02 12:31:00.000,REN,PKG_SERVICE_4_GB,3.49,GBP
7ab19b7d-b99c-4cdc-99d2-658c1e68068b,,447703454187,2026-02-02 12:34:41.000,REN,PKG_SERVICE_4_GB,3.49,GBP
aeaa9649-6b6e-4e34-85ca-3bc43c246b36,,447706198029,2026-02-02 12:43:13.000,REN,PKG_SERVICE_4_GB,3.49,GBP
89b0c6a6-c60b-4cdf-899b-a6edcd117f6b,,447797532520,2026-02-02 12:55:52.000,REN,PKG_SERVICE_5_GB,1.99,GBP
30c75011-7e44-4c5d-b8fc-f10d63cff69f,,447746468103,2026-02-02 13:38:45.000,REN,PKG_SERVICE_5_GB,1.99,GBP
1c3adc09-c8db-40d2-b426-1de38863fd33,,447729391665,2026-02-02 14:00:30.000,REN,PKG_SERVICE_3_GB,2.99,GBP
86dbc4d8-dd5c-43d9-929b-72211dc401d0,,447782282111,2026-02-02 14:01:36.000,REN,PKG_SERVICE_5_GB,1.99,GBP
e1cb084e-1a13-47eb-8bf6-28229eff8059,,447769535275,2026-02-02 14:24:10.000,REN,PKG_SERVICE_3_GB,2.99,GBP
158b5414-55a4-40e8-b45a-75efdd5519dc,,447758722361,2026-02-02 14:25:33.000,REN,PKG_SERVICE_5_GB,1.99,GBP
dc96e3dd-3b2f-41a7-95a2-13d71142757d,,447755935485,2026-02-02 14:28:21.000,REN,PKG_SERVICE_5_GB,1.99,GBP
c0c62955-8ca9-4c54-a6b5-1c383c684157,,447752605393,2026-02-02 14:44:02.000,UNSUB,PKG_SERVICE_5_GB,0,GBP
9412c71c-3f3a-46b6-b7b2-2a540d2f8300,,447791656218,2026-02-02 15:19:33.000,REN,PKG_SERVICE_3_GB,2.99,GBP
b4f45524-7ce8-47dc-b9e4-af83da8a76d4,,447722230081,2026-02-02 15:22:40.000,REN,PKG_SERVICE_4_GB,3.49,GBP
1a912948-3c2b-4459-8112-8b10c7faaee3,,447719115022,2026-02-02 15:35:59.000,REN,PKG_SERVICE_3_GB,2.99,GBP
7ed9d1e5-55d0-491a-a565-d815fb49c0f6,,447792654894,2026-02-02 15:50:33.000,REN,PKG_SERVICE_5_GB,1.99,GBP
fc063442-7fb4-4c18-9d36-2817feb3159e,,447755818993,2026-02-02 15:54:45.000,REN,PKG_SERVICE_3_GB,2.99,GBP
2f743fc1-dfcf-46bd-9af2-9539ab8972d7,,447727715962,2026-02-02 17:00:49.000,REN,PKG_SERVICE_5_GB,1.99,GBP
6404a6e2-920e-45eb-9dce-b11a45fed186,,447765302406,2026-02-02 17:04:02.000,REN,PKG_SERVICE_5_GB,1.99,GBP
2b30b1d5-6d04-41ea-836c-7d13c7fae875,,447763429680,2026-02-02 17:15:22.000,REN,PKG_SERVICE_5_GB,1.99,GBP
ec03fd24-6268-4b67-b368-c8721719f1b0,,447730044180,2026-02-02 17:33:20.000,REN,PKG_SERVICE_5_GB,1.99,GBP
37daa9b2-ebf6-4da7-aac1-73e6082073fe,,447700201545,2026-02-02 17:47:41.000,UNSUB,PKG_SERVICE_5_GB,0,GBP
63d342a7-0ac9-4193-b91e-785aedbc630f,,447736671945,2026-02-02 17:48:45.000,REN,PKG_SERVICE_3_GB,2.99,GBP
0d5f86a1-c228-4fb9-bf57-de92988aec41,,447795218012,2026-02-02 17:49:08.000,REN,PKG_SERVICE_5_GB,1.99,GBP
0a5c0cc3-70aa-4d7c-8d7f-61a35cbcb08b,,447768990816,2026-02-02 18:10:26.000,REN,PKG_SERVICE_5_GB,1.99,GBP
4048930a-b679-4f50-8c49-5a7189b1d1d3,,447750969693,2026-02-02 19:18:17.000,UNSUB,PKG_SERVICE_5_GB,0,GBP
b464f1ec-bcbe-4a47-949d-3fae0d43cce6,,447752605393,2026-02-02 19:25:11.000,REN,PKG_SERVICE_5_GB,1.99,GBP
bb90b7ff-8c86-4754-bf23-c0594d998749,,447708923961,2026-02-02 19:41:17.000,REN,PKG_SERVICE_5_GB,1.99,GBP
d42ffbf1-f590-4532-9a86-b638761be34f,,447707207949,2026-02-02 19:45:59.000,REN,PKG_SERVICE_5_GB,1.99,GBP
d23813d2-5688-4166-8f88-fc497acb7947,,447784193033,2026-02-02 20:06:31.000,REN,PKG_SERVICE_5_GB,1.99,GBP
c6aef592-3f8c-48f9-b7fa-4fafde18c9cf,,447753041559,2026-02-02 20:15:16.000,REN,PKG_SERVICE_4_GB,3.49,GBP
b3d80740-31d4-41fb-abf1-3a7ca8e060a5,,447755287008,2026-02-02 20:31:50.000,REN,PKG_SERVICE_5_GB,1.99,GBP
79c2bd7a-ed39-412d-ac8c-7b9f3e6dcc8a,,447795115479,2026-02-02 20:36:13.000,REN,PKG_SERVICE_4_GB,3.49,GBP
9a8d8b8c-43a1-42c3-a804-74c82ef5bb10,,447751544296,2026-02-02 21:10:21.000,REN,PKG_SERVICE_5_GB,1.99,GBP
ffd98c17-b4e1-48ce-8869-15b7f59a67c6,,447772606983,2026-02-02 21:42:54.000,REN,PKG_SERVICE_3_GB,2.99,GBP
fb456f74-cee8-4d75-8cb9-2cebe1496330,,447705481675,2026-02-02 21:50:01.000,REN,PKG_SERVICE_3_GB,2.99,GBP
8359c788-5fd7-401f-9375-6a0c19642fb9,,447790785518,2026-02-02 22:29:43.000,REN,PKG_SERVICE_5_GB,1.99,GBP
40dc099c-5e06-49de-a84c-5755042af9bf,,447720026032,2026-02-02 23:00:28.000,UNSUB,PKG_SERVICE_4_GB,0,GBP
0c25ed9f-39f6-4c62-9b95-199ac04032f8,,447778853513,2026-02-02 23:14:19.000,REN,PKG_SERVICE_4_GB,3.49,GBP
3002f1a2-e17e-4de1-a1bd-7d929f896dce,,447787370586,2026-02-02 23:14:34.000,REN,PKG_SERVICE_5_GB,1.99,GBP
1e5720db-c15c-445e-9ce2-1cb0b870152b,,447759712621,2026-02-03 00:15:10.000,REN,PKG_SERVICE_3_GB,2.99,GBP
573fa0f2-4e4c-4c90-8898-0217736d9cd1,,447799922910,2026-02-03 01:06:43.000,REN,PKG_SERVICE_5_GB,1.99,GBP
ffe757ee-ed8a-49ea-b7b6-587cdd532f79,,447763996230,2026-02-03 01:13:41.000,REN,PKG_SERVICE_4_GB,3.49,GBP
741e191e-ab75-42cd-8047-bb9edab39c6d,,447723502297,2026-02-03 01:21:44.000,REN,PKG_SERVICE_5_GB,1.99,GBP
4a2f30cb-9816-4ae8-9b13-be28f9a8e9b0,,447774031628,2026-02-03 01:32:26.000,UNSUB,PKG_SERVICE_4_GB,0,GBP
c49b130e-4644-4e1a-8504-b9093e701395,,447792654894,2026-02-03 01:37:52.000,UNSUB,PKG_SERVICE_5_GB,0,GBP
f8a1fc2a-bc51-4550-8ebe-5540d464955b,,447749948990,2026-02-03 01:40:10.000,REN,PKG_SERVICE_3_GB,2.99,GBP
5bee405b-d43e-42d1-a7dd-4edcd4f9148d,,447734471618,2026-02-03 01:59:32.000,REN,PKG_SERVICE_3_GB,2.99,GBP
e75ff250-4422-4d5c-be10-34bffa702c88,,447750076287,2026-02-03 02:37:06.000,REN,PKG_SERVICE_5_GB,1.99,GBP
5613d4b2-19a9-4b26-ad09-4b1ce7f5cb67,,447796371417,2026-02-03 02:39:07.000,REN,PKG_SERVICE_4_GB,3.49,GBP
17633ef7-8c85-4ac0-87f3-c434281b699c,,447795971210,2026-02-03 03:39:34.000,REN,PKG_SERVICE_4_GB,3.49,GBP
6c59a9a9-6fb1-44f1-bc69-dd41a81ce020,,447722964090,2026-02-03 03:42:12.000,REN,PKG_SERVICE_5_GB,1.99,GBP
6c108056-d268-4b69-b22e-3ef08cc60e2f,,447706763668,2026-02-03 03:48:36.000,REN,PKG_SERVICE_3_GB,2.99,GBP
c08052c4-e8ce-434c-8a89-ccba40f4d8ff,,447777740212,2026-02-03 04:03:26.000,REN,PKG_SERVICE_3_GB,2.99,GBP
42807c44-e1df-4316-b131-96696c822c88,,447785773115,2026-02-03 04:05:29.000,REN,PKG_SERVICE_4_GB,3.49,GBP
9ea9c976-62b8-42b4-9585-a345ac9ec681,,447708902918,2026-02-03 04:10:20.000,REN,PKG_SERVICE_3_GB,2.99,GBP
a04866e3-c63d-44d5-9f15-0121945f93e9,,447713881945,2026-02-03 04:30:56.000,REN,PKG_SERVICE_3_GB,2.99,GBP
2c33e7d6-cbe3-44c7-a852-57112f784522,,447776077119,2026-02-03 04:38:49.000,UNSUB,PKG_SERVICE_3_GB,0,GBP
2f4da6a4-346e-4392-bcd2-8cf3bfe799c9,,447778170831,2026-02-03 04:50:34.000,REN,PKG_SERVICE_4_GB,3.49,GBP
19a7f3a8-83de-4287-aa93-e766db60431c,,447769023138,2026-02-03 04:58:39.000,UNSUB,PKG_SERVICE_3_GB,0,GBP
7562c9a8-91ef-4209-9b2d-1572fb0a6890,,447744613443,2026-02-03 05:03:50.000,REN,PKG_SERVICE_4_GB,3.49,GBP
051b0242-0626-4b64-b6da-edf9a4495b98,,447769633450,2026-02-03 05:09:48.000,REN,PKG_SERVICE_4_GB,3.49,GBP
af18ca14-0b90-4c53-a689-640b90ef75e8,,447769322035,2026-02-03 05:15:10.000,REN,PKG_SERVICE_5_GB,1.99,GBP
9d044ddc-3802-4f5b-8992-313dcd7831b1,,447793807098,2026-02-03 05:23:11.000,REN,PKG_SERVICE_4_GB,3.49,GBP
deae3107-0382-4a09-8aae-329497594179,,447743634616,2026-02-03 05:31:05.000,REN,PKG_SERVICE_3_GB,2.99,GBP
1cdda007-3434-4b07-8b8b-4da890009679,,447750063873,2026-02-03 06:05:38.000,REN,PKG_SERVICE_3_GB,2.99,GBP
d8cc163e-c2f8-461a-b007-448e68af4afa,,447788715506,2026-02-03 06:30:53.000,UNSUB,PKG_SERVICE_4_GB,0,GBP
e5ef6929-2e7d-4322-ae5a-f556ef5f9eb7,,447714059718,2026-02-03 06:43:15.000,REN,PKG_SERVICE_3_GB,2.99,GBP
5935b6c8-1a43-4990-bc86-827a7a31a736,,447790492532,2026-02-03 07:12:02.000,REN,PKG_SERVICE_3_GB,2.99,GBP
3f5aee3f-ad65-4a87-a343-211d02504ce9,,447760390771,2026-02-03 07:16:20.000,REN,PKG_SERVICE_5_GB,1.99,GBP
2da162ab-ea64-4009-8443-bc54f936541e,,447767030804,2026-02-03 07:26:09.000,REN,PKG_SERVICE_3_GB,2.99,GBP
a7688c50-4601-471c-84c4-5c897eb9f08b,,447737557155,2026-02-03 07:29:15.000,REN,PKG_SERVICE_5_GB,1.99,GBP
514ab050-858f-495f-841d-6c0a4dd4de0f,,447783567771,2026-02-03 07:59:45.000,REN,PKG_SERVICE_5_GB,1.99,GBP
c3078d53-ceb8-4b7d-a2f6-0d9611bd4535,,447729312151,2026-02-03 08:21:39.000,REN,PKG_SERVICE_3_GB,2.99,GBP
3ee824ef-def8-4649-a7c5-00999e5b07cd,,447772606687,2026-02-03 08:37:49.000,REN,PKG_SERVICE_5_GB,1.99,GBP
c68a49af-67fe-4c11-b6a0-8b1fe6061ba4,,447754387848,2026-02-03 08:39:08.000,REN,PKG_SERVICE_3_GB,2.99,GBP
796321d9-d2e1-4101-be67-04e742276f04,,447757501665,2026-02-03 08:44:02.000,UNSUB,PKG_SERVICE_4_GB,0,GBP
418c73ad-0d67-419b-8c57-41ab85d8e030,,447796158135,2026-02-03 08:45:52.000,REN,PKG_SERVICE_5_GB,1.99,GBP
8294946b-0f5c-4e33-a317-f14cef5972e5,,447727049136,2026-02-03 09:18:24.000,REN,PKG_SERVICE_5_GB,1.99,GBP
371caf89-dfcc-42df-afff-ea2628003e5d,,447705428056,2026-02-03 09:42:43.000,UNSUB,PKG_SERVICE_4_GB,0,GBP
69bbc941-bb03-45c4-8e00-e462f596f878,,447765645353,2026-02-03 09:59:56.000,UNSUB,PKG_SERVICE_4_GB,0,GBP
ff440ee2-fb2d-4dc1-9491-8f4857a8c29a,,447761008495,2026-02-03 10:00:08.000,REN,PKG_SERVICE_4_GB,3.49,GBP
92274017-c830-4920-81a0-c0a6d6bdd9dc,,447781545313,2026-02-03 10:02:22.000,REN,PKG_SERVICE_5_GB,1.99,GBP
a207eafe-c877-403f-afd9-1a7dec404f34,,447733975606,2026-02-03 10:21:16.000,REN,PKG_SERVICE_4_GB,3.49,GBP
d0328ddb-713b-4768-bd05-328732ceee3b,,447735954042,2026-02-03 10:21:28.000,REN,PKG_SERVICE_4_GB,3.49,GBP
915d41ef-b0fc-46df-98bd-12c97f9bf140,,447752540215,2026-02-03 10:46:14.000,REN,PKG_SERVICE_5_GB,1.99,GBP
075ca66e-950d-4e01-984d-39fad56fdca9,,447738584277,2026-02-03 11:38:22.000,REN,PKG_SERVICE_5_GB,1.99,GBP
0e68a4dd-c194-42bf-b6ea-e9fa295250bd,,447754486779,2026-02-03 11:38:42.000,UNSUB,PKG_SERVICE_3_GB,0,GBP
b3139cdf-e696-4a90-a1c7-8d0b856e92a6,,447757145825,2026-02-03 11:38:46.000,REN,PKG_SERVICE_4_GB,3.49,GBP
300b2477-706c-48d7-babf-5a800e79fd1e,,447734841640,2026-02-03 12:13:16.000,REN,PKG_SERVICE_5_GB,1.99,GBP
2169a8bd-5599-43a1-b022-a0b390aeab8b,,447753359795,2026-02-03 12:43:19.000,REN,PKG_SERVICE_5_GB,1.99,GBP
3f5b208e-e05d-4f4e-807e-ec0910b86173,,447763260279,2026-02-03 12:52:45.000,REN,PKG_SERVICE_5_GB,1.99,GBP
bc57da1f-93a1-4c55-86ac-d3fa199cc01b,,447774031628,2026-02-03 13:17:05.000,REN,PKG_SERVICE_4_GB,3.49,GBP
05804ead-596c-4412-8333-de80f990841f,,447765338800,2026-02-03 13:34:03.000,REN,PKG_SERVICE_3_GB,2.99,GBP
2c98793a-c583-45b4-a9b1-fc8003b1842e,,447714150695,2026-02-03 14:33:54.000,REN,PKG_SERVICE_4_GB,3.49,GBP
c5315607-2bac-4313-91c3-064695feb07d,,447714781961,2026-02-03 14:50:41.000,UNSUB,PKG_SERVICE_4_GB,0,GBP
24c7af06-775a-43d8-b504-493948fffa87,,447704242335,2026-02-03 14:57:34.000,REN,PKG_SERVICE_4_GB,3.49,GBP
a491a047-5051-4782-9a39-5e2e2393fec6,,447785009732,2026-02-03 15:04:42.000,REN,PKG_SERVICE_3_GB,2.99,GBP
9de6d3cf-c70b-4051-b597-1a5375964426,,447742962929,2026-02-03 15:24:31.000,REN,PKG_SERVICE_4_GB,3.49,GBP
718f3b3a-4006-4a48-b7d1-df53f0043db5,,447795937539,2026-02-03 15:34:46.000,REN,PKG_SERVICE_4_GB,3.49,GBP
5c5fa748-67ba-4c61-9692-83dba3988a30,,447736314600,2026-02-03 15:49:24.000,REN,PKG_SERVICE_5_GB,1.99,GBP
662bb63e-3686-48b7-9267-4ed093a0db22,,447724360444,2026-02-03 15:55:11.000,REN,PKG_SERVICE_4_GB,3.49,GBP
ed6ec0e5-1ca9-46b0-9505-debf171422ea,,447780861790,2026-02-03 16:33:52.000,REN,PKG_SERVICE_4_GB,3.49,GBP
b4475090-3b4f-4bbe-9627-3dcfde97da64,,447736024638,2026-02-03 16:47:36.000,REN,PKG_SERVICE_4_GB,3.49,GBP
4fdad972-5016-433b-a889-b8a3168aee18,,447725393231,2026-02-03 16:51:34.000,REN,PKG_SERVICE_4_GB,3.49,GBP
1ab7b2b7-d44e-4b47-bb18-01e38bef9bff,,447771601336,2026-02-03 17:19:24.000,REN,PKG_SERVICE_5_GB,1.99,GBP
4c91005f-9909-40fc-8cdc-03cb61602d6c,,447723812173,2026-02-03 17:32:42.000,REN,PKG_SERVICE_3_GB,2.99,GBP
95522b0e-c9b8-46f3-bed6-42b3cc9eac13,,447759679254,2026-02-03 17:46:06.000,REN,PKG_SERVICE_3_GB,2.99,GBP
7daad4df-c90a-4a09-8f31-27aec0868048,,447731890372,2026-02-03 17:55:25.000,REN,PKG_SERVICE_3_GB,2.99,GBP
5647d6b3-5237-44d5-b027-e3db24aeae6e,,447740530826,2026-02-03 18:12:16.000,REN,PKG_SERVICE_4_GB,3.49,GBP
d0b981cc-1792-4e0f-84f5-96fd6d47f1f7,,447738732723,2026-02-03 18:15:30.000,UNSUB,PKG_SERVICE_4_GB,0,GBP
8bb90d81-5fb2-4ede-ae15-6a7491690906,,447707185874,2026-02-03 18:39:17.000,REN,PKG_SERVICE_5_GB,1.99,GBP
c2d36744-4f19-4567-b38c-c28f5c140a48,,447729254326,2026-02-03 18:55:40.000,REN,PKG_SERVICE_3_GB,2.99,GBP
566b9e00-4c87-4ce2-943c-614e02a56a3b,,447753836617,2026-02-03 18:55:45.000,REN,PKG_SERVICE_5_GB,1.99,GBP
cd4419cd-6182-475f-8a20-f4c22912f134,,447768616785,2026-02-03 19:09:30.000,REN,PKG_SERVICE_4_GB,3.49,GBP
351cd549-8e96-428c-9b11-b86f5ae21f35,,447762461873,2026-02-03 19:27:54.000,REN,PKG_SERVICE_3_GB,2.99,GBP
3c1280a0-a284-4bb8-ba41-9e55d171a04c,,447709937677,2026-02-03 20:52:19.000,UNSUB,PKG_SERVICE_3_GB,0,GBP
9f6fe4bf-5c6b-4daa-89ae-0ceaf29db100,,447729094680,2026-02-03 21:07:49.000,REN,PKG_SERVICE_5_GB,1.99,GBP
6616d49e-6761-436c-9d41-5bc84d69c5d0,,447799479208,2026-02-03 21:48:27.000,REN,PKG_SERVICE_3_GB,2.99,GBP
589b2b9d-e4f7-4f9a-819e-824cfef56126,,447713159014,2026-02-03 22:14:26.000,REN,PKG_SERVICE_5_GB,1.99,GBP
37333e0d-5575-4541-917a-dcabc48d4e5c,,447705246818,2026-02-03 23:30:18.000,REN,PKG_SERVICE_5_GB,1.99,GBP
b6f770b8-1857-48cf-9e1c-0d4f9bf5cbd4,,447778796992,2026-02-04 00:28:57.000,REN,PKG_SERVICE_3_GB,2.99,GBP
4fb64a06-0b89-460f-af44-25c20eccaf87,,447767254510,2026-02-04 01:20:09.000,REN,PKG_SERVICE_4_GB,3.49,GBP
efce02af-1d9f-4a1c-ab22-1784ca33bf86,,447786446136,2026-02-04 01:25:24.000,REN,PKG_SERVICE_5_GB,1.99,GBP
9b1220db-d3e1-41d5-84b8-a74cfef7d48d,,447703915837,2026-02-04 01:28:43.000,REN,PKG_SERVICE_5_GB,1.99,GBP
fed5a0d5-940c-474c-99a1-96847e7bdcda,,447712907180,2026-02-04 01:38:50.000,REN,PKG_SERVICE_3_GB,2.99,GBP
69ac18de-e3f5-44cb-9616-c5318596aa50,,447714499939,2026-02-04 02:00:28.000,REN,PKG_SERVICE_3_GB,2.99,GBP
8cdd682b-34c2-4bd5-8a22-860c09822152,,447763543929,2026-02-04 02:08:13.000,REN,PKG_SERVICE_5_GB,1.99,GBP
b65d3a61-266f-452e-87ec-2271e840e135,,447772608807,2026-02-04 02:12:22.000,REN,PKG_SERVICE_5_GB,1.99,GBP
30660e19-67b7-4507-923b-2ab20be2db58,,447771474611,2026-02-04 02:16:23.000,REN,PKG_SERVICE_3_GB,2.99,GBP
05616523-e9ce-4215-9755-5c4769c180a8,,447798455403,2026-02-04 02:32:16.000,REN,PKG_SERVICE_4_GB,3.49,GBP
c63a60c4-a3bb-4e99-93d1-dd84723a31c4,,447781804256,2026-02-04 03:27:32.000,REN,PKG_SERVICE_4_GB,3.49,GBP
8c2b8714-adb2-4b85-bbec-1bd0e41b8686,,447730025482,2026-02-04 03:53:36.000,REN,PKG_SERVICE_5_GB,1.99,GBP
ec715447-5320-4b72-b0b7-c5ab4f6f4a5d,,447769757952,2026-02-04 03:58:22.000,REN,PKG_SERVICE_4_GB,3.49,GBP
582b948f-a86f-4812-9a06-b54476c902f8,,447715386858,2026-02-04 03:59:20.000,REN,PKG_SERVICE_3_GB,2.99,GBP
035eb9d9-1bae-47a6-beca-248ae8eb60b2,,447754710973,2026-02-04 04:46:25.000,REN,PKG_SERVICE_5_GB,1.99,GBP
9750a291-a6e1-4440-8e12-18ead4184acc,,447746670189,2026-02-04 04:48:25.000,REN,PKG_SERVICE_3_GB,2.99,GBP
3de709ba-189e-4123-992a-a599c6974b20,,447714175522,2026-02-04 05:26:56.000,REN,PKG_SERVICE_5_GB,1.99,GBP
21b5da1a-0536-4146-a146-bdd016bd1f31,,447731387892,2026-02-04 05:36:33.000,REN,PKG_SERVICE_4_GB,3.49,GBP
7611444f-cbc1-4866-b8ab-2c2d74842561,,447716395343,2026-02-04 05:45:21.000,REN,PKG_SERVICE_5_GB,1.99,GBP
9483742f-b1c3-4794-acbe-b752a1f9ebe0,,447774855794,2026-02-04 05:55:55.000,UNSUB,PKG_SERVICE_5_GB,0,GBP
28ece2d6-2ced-41ca-a95a-a45a12d1691e,,447729116030,2026-02-04 06:16:08.000,REN,PKG_SERVICE_4_GB,3.49,GBP
7d76f155-b682-4378-92f3-6d134f21be1f,,447725648990,2026-02-04 06:28:22.000,REN,PKG_SERVICE_4_GB,3.49,GBP
85b4d0f6-2b95-4e2f-81f1-a02e9a633084,,447725722735,2026-02-04 06:31:39.000,REN,PKG_SERVICE_5_GB,1.99,GBP
f8edec4c-f87e-402c-8acf-09ceb44ad3e6,,447749472893,2026-02-04 06:42:28.000,UNSUB,PKG_SERVICE_3_GB,0,GBP
5dc0b9b5-b8c4-47c5-932a-020cd4f8477b,,447762427865,2026-02-04 06:42:30.000,REN,PKG_SERVICE_5_GB,1.99,GBP
536d62e3-3418-4d23-a2ce-ac4a95e5b81d,,447727987657,2026-02-04 06:43:42.000,UNSUB,PKG_SERVICE_5_GB,0,GBP
544f5924-8f09-47eb-b9fb-8bd272e5c172,,447720807883,2026-02-04 06:55:50.000,REN,PKG_SERVICE_4_GB,3.49,GBP
6c74a79f-4579-46ad-af54-43ea3bacd211,,447799851042,2026-02-04 06:57:34.000,REN,PKG_SERVICE_4_GB,3.49,GBP
a2df9d2d-5563-48ab-a4ba-73d07888c6a1,,447761706876,2026-02-04 07:22:56.000,REN,PKG_SERVICE_5_GB,1.99,GBP
9c34e015-79e0-4a1a-9c54-be148accb320,,447767303509,2026-02-04 07:26:14.000,REN,PKG_SERVICE_5_GB,1.99,GBP
37c2579d-a260-451e-aa6c-28577aa93068,,447708176792,2026-02-04 07:43:24.000,REN,PKG_SERVICE_3_GB,2.99,GBP
c379291f-35f7-4800-8983-499603565ae9,,447729475837,2026-02-04 08:24:46.000,REN,PKG_SERVICE_3_GB,2.99,GBP
deb4ff4e-b479-4cb3-b855-d8fc46952d93,,447712133336,2026-02-04 08:29:21.000,REN,PKG_SERVICE_3_GB,2.99,GBP
8b097fbe-a638-44bf-a37b-490956732b35,,447720882659,2026-02-04 08:35:46.000,REN,PKG_SERVICE_3_GB,2.99,GBP
fe10963c-3851-4535-811f-361cb384ec0e,,447703970588,2026-02-04 08:40:10.000,REN,PKG_SERVICE_4_GB,3.49,GBP
6e16ed52-64ef-48c0-a894-ab0458b90da1,,447769155641,2026-02-04 08:55:59.000,REN,PKG_SERVICE_3_GB,2.99,GBP
af5ae277-fd11-4438-8155-e3f22aa91941,,447792046696,2026-02-04 09:04:00.000,REN,PKG_SERVICE_5_GB,1.99,GBP
2bf3f492-6ae2-4bd5-8d0b-822613c8b5dd,,447799975407,2026-02-04 09:12:15.000,REN,PKG_SERVICE_4_GB,3.49,GBP
d02919fd-9ab6-445e-ad69-c3266dd49703,,447755082683,2026-02-04 10:14:40.000,REN,PKG_SERVICE_5_GB,1.99,GBP
6f039838-a3c8-4572-9584-c7f77192949a,,447700522963,2026-02-04 10:17:56.000,REN,PKG_SERVICE_5_GB,1.99,GBP
917e9490-ee6f-45ed-b7ec-a26097bc4584,,447793487069,2026-02-04 10:32:44.000,REN,PKG_SERVICE_4_GB,3.49,GBP
904fb904-cc70-48a1-a041-5392ac3030b5,,447744955777,2026-02-04 10:38:48.000,REN,PKG_SERVICE_4_GB,3.49,GBP
7cc9745d-4f29-4b66-9f86-ac4eb4f890b9,,447738824934,2026-02-04 10:54:32.000,REN,PKG_SERVICE_5_GB,1.99,GBP
3d324259-5f28-48da-bbc2-58625b2fb26c,,447783616818,2026-02-04 11:10:24.000,REN,PKG_SERVICE_3_GB,2.99,GBP
b6202505-0c21-42fa-8b9d-aa6b70d4352c,,447748306140,2026-02-04 11:12:01.000,REN,PKG_SERVICE_4_GB,3.49,GBP
5f0c6f89-3813-483d-ab02-5783696b083a,,447790729706,2026-02-04 11:12:40.000,REN,PKG_SERVICE_3_GB,2.99,GBP
ee811979-23a0-496d-8755-9945acd5aedf,,447706183383,2026-02-04 11:13:45.000,REN,PKG_SERVICE_5_GB,1.99,GBP
2868bec3-b755-45df-b2f5-c12e54e7ea86,,447714477980,2026-02-04 11:25:22.000,UNSUB,PKG_SERVICE_3_GB,0,GBP
daf86c05-1562-4411-8c38-ebbe42a43c21,,447780833452,2026-02-04 12:02:34.000,REN,PKG_SERVICE_3_GB,2.99,GBP
6d5824ed-5280-406f-b0ca-85dd03771112,,447718688075,2026-02-04 12:06:24.000,REN,PKG_SERVICE_4_GB,3.49,GBP
b0743d31-0342-471b-8e07-4c2fdbebbbfe,,447765511963,2026-02-04 12:28:40.000,REN,PKG_SERVICE_3_GB,2.99,GBP
7d250db2-4c57-4159-8db5-71992ccb47e1,,447751864300,2026-02-04 13:15:05.000,REN,PKG_SERVICE_5_GB,1.99,GBP
c6d64997-5778-4862-9b3a-a7aa1c58ae87,,447738215197,2026-02-04 13:20:44.000,REN,PKG_SERVICE_5_GB,1.99,GBP
37bade49-eed4-40dc-a26b-e3391405a5ea,,447799385452,2026-02-04 13:25:08.000,REN,PKG_SERVICE_3_GB,2.99,GBP
6abcac21-fb3c-4e40-9800-ceeb28aba1ad,,447742507070,2026-02-04 13:26:36.000,REN,PKG_SERVICE_4_GB,3.49,GBP
96f45d6b-e86c-4b47-a022-8c59138c4808,,447710442549,2026-02-04 13:37:07.000,REN,PKG_SERVICE_3_GB,2.99,GBP
ea970b08-288f-4b87-b258-a2eb44ff5e58,,447720551138,2026-02-04 14:18:55.000,UNSUB,PKG_SERVICE_5_GB,0,GBP
70ec0912-a0b8-4845-a675-1a57aefe3b55,,447729353363,2026-02-04 14:26:59.000,REN,PKG_SERVICE_3_GB,2.99,GBP
69952ea5-71ac-4c51-8808-07194db4e02d,,447796398694,2026-02-04 14:36:46.000,UNSUB,PKG_SERVICE_4_GB,0,GBP
a96a393a-72e6-4f5b-8a31-0426c8bc24c3,,447758042832,2026-02-04 14:46:04.000,REN,PKG_SERVICE_4_GB,3.49,GBP
e42e7e6b-b0b6-4458-8269-04ad1d06a640,,447751749943,2026-02-04 14:47:25.000,UNSUB,PKG_SERVICE_4_GB,0,GBP
88c3e8db-fd7f-4221-ba9f-cbd47720b884,,447788531848,2026-02-04 14:51:47.000,REN,PKG_SERVICE_5_GB,1.99,GBP
6d004ab6-5c55-4d21-91ec-d8f0094e1749,,447752604769,2026-02-04 15:00:48.000,REN,PKG_SERVICE_4_GB,3.49,GBP
77bbc774-d53c-4e85-9e3c-4903de4c20c9,,447714781961,2026-02-04 15:25:01.000,REN,PKG_SERVICE_4_GB,3.49,GBP
4a292392-41b7-4aef-ade6-db11fa4174ec,,447779260148,2026-02-04 15:34:43.000,UNSUB,PKG_SERVICE_3_GB,0,GBP
991f15a7-897a-4c5b-843b-de128ae7dfeb,,447739898569,2026-02-04 15:39:46.000,REN,PKG_SERVICE_5_GB,1.99,GBP
1c75989d-b6ad-48ea-8754-b04e5bc6d230,,447714477980,2026-02-04 15:52:35.000,REN,PKG_SERVICE_3_GB,2.99,GBP
3ffa86dc-595b-4f12-a3d8-954d118eb120,,447760256759,2026-02-04 16:07:21.000,REN,PKG_SERVICE_3_GB,2.99,GBP
b59c3160-6f28-41f4-841c-249e17439edc,,447701045104,2026-02-04 17:05:46.000,REN,PKG_SERVICE_4_GB,3.49,GBP
e19464c8-2e86-47b6-a916-c28d53404386,,447757798439,2026-02-04 17:15:00.000,REN,PKG_SERVICE_5_GB,1.99,GBP
cb32c1d4-de27-4b55-9efb-c40409914a59,,447730491229,2026-02-04 17:55:08.000,REN,PKG_SERVICE_3_GB,2.99,GBP
01a6a393-e09d-4833-baba-fe3fda87ed0c,,447709337266,2026-02-04 18:39:10.000,REN,PKG_SERVICE_5_GB,1.99,GBP
5dc3b842-7f10-4c8c-953a-575f58b6259e,,447788715506,2026-02-04 20:02:02.000,REN,PKG_SERVICE_4_GB,3.49,GBP
fe6b6261-8ed8-4cba-8623-9a48b0acb15a,,447757501665,2026-02-04 20:21:24.000,REN,PKG_SERVICE_4_GB,3.49,GBP
00eb7002-551e-403c-8512-71be080bcae3,,447782190882,2026-02-04 20:26:41.000,REN,PKG_SERVICE_5_GB,1.99,GBP
28c29011-fb14-4b66-b470-43f597e61b62,,447705924829,2026-02-04 20:32:41.000,REN,PKG_SERVICE_4_GB,3.49,GBP
e6c09540-4368-480f-b4a2-9a9dcbbe112c,,447793691767,2026-02-04 20:46:52.000,UNSUB,PKG_SERVICE_3_GB,0,GBP
41ee7134-579e-4eff-9ea8-454a806d2bff,,447781792371,2026-02-04 20:52:49.000,REN,PKG_SERVICE_3_GB,2.99,GBP
a1370f91-9979-493f-b7e8-b497d6f2c499,,447796398694,2026-02-04 20:57:13.000,REN,PKG_SERVICE_4_GB,3.49,GBP
c36cd1a4-5640-477f-869d-bb856393d78b,,447762363965,2026-02-04 21:32:15.000,REN,PKG_SERVICE_5_GB,1.99,GBP
24df700a-144a-4e1c-967f-23710715f4c8,,447730044180,2026-02-04 21:46:52.000,UNSUB,PKG_SERVICE_5_GB,0,GBP
9eb75a79-472c-4db3-a734-33f35681f960,,447724891480,2026-02-04 22:24:00.000,REN,PKG_SERVICE_3_GB,2.99,GBP
c87e9468-cbac-46e9-b1ae-f9bb154d8bf7,,447761144453,2026-02-04 23:24:57.000,REN,PKG_SERVICE_4_GB,3.49,GBP
160646e8-afcf-467b-a954-a75846bf08d5,,447718725746,2026-02-04 23:37:06.000,REN,PKG_SERVICE_3_GB,2.99,GBP
1524cb7f-0a3b-4699-b82a-1418a4ff104e,,447798423833,2026-02-04 23:54:50.000,REN,PKG_SERVICE_5_GB,1.99,GBP
57d1b443-d602-4954-b616-5702b2618b06,,447787645048,2026-02-04 23:55:40.000,REN,PKG_SERVICE_4_GB,3.49,GBP
da931cb3-f331-4afb-8294-018fec8cee34,,447765235952,2026-02-05 00:03:05.000,REN,PKG_SERVICE_3_GB,2.99,GBP
2157a8e2-5897-4bbf-b750-f5448bda544f,,447709220012,2026-02-05 00:53:03.000,REN,PKG_SERVICE_3_GB,2.99,GBP
d76d5c97-aaba-4776-b070-4e7628c8e2fa,,447772849482,2026-02-05 01:22:48.000,REN,PKG_SERVICE_4_GB,3.49,GBP
70080dde-be2f-4fa7-b660-c31425037fde,,447799868609,2026-02-05 01:26:00.000,REN,PKG_SERVICE_5_GB,1.99,GBP
d1b784e1-1167-4a3c-b93a-5801ef4e0b2b,,447723433631,2026-02-05 01:51:04.000,REN,PKG_SERVICE_4_GB,3.49,GBP
81f24cea-c905-4b5c-aa3b-b154dd7d8627,,447720584162,2026-02-05 02:02:24.000,REN,PKG_SERVICE_4_GB,3.49,GBP
b6f253fb-1dd9-4181-8d70-078dfcdd25dd,,447736272765,2026-02-05 02:44:19.000,REN,PKG_SERVICE_4_GB,3.49,GBP
7a3a9a41-d3d0-4038-8548-f5433f4f8bc4,,447774855360,2026-02-05 03:03:38.000,REN,PKG_SERVICE_5_GB,1.99,GBP
a7ecc992-1feb-4312-8e2d-57f902203745,,447719279640,2026-02-05 03:26:55.000,UNSUB,PKG_SERVICE_4_GB,0,GBP
8af52716-214b-4667-b236-dd06e8cc3ec8,,447768868188,2026-02-05 03:48:06.000,REN,PKG_SERVICE_4_GB,3.49,GBP
f4ecbd4b-045c-4a0d-afe3-92077a9de6d3,,447714983497,2026-02-05 04:03:46.000,REN,PKG_SERVICE_5_GB,1.99,GBP
24976dfb-45a1-49ee-9001-501efea99224,,447731906151,2026-02-05 04:11:05.000,REN,PKG_SERVICE_4_GB,3.49,GBP
9d78e70a-8338-41c3-9c99-14b220b09e97,,447701793071,2026-02-05 04:11:22.000,REN,PKG_SERVICE_5_GB,1.99,GBP
6abf44c6-b9c7-4ce6-bcea-d53b5f548981,,447738508506,2026-02-05 04:16:03.000,REN,PKG_SERVICE_5_GB,1.99,GBP
2b2bbdf5-8314-4ec3-8e04-974ff8fad961,,447762012067,2026-02-05 04:42:51.000,REN,PKG_SERVICE_5_GB,1.99,GBP
8d483943-9b11-4fdb-84d1-454cc925972a,,447759543482,2026-02-05 05:11:09.000,REN,PKG_SERVICE_3_GB,2.99,GBP
3e139cdf-10f4-4385-90bb-24666ad715a2,,447752616582,2026-02-05 05:12:01.000,REN,PKG_SERVICE_5_GB,1.99,GBP
f50462ff-5ebc-4415-a749-b2a3a4272b6e,,447753379882,2026-02-05 06:03:04.000,REN,PKG_SERVICE_3_GB,2.99,GBP
ed9f6cce-0522-4bbe-bac4-9245e074e30a,,447703406267,2026-02-05 06:11:23.000,REN,PKG_SERVICE_4_GB,3.49,GBP
3b81ef36-cddf-4376-bd2b-79a37c98b0b2,,447704372705,2026-02-05 06:24:15.000,REN,PKG_SERVICE_5_GB,1.99,GBP
b1ab262f-2276-452b-9a7e-0adc45ec1f4c,,447717953701,2026-02-05 06:43:01.000,REN,PKG_SERVICE_3_GB,2.99,GBP
aaff288f-4d78-464f-97ae-6128ca616ec1,,447755537003,2026-02-05 06:51:31.000,REN,PKG_SERVICE_4_GB,3.49,GBP
295b1cad-f4ea-42eb-a3ba-960ba66d9098,,447792656784,2026-02-05 07:01:48.000,REN,PKG_SERVICE_3_GB,2.99,GBP
1a791c22-2a97-4648-8d87-77a121d66d6a,,447773081315,2026-02-05 07:35:57.000,REN,PKG_SERVICE_4_GB,3.49,GBP
76fe0b87-c2f9-48d5-a4ce-e990f1d363c4,,447743808684,2026-02-05 07:44:57.000,REN,PKG_SERVICE_5_GB,1.99,GBP
b6f0e6b5-d9fc-4a0a-9ccc-fbd4be874ba7,,447745601499,2026-02-05 07:56:54.000,REN,PKG_SERVICE_4_GB,3.49,GBP
40c87e24-58d3-447e-8148-2b2234b7b6a5,,447711132580,2026-02-05 07:57:00.000,REN,PKG_SERVICE_5_GB,1.99,GBP
609f32ab-b5b5-4190-9981-63e6a6a75304,,447722622570,2026-02-05 08:00:57.000,REN,PKG_SERVICE_5_GB,1.99,GBP
b616c0b8-6a3f-4d58-bdb1-1be9a422594e,,447780940943,2026-02-05 08:02:30.000,REN,PKG_SERVICE_3_GB,2.99,GBP
3ce30ad9-11a0-42cb-b369-41f941fb5e66,,447777005456,2026-02-05 09:14:46.000,REN,PKG_SERVICE_3_GB,2.99,GBP
0e497eb0-bab1-4aec-8d52-c17f16303d59,,447748008794,2026-02-05 09:24:31.000,REN,PKG_SERVICE_3_GB,2.99,GBP
1cd0e335-fd12-485f-aaab-5368d168b3de,,447724891480,2026-02-05 09:32:01.000,UNSUB,PKG_SERVICE_3_GB,0,GBP
e7194e42-22a1-4113-882e-45b8d49653d1,,447769479389,2026-02-05 09:32:09.000,REN,PKG_SERVICE_5_GB,1.99,GBP
d26a1173-97e6-40ca-80c5-25a0f1e34798,,447790001998,2026-02-05 09:38:51.000,REN,PKG_SERVICE_5_GB,1.99,GBP
3180dd73-3056-4cdf-a22d-3b40f985e169,,447708781915,2026-02-05 10:14:35.000,REN,PKG_SERVICE_5_GB,1.99,GBP
075683e7-66de-4e2c-964a-92fac3182686,,447753201789,2026-02-05 10:21:49.000,REN,PKG_SERVICE_5_GB,1.99,GBP
a1aed589-ea3b-48c3-9c8e-b2fde44de7bb,,447707603812,2026-02-05 11:09:55.000,REN,PKG_SERVICE_4_GB,3.49,GBP
dfc34b7f-6bb3-4218-90d6-49f64bea0b8c,,447772089727,2026-02-05 11:20:40.000,REN,PKG_SERVICE_4_GB,3.49,GBP
82ab6906-2c14-4174-a78d-72404e27d9c4,,447741335611,2026-02-05 11:46:08.000,REN,PKG_SERVICE_5_GB,1.99,GBP
bd9717b6-120b-43b0-be12-56ecd802be6f,,447766346709,2026-02-05 11:59:30.000,REN,PKG_SERVICE_3_GB,2.99,GBP
18593db8-03f4-4318-9b39-b331e0e44c51,,447773005516,2026-02-05 12:40:46.000,REN,PKG_SERVICE_3_GB,2.99,GBP
51765be7-d1e8-4e25-97b4-d9c4c67cdcf2,,447737034836,2026-02-05 12:41:29.000,REN,PKG_SERVICE_3_GB,2.99,GBP
bf57da69-4084-41d8-b075-66c08bb9621b,,447726962210,2026-02-05 12:53:06.000,REN,PKG_SERVICE_4_GB,3.49,GBP
8718be02-a69d-42f1-96cf-53a2718edbc1,,447796063168,2026-02-05 13:25:13.000,UNSUB,PKG_SERVICE_5_GB,0,GBP
bc48aff4-5c0c-4672-9a41-57c7ad702d41,,447743768865,2026-02-05 14:03:38.000,REN,PKG_SERVICE_4_GB,3.49,GBP
e16d467e-adb0-4399-9d9b-ba37ad1a0b06,,447741268329,2026-02-05 14:14:19.000,REN,PKG_SERVICE_3_GB,2.99,GBP
e5b5bf0f-58dc-408a-a31c-2de9f8b22bd9,,447776582515,2026-02-05 14:21:02.000,REN,PKG_SERVICE_5_GB,1.99,GBP
71aacfd7-440b-4d0d-abcb-9e57087660b6,,447722994633,2026-02-05 14:26:04.000,REN,PKG_SERVICE_5_GB,1.99,GBP
9e629e53-97f8-4a18-9752-50fd0f35146c,,447700119541,2026-02-05 15:02:27.000,REN,PKG_SERVICE_3_GB,2.99,GBP
80de2528-52a2-45fd-878b-2ec1c1b311a7,,447756772175,2026-02-05 15:10:22.000,REN,PKG_SERVICE_4_GB,3.49,GBP
c63b5541-f4c7-4524-97ea-3e40eb49feef,,447752964841,2026-02-05 15:15:28.000,REN,PKG_SERVICE_4_GB,3.49,GBP
4ee80b5e-f453-4ed6-901e-5dc26b9d97d9,,447763464834,2026-02-05 15:17:02.000,UNSUB,PKG_SERVICE_3_GB,0,GBP
5bea554e-cf63-451c-878f-1c0e39ee46ff,,447724987413,2026-02-05 15:18:43.000,REN,PKG_SERVICE_4_GB,3.49,GBP
c293b4c2-91aa-46c3-8ad3-257dcbc61ab7,,447743384486,2026-02-05 15:23:00.000,REN,PKG_SERVICE_3_GB,2.99,GBP
4ee6495a-e1a3-4c3f-a5ac-a7406f1435b3,,447795473004,2026-02-05 15:32:13.000,REN,PKG_SERVICE_4_GB,3.49,GBP
3c1b264d-780d-47dc-9d0b-516c49f126b4,,447797186707,2026-02-05 15:56:58.000,REN,PKG_SERVICE_4_GB,3.49,GBP
cc93a13d-5980-4968-99c3-f0632ff3608e,,447780584870,2026-02-05 16:05:32.000,UNSUB,PKG_SERVICE_3_GB,0,GBP
ad8feb0b-4f07-4157-a103-12de81a9d2ac,,447730847254,2026-02-05 16:23:44.000,REN,PKG_SERVICE_5_GB,1.99,GBP
624118c8-2a00-41c2-be8e-ece9778bfa2b,,447761925038,2026-02-05 16:38:06.000,UNSUB,PKG_SERVICE_5_GB,0,GBP
8efb2755-0605-4c42-ab08-fd28bea28063,,447732150705,2026-02-05 17:02:16.000,REN,PKG_SERVICE_5_GB,1.99,GBP
0dcada45-d33b-4cc6-a91b-b15e867cda53,,447793691767,2026-02-05 17:08:11.000,REN,PKG_SERVICE_3_GB,2.99,GBP
ded601b5-cffd-4147-8450-cda76763db88,,447719355463,2026-02-05 17:15:47.000,REN,PKG_SERVICE_4_GB,3.49,GBP
099a6fe5-f4b9-4afd-9c9b-c969639ad28b,,447761925038,2026-02-05 17:19:09.000,REN,PKG_SERVICE_5_GB,1.99,GBP
a5f5d004-3f1b-403c-8c23-84d88c27a756,,447746394080,2026-02-05 17:22:00.000,REN,PKG_SERVICE_4_GB,3.49,GBP
cfb96ed1-a3bc-4540-b01e-de8e14d6fffa,,447702831159,2026-02-05 18:05:30.000,UNSUB,PKG_SERVICE_3_GB,0,GBP
99374699-c5b9-42c3-bf4c-b1d354e8e8ef,,447765645353,2026-02-05 18:24:33.000,REN,PKG_SERVICE_4_GB,3.49,GBP
85c1d309-e56d-491b-9ffe-e4126f809f98,,447730313223,2026-02-05 18:47:17.000,REN,PKG_SERVICE_5_GB,1.99,GBP
3b2f42ba-a46a-4b6f-9ce7-05860e1a79b1,,447798550933,2026-02-05 18:49:17.000,UNSUB,PKG_SERVICE_4_GB,0,GBP
d51d13c9-8eca-4f21-aed5-b702696fb0fe,,447772517130,2026-02-05 19:07:01.000,REN,PKG_SERVICE_4_GB,3.49,GBP
8b2d09c1-28fd-4112-8a4e-6dc8c0f9995e,,447733982048,2026-02-05 19:38:57.000,UNSUB,PKG_SERVICE_3_GB,0,GBP
750c9f71-1da2-46b6-93cb-7ed78dd90174,,447747981370,2026-02-05 20:09:09.000,REN,PKG_SERVICE_5_GB,1.99,GBP
78b7b576-3ae9-45c2-8b0a-e336b4470b3e,,447710600314,2026-02-05 20:38:15.000,REN,PKG_SERVICE_4_GB,3.49,GBP
94a76098-f580-4ed6-924d-cff5d5e18bb2,,447799913578,2026-02-05 20:46:03.000,REN,PKG_SERVICE_5_GB,1.99,GBP
d3b7bab3-be49-43b3-9241-e0f32c9e0944,,447709520213,2026-02-05 20:54:52.000,REN,PKG_SERVICE_5_GB,1.99,GBP
4c684401-0b3e-4c78-b223-664d0183df97,,447751380436,2026-02-05 21:09:30.000,REN,PKG_SERVICE_4_GB,3.49,GBP
aa60e277-9a4d-40b8-93cf-006047f89d6c,,447796705274,2026-02-05 21:16:31.000,UNSUB,PKG_SERVICE_5_GB,0,GBP
9f6827da-85c9-4c9b-a29f-a11dedb9c669,,447719557927,2026-02-05 21:22:02.000,REN,PKG_SERVICE_4_GB,3.49,GBP
e6d39863-dc07-4016-97c1-c0af568c3a1b,,447759975994,2026-02-05 22:30:39.000,REN,PKG_SERVICE_3_GB,2.99,GBP
5cdaea81-c773-4159-888c-fad58c19ae2d,,447731965362,2026-02-05 22:44:37.000,REN,PKG_SERVICE_3_GB,2.99,GBP
e0ab8b63-af08-46f0-9f84-ac60daa9f224,,447740154684,2026-02-05 23:27:06.000,REN,PKG_SERVICE_5_GB,1.99,GBP
0f43b253-42a2-4179-ab96-ef36fde5fb67,,447751749943,2026-02-05 23:30:33.000,REN,PKG_SERVICE_4_GB,3.49,GBP
052f4200-cbbc-429f-b602-110e37b93ffd,,447780182853,2026-02-05 23:42:16.000,REN,PKG_SERVICE_3_GB,2.99,GBP
f79dbe9a-ccd3-4aba-bb61-c3afaf1610cb,,447736163966,2026-02-05 23:53:07.000,REN,PKG_SERVICE_5_GB,1.99,GBP
1a6d5757-28fa-4948-b309-5e947ea5b458,,447744926844,2026-02-06 00:16:41.000,REN,PKG_SERVICE_5_GB,1.99,GBP
d96fc5d4-0876-40d8-bbcf-9e894dfd7d02,,447789874525,2026-02-06 00:19:59.000,REN,PKG_SERVICE_5_GB,1.99,GBP
d123388a-0b9a-4cb2-a82c-2b58121418ec,,447755662575,2026-02-06 00:43:39.000,REN,PKG_SERVICE_4_GB,3.49,GBP
47a80ba4-0d48-4b58-9b5d-ae454ee88e23,,447704380619,2026-02-06 00:49:51.000,REN,PKG_SERVICE_4_GB,3.49,GBP
5cd8a8e7-d328-4110-8826-bc26f37df58f,,447711931660,2026-02-06 00:50:51.000,REN,PKG_SERVICE_5_GB,1.99,GBP
ddbdcead-e05b-400c-89da-f0260f734194,,447788046344,2026-02-06 00:59:16.000,REN,PKG_SERVICE_3_GB,2.99,GBP
fdbbd3c4-f4bd-4282-ad07-e3422372b76a,,447781906395,2026-02-06 01:51:20.000,REN,PKG_SERVICE_4_GB,3.49,GBP
4f13250b-58d6-4438-be9d-b6ab17532c38,,447721402848,2026-02-06 01:51:56.000,REN,PKG_SERVICE_3_GB,2.99,GBP
cda14564-da95-47cc-8809-71c36ede1fac,,447737833450,2026-02-06 02:04:18.000,REN,PKG_SERVICE_4_GB,3.49,GBP
cf876f2a-feb1-4f2d-a9bd-900d2e73078f,,447702377399,2026-02-06 02:17:04.000,REN,PKG_SERVICE_4_GB,3.49,GBP
75b39130-f2be-4593-8ff6-447b30b58f92,,447777572964,2026-02-06 02:33:26.000,REN,PKG_SERVICE_4_GB,3.49,GBP
faeefbb3-2ce3-4320-af2f-a3d561897046,,447794538305,2026-02-06 02:55:48.000,REN,PKG_SERVICE_4_GB,3.49,GBP
9c433a39-c10a-4231-909b-1149b791ce61,,447792603567,2026-02-06 03:07:24.000,REN,PKG_SERVICE_5_GB,1.99,GBP
bb1ba31e-ecff-487f-8c0a-bcdf33a6247c,,447747626986,2026-02-06 03:26:24.000,REN,PKG_SERVICE_5_GB,1.99,GBP
4f15b1bc-4cd9-4a2a-a77e-df124b77a428,,447768102816,2026-02-06 03:28:11.000,REN,PKG_SERVICE_5_GB,1.99,GBP
9bf3b709-023e-43fe-9a33-9283403bfdd8,,447796705274,2026-02-06 03:53:06.000,REN,PKG_SERVICE_5_GB,1.99,GBP
816f8dc3-4ac9-4bc0-9198-69a1a241392e,,447719279640,2026-02-06 04:17:12.000,REN,PKG_SERVICE_4_GB,3.49,GBP
86ba6e08-7fed-4de1-ad2e-a3dbfc9bb75e,,447764568678,2026-02-06 04:31:50.000,REN,PKG_SERVICE_3_GB,2.99,GBP
a3ef6609-0e50-49fe-b313-3ecede9b4434,,447796305078,2026-02-06 04:44:51.000,REN,PKG_SERVICE_5_GB,1.99,GBP
3f5ade2a-fc21-4ff1-b1f0-f39061b5d382,,447793610030,2026-02-06 05:08:02.000,REN,PKG_SERVICE_3_GB,2.99,GBP
7566fe8b-104f-40a9-b195-693c39a2b4a2,,447794497425,2026-02-06 05:45:30.000,REN,PKG_SERVICE_4_GB,3.49,GBP
2c97374c-d0ed-49ad-85d3-90dfa1cb0df0,,447740913229,2026-02-06 06:01:43.000,REN,PKG_SERVICE_3_GB,2.99,GBP
fffc547a-ede5-4167-b388-ac8e450c04dc,,447708623748,2026-02-06 06:08:37.000,REN,PKG_SERVICE_5_GB,1.99,GBP
24256bab-9497-475f-8330-03a002143298,,447797620232,2026-02-06 06:20:35.000,REN,PKG_SERVICE_4_GB,3.49,GBP
a67162a7-8277-4c21-bbc9-13db559cdf86,,447738739167,2026-02-06 07:00:10.000,REN,PKG_SERVICE_4_GB,3.49,GBP
ec5c22f9-ce3a-4fb7-bab9-7213054b3919,,447715344844,2026-02-06 07:03:44.000,REN,PKG_SERVICE_5_GB,1.99,GBP
41faffcc-f1fe-4608-8911-509b5be7ebb4,,447742311711,2026-02-06 07:09:48.000,UNSUB,PKG_SERVICE_5_GB,0,GBP
fd4f6554-9ba3-4391-b9bb-7fdeecc3df86,,447767279635,2026-02-06 07:12:14.000,REN,PKG_SERVICE_5_GB,1.99,GBP
d0b2f14e-1e26-4d73-a8b8-d7d4884d2a8e,,447796451733,2026-02-06 07:36:37.000,REN,PKG_SERVICE_5_GB,1.99,GBP
41a0dfcb-87e6-42d7-8343-15a2c1313373,,447722239067,2026-02-06 07:42:04.000,REN,PKG_SERVICE_3_GB,2.99,GBP
6aae158c-c4c4-433d-93d1-8f6582ab93c5,,447764578762,2026-02-06 07:43:52.000,REN,PKG_SERVICE_5_GB,1.99,GBP
9ba7b03b-581d-4be0-b97e-42d2d27f12b6,,447735541886,2026-02-06 07:44:34.000,REN,PKG_SERVICE_3_GB,2.99,GBP
8bdcc2f4-20cd-4884-9121-0a6c4af4ef30,,447736981505,2026-02-06 07:55:17.000,REN,PKG_SERVICE_3_GB,2.99,GBP
4bf0c8e8-6002-4a4f-8a60-e351ad7679aa,,447770608357,2026-02-06 07:56:51.000,REN,PKG_SERVICE_3_GB,2.99,GBP
c40e0180-8bc4-4b86-819b-696e034c43f0,,447737445821,2026-02-06 08:00:52.000,REN,PKG_SERVICE_4_GB,3.49,GBP
238a51cb-4739-4c89-b368-072ad81ba20e,,447700789557,2026-02-06 08:17:59.000,REN,PKG_SERVICE_3_GB,2.99,GBP
2540bc29-2c7e-49e1-9e08-acf3084e7795,,447778350617,2026-02-06 08:44:47.000,REN,PKG_SERVICE_5_GB,1.99,GBP
316ce47c-36f9-4066-8794-76064675a799,,447710443342,2026-02-06 09:00:34.000,REN,PKG_SERVICE_5_GB,1.99,GBP
613a1780-e740-415c-940f-2d2b2f6325b7,,447778985716,2026-02-06 09:47:57.000,REN,PKG_SERVICE_5_GB,1.99,GBP
db79a767-b6b6-4731-b3a2-d408e9206949,,447752805153,2026-02-06 09:49:35.000,REN,PKG_SERVICE_4_GB,3.49,GBP
23d1c170-dd66-4003-8437-3ae7c96e8c6e,,447704158041,2026-02-06 09:50:09.000,REN,PKG_SERVICE_3_GB,2.99,GBP
d576d2ad-bad4-4365-943b-65055f26199d,,447776268457,2026-02-06 10:17:56.000,REN,PKG_SERVICE_3_GB,2.99,GBP
ee2af77e-b354-4740-9053-a56f4bcb33e8,,447750398843,2026-02-06 10:28:46.000,REN,PKG_SERVICE_5_GB,1.99,GBP
9a960a5d-2f9a-4c45-aa4b-119e6f1ad4f2,,447713038097,2026-02-06 10:55:39.000,REN,PKG_SERVICE_3_GB,2.99,GBP
d639892a-3cd5-48d8-8be8-beb720d58b36,,447746734234,2026-02-06 11:10:30.000,REN,PKG_SERVICE_4_GB,3.49,GBP
c0fdb7f8-8488-4eba-b411-88bc5ca41fd0,,447737114487,2026-02-06 11:23:03.000,REN,PKG_SERVICE_4_GB,3.49,GBP
c6ccd450-bc32-45b2-972e-43007351622e,,447790905466,2026-02-06 11:48:28.000,REN,PKG_SERVICE_5_GB,1.99,GBP
4c2bc99e-6565-4d5f-a852-8fc53cfbbc70,,447775209178,2026-02-06 12:11:45.000,REN,PKG_SERVICE_3_GB,2.99,GBP
3f871863-9367-4efb-bcfc-a1e07985f2b5,,447750614535,2026-02-06 12:16:01.000,REN,PKG_SERVICE_3_GB,2.99,GBP
06753123-43b7-4920-86c0-011c68c11142,,447753029666,2026-02-06 12:23:58.000,UNSUB,PKG_SERVICE_4_GB,0,GBP
29b95550-249e-4e74-a523-13802042efc8,,447729230007,2026-02-06 13:05:24.000,REN,PKG_SERVICE_3_GB,2.99,GBP
d308d2ee-4748-48a0-965f-54b7dafdaa22,,447778746990,2026-02-06 13:10:06.000,REN,PKG_SERVICE_3_GB,2.99,GBP
7b4bca4c-44c9-4000-850e-e41aade2cf9a,,447741013767,2026-02-06 13:12:58.000,REN,PKG_SERVICE_5_GB,1.99,GBP
a7f580ed-f079-4f77-ae76-467115e3c9a1,,447733347998,2026-02-06 13:26:35.000,REN,PKG_SERVICE_3_GB,2.99,GBP
63863c51-7582-4e57-818f-6c82b1b7741b,,447723654859,2026-02-06 14:25:31.000,REN,PKG_SERVICE_3_GB,2.99,GBP
717760c8-b3b4-49cf-8306-b81f7660dd6d,,447742511066,2026-02-06 14:29:46.000,REN,PKG_SERVICE_5_GB,1.99,GBP
19dde7ca-18d3-43fe-97d0-70b86439b1c8,,447755508428,2026-02-06 14:48:52.000,REN,PKG_SERVICE_4_GB,3.49,GBP
b1b907dc-a4b9-4394-b575-57733046952b,,447730059423,2026-02-06 15:20:36.000,UNSUB,PKG_SERVICE_4_GB,0,GBP
7296fbd0-5602-46aa-8f3d-1338256dfba6,,447714174778,2026-02-06 15:37:14.000,REN,PKG_SERVICE_5_GB,1.99,GBP
9bb037df-f31c-4d2b-8afa-4ea7aff6ea27,,447772318023,2026-02-06 15:40:39.000,REN,PKG_SERVICE_5_GB,1.99,GBP
024b8ffe-42a4-4934-aa59-f5edad5990b1,,447784193033,2026-02-06 15:52:04.000,UNSUB,PKG_SERVICE_5_GB,0,GBP
829a8ea6-d524-4fba-9af8-16ca3dd7c800,,447763464834,2026-02-06 16:18:34.000,REN,PKG_SERVICE_3_GB,2.99,GBP
c8c86b8d-178a-4455-941e-f784edb472bc,,447767781378,2026-02-06 16:44:15.000,REN,PKG_SERVICE_4_GB,3.49,GBP
9f6b2ff3-4e93-4a34-85a2-0670ad0312fc,,447795267733,2026-02-06 16:48:56.000,REN,PKG_SERVICE_4_GB,3.49,GBP
d8ef264f-ccbf-4374-a589-f79e3e29028c,,447739540169,2026-02-06 16:57:05.000,REN,PKG_SERVICE_4_GB,3.49,GBP
2e6290ce-0f4f-4b7c-814f-7b8d1fbf1b83,,447761485721,2026-02-06 17:17:54.000,REN,PKG_SERVICE_5_GB,1.99,GBP
f10536ad-85f2-4806-8151-8fe3c94c04ed,,447783532006,2026-02-06 17:29:40.000,REN,PKG_SERVICE_5_GB,1.99,GBP
c85ae8bf-afe7-46a7-b8dc-5ec79f66a9fe,,447729248539,2026-02-06 17:32:14.000,REN,PKG_SERVICE_3_GB,2.99,GBP
edf9bf8a-9052-4f8f-925d-6a4dbc16184f,,447734384897,2026-02-06 18:01:13.000,REN,PKG_SERVICE_5_GB,1.99,GBP
715d6848-5a94-4f8a-809a-9fb900e79271,,447703406267,2026-02-06 18:08:55.000,UNSUB,PKG_SERVICE_4_GB,0,GBP
07d6c30b-6421-4dad-965f-dbc34e8a7e6d,,447769955480,2026-02-06 18:20:53.000,REN,PKG_SERVICE_3_GB,2.99,GBP
a7770883-e9a3-448f-8f77-becc9fca5164,,447779260148,2026-02-06 18:35:46.000,REN,PKG_SERVICE_3_GB,2.99,GBP
1f79e616-7438-461f-ab89-a08fd09057b9,,447759834448,2026-02-06 19:06:01.000,REN,PKG_SERVICE_4_GB,3.49,GBP
da4d41ed-594c-455d-8e66-c3b4f2f2163c,,447788433793,2026-02-06 19:12:45.000,REN,PKG_SERVICE_3_GB,2.99,GBP
ccbfc0f1-cdfb-4766-b143-b6ccc8ead52e,,447768983526,2026-02-06 19:16:07.000,REN,PKG_SERVICE_3_GB,2.99,GBP
28672fa1-0163-43dc-a3dd-3932a6ec3be2,,447722200740,2026-02-06 19:38:39.000,REN,PKG_SERVICE_5_GB,1.99,GBP
9c69748b-a12d-4bb8-80a6-6db0fc543d6d,,447729798819,2026-02-06 19:39:31.000,REN,PKG_SERVICE_3_GB,2.99,GBP
9cc02fd9-bc19-4665-b1b5-72df7e7db676,,447750961074,2026-02-06 21:15:13.000,REN,PKG_SERVICE_5_GB,1.99,GBP
3b95a76b-efa9-4c28-aaf4-88b1e12d06b5,,447705428056,2026-02-06 21:22:08.000,REN,PKG_SERVICE_4_GB,3.49,GBP
29db2238-6936-497a-9b94-770a00f483d4,,447719883543,2026-02-06 21:22:23.000,REN,PKG_SERVICE_5_GB,1.99,GBP
3de8ee45-6c6f-4aa0-adb2-a3af3bc7c0ba,,447760342691,2026-02-06 21:28:44.000,REN,PKG_SERVICE_4_GB,3.49,GBP
0b2169ee-c731-474a-9db6-d577ebd95c76,,447757128927,2026-02-06 21:59:24.000,REN,PKG_SERVICE_3_GB,2.99,GBP
5ab499ec-2cd2-4b7a-97ae-ea0ca58a1f0f,,447711627025,2026-02-06 22:45:07.000,REN,PKG_SERVICE_5_GB,1.99,GBP
bc5b517b-87d7-4381-824d-6743c71e20c4,,447722152203,2026-02-06 22:51:54.000,REN,PKG_SERVICE_3_GB,2.99,GBP
1110543a-14df-41e1-827e-f7871954a274,,447713276858,2026-02-06 22:52:07.000,REN,PKG_SERVICE_5_GB,1.99,GBP
c1c2005d-2465-41ca-8b50-e1594f28bd2d,,447718016734,2026-02-06 22:57:05.000,REN,PKG_SERVICE_4_GB,3.49,GBP
88680ba1-d9fd-4db8-9a39-452db122b14d,,447759269419,2026-02-06 23:07:14.000,REN,PKG_SERVICE_4_GB,3.49,GBP
9c3dcc4c-1925-4b14-a749-51fe49ccda1c,,447742537935,2026-02-06 23:16:48.000,REN,PKG_SERVICE_4_GB,3.49,GBP
a9decef9-351b-4e1a-8b90-0634b26bccf5,,447740182718,2026-02-06 23:21:31.000,REN,PKG_SERVICE_3_GB,2.99,GBP
e69e2394-4cb9-4c7b-b6b0-f5a8b52f6c32,,447745968050,2026-02-06 23:37:04.000,REN,PKG_SERVICE_3_GB,2.99,GBP
15d6060f-0b44-428e-bcb2-0a7b8f072f3c,,447768152161,2026-02-07 00:08:01.000,REN,PKG_SERVICE_4_GB,3.49,GBP
4c28cec8-4edc-4275-86fb-87666bb656d9,,447775622613,2026-02-07 00:21:31.000,REN,PKG_SERVICE_5_GB,1.99,GBP
73c55c55-83a4-46fe-b46a-4ce9f13ce1ac,,447737004114,2026-02-07 00:44:03.000,REN,PKG_SERVICE_5_GB,1.99,GBP
fd519150-c5cc-49ac-a1ab-8f635e9b23f3,,447700978095,2026-02-07 00:47:14.000,REN,PKG_SERVICE_3_GB,2.99,GBP
92517198-1490-4f33-b055-dfacb0742f98,,447728625435,2026-02-07 00:56:15.000,REN,PKG_SERVICE_3_GB,2.99,GBP
baa676c4-6c3c-45d2-b611-84a6db563495,,447732764445,2026-02-07 01:05:24.000,REN,PKG_SERVICE_3_GB,2.99,GBP
98f8c66f-1310-4571-a2fc-d7b74e776114,,447774855794,2026-02-07 01:08:31.000,REN,PKG_SERVICE_5_GB,1.99,GBP
e9c5e066-d20f-482e-8ab6-d1a0925c2676,,447751958297,2026-02-07 01:23:57.000,REN,PKG_SERVICE_3_GB,2.99,GBP
4c4f445a-8e55-4fa8-a086-3c54e31bc7b9,,447709108928,2026-02-07 01:45:51.000,REN,PKG_SERVICE_4_GB,3.49,GBP
5bf2c8d7-69b9-4d19-9bcb-3eda96a2e246,,447795012576,2026-02-07 01:54:27.000,REN,PKG_SERVICE_5_GB,1.99,GBP
40a5ab10-3b23-453c-85fd-c0098651147c,,447782471304,2026-02-07 02:07:30.000,REN,PKG_SERVICE_3_GB,2.99,GBP
dbd545b5-640f-44d5-bbb9-e76621d39d54,,447754683921,2026-02-07 03:02:19.000,REN,PKG_SERVICE_4_GB,3.49,GBP
66c23519-0db3-498d-b3a9-aa566ffa47bf,,447702377399,2026-02-07 03:16:00.000,UNSUB,PKG_SERVICE_4_GB,0,GBP
c9866f45-7abe-46f7-8f36-25c93c11aa80,,447726902364,2026-02-07 03:50:55.000,REN,PKG_SERVICE_5_GB,1.99,GBP
dfc36b67-5aab-464e-b9c5-0ee4257a8d12,,447720839788,2026-02-07 03:56:31.000,REN,PKG_SERVICE_4_GB,3.49,GBP
4ae7d094-722d-4748-86e9-37bce6159d13,,447788827989,2026-02-07 04:09:50.000,REN,PKG_SERVICE_4_GB,3.49,GBP
113cd5e3-5080-41bf-b7ec-e2b604531d41,,447728964818,2026-02-07 04:39:42.000,REN,PKG_SERVICE_4_GB,3.49,GBP
1e8e220e-f6e7-4e54-8425-72431b04b65c,,447789000618,2026-02-07 04:45:50.000,REN,PKG_SERVICE_4_GB,3.49,GBP
2de70c38-c27b-48ac-8613-e5b937fd3264,,447789167928,2026-02-07 05:27:29.000,REN,PKG_SERVICE_4_GB,3.49,GBP
e993d35d-3a2c-4139-be2a-bf0485970857,,447718709408,2026-02-07 06:13:53.000,REN,PKG_SERVICE_4_GB,3.49,GBP
4465c6c9-35b3-43aa-b3c3-fef33372f7af,,447712577966,2026-02-07 06:19:41.000,REN,PKG_SERVICE_5_GB,1.99,GBP
32204f4b-fb57-414c-bba2-49d512ad9f69,,447749102212,2026-02-07 06:23:19.000,REN,PKG_SERVICE_3_GB,2.99,GBP
5d5ecb47-031f-4ffb-9236-099f39c30044,,447732386898,2026-02-07 06:50:10.000,REN,PKG_SERVICE_3_GB,2.99,GBP
3073f93e-6a80-4865-b4e0-1507fb4a5bdc,,447711097137,2026-02-07 06:55:14.000,REN,PKG_SERVICE_3_GB,2.99,GBP
96eedcf8-cda0-4a1c-9cab-2702d181eb13,,447738732723,2026-02-07 08:07:57.000,REN,PKG_SERVICE_4_GB,3.49,GBP
7fbf7af5-eed4-4cec-ae4e-68c40195c847,,447737533287,2026-02-07 08:19:32.000,REN,PKG_SERVICE_4_GB,3.49,GBP
47491bfa-e34f-4fa2-a008-68c0a4e03a72,,447799113267,2026-02-07 08:40:47.000,REN,PKG_SERVICE_4_GB,3.49,GBP
026ba1b3-e563-4d88-9cde-06174a9dbd46,,447708660474,2026-02-07 08:46:42.000,REN,PKG_SERVICE_5_GB,1.99,GBP
cdc0ace1-8e89-4b5c-8f7c-b0a61cf20466,,447738739167,2026-02-07 09:16:59.000,UNSUB,PKG_SERVICE_4_GB,0,GBP
c8e18565-3d7a-4f5c-97d5-96e9ae8d89cf,,447729404895,2026-02-07 09:39:26.000,REN,PKG_SERVICE_4_GB,3.49,GBP
2e7276cd-ca18-48cc-82d7-bba4e251dba7,,447730847254,2026-02-07 09:49:19.000,UNSUB,PKG_SERVICE_5_GB,0,GBP
306ad488-6a07-4f44-8531-7c8fdbcc87ff,,447790162183,2026-02-07 10:35:24.000,REN,PKG_SERVICE_3_GB,2.99,GBP
79ec99b7-0500-4f22-8863-10190eaa816e,,447705918491,2026-02-07 10:53:48.000,REN,PKG_SERVICE_3_GB,2.99,GBP
93058ce8-b74c-447d-a046-88303ae37cf7,,447798253306,2026-02-07 11:06:59.000,REN,PKG_SERVICE_5_GB,1.99,GBP
1468bb18-324c-42bd-bb2d-41c24b3cd7d4,,447738153547,2026-02-07 12:18:14.000,REN,PKG_SERVICE_4_GB,3.49,GBP
f92d499b-fa63-42fe-9bcf-051927f6a47b,,447760083821,2026-02-07 12:26:42.000,REN,PKG_SERVICE_4_GB,3.49,GBP
f4eee6c6-b738-4f90-b728-abfe18db5a1f,,447761255892,2026-02-07 13:25:56.000,REN,PKG_SERVICE_4_GB,3.49,GBP
22529971-8178-434e-a132-41c5d6df8883,,447739155276,2026-02-07 13:48:07.000,REN,PKG_SERVICE_3_GB,2.99,GBP
e6edf2dd-2b82-4dd8-8784-a17312928b1b,,447724838631,2026-02-07 13:49:14.000,REN,PKG_SERVICE_3_GB,2.99,GBP
2bf23f8c-44dd-4cfe-b5da-e7b5dc26d84f,,447790905466,2026-02-07 14:27:02.000,UNSUB,PKG_SERVICE_5_GB,0,GBP
965d3a0c-3eca-4835-8794-268e304922fa,,447745943211,2026-02-07 14:28:16.000,REN,PKG_SERVICE_5_GB,1.99,GBP
17c0d5a7-d485-4a8a-b858-877769ce2a86,,447778170831,2026-02-07 14:30:21.000,UNSUB,PKG_SERVICE_4_GB,0,GBP
bbe9f95d-36a1-41a3-aa2c-9ab3cacf0a3d,,447718997744,2026-02-07 14:46:07.000,REN,PKG_SERVICE_5_GB,1.99,GBP
fb738e3c-ebef-45cc-9154-db62819f4399,,447769014089,2026-02-07 14:50:25.000,REN,PKG_SERVICE_4_GB,3.49,GBP
8a06b80e-97f8-467a-b6b7-5d34395aff2a,,447766070241,2026-02-07 15:18:45.000,REN,PKG_SERVICE_3_GB,2.99,GBP
c0d054c0-44d1-4734-9e19-80337ce612d0,,447727018954,2026-02-07 15:24:48.000,REN,PKG_SERVICE_4_GB,3.49,GBP
13f747a0-44fe-4289-a2ac-f8c29aa5eb56,,447739212411,2026-02-07 15:37:18.000,REN,PKG_SERVICE_3_GB,2.99,GBP
8008696f-75be-4b82-bcfc-2612e972ff47,,447745253814,2026-02-07 15:55:57.000,REN,PKG_SERVICE_5_GB,1.99,GBP
c3eeba69-1a90-4b82-a12a-9132b4a2a310,,447748259122,2026-02-07 16:16:32.000,REN,PKG_SERVICE_3_GB,2.99,GBP
a8f337c3-b7d8-4df5-be9e-01e7e76dcd9d,,447747358541,2026-02-07 16:22:25.000,REN,PKG_SERVICE_5_GB,1.99,GBP
e92b8246-2a2e-412d-8466-4f5c78429632,,447774219885,2026-02-07 16:49:41.000,REN,PKG_SERVICE_3_GB,2.99,GBP
ca8aa244-86d1-449b-a726-b259bc8cb314,,447791054393,2026-02-07 16:49:43.000,REN,PKG_SERVICE_4_GB,3.49,GBP
44345e42-c69d-4b3a-b575-0b6e74a00a9c,,447751089121,2026-02-07 16:56:26.000,REN,PKG_SERVICE_4_GB,3.49,GBP
db9c4b0f-6ef9-4502-b9f4-a3752f14f207,,447793641873,2026-02-07 17:09:14.000,REN,PKG_SERVICE_3_GB,2.99,GBP
d9c661c7-316d-4733-8e24-2cea180702a1,,447771321159,2026-02-07 17:28:36.000,REN,PKG_SERVICE_3_GB,2.99,GBP
6ab95eb8-6c07-4150-96f5-8e4b6f763c87,,447724743104,2026-02-07 17:42:50.000,REN,PKG_SERVICE_3_GB,2.99,GBP
1bab0b82-3ccc-4078-afd2-c7fcec036213,,447710793004,2026-02-07 17:54:38.000,REN,PKG_SERVICE_4_GB,3.49,GBP
b004d7a4-3a53-4bc3-962a-5d3ec7c89de6,,447752581602,2026-02-07 17:57:52.000,REN,PKG_SERVICE_3_GB,2.99,GBP
ffaa1377-6087-455e-9dbd-4212ac2eaa8b,,447710202701,2026-02-07 18:36:06.000,REN,PKG_SERVICE_5_GB,1.99,GBP
843f683c-ba6a-418d-91ea-0ba4e6a880f9,,447746608760,2026-02-07 18:55:07.000,REN,PKG_SERVICE_4_GB,3.49,GBP
09c51f56-a4b5-41e2-98c8-94482cbc0392,,447762253751,2026-02-07 19:09:16.000,REN,PKG_SERVICE_3_GB,2.99,GBP
5de71ba2-739e-4176-9e66-03d83ed7c624,,447721627853,2026-02-07 19:17:33.000,REN,PKG_SERVICE_4_GB,3.49,GBP
06426af5-9ad9-4b92-9afb-fe8d62a37a20,,447702940134,2026-02-07 19:34:06.000,REN,PKG_SERVICE_4_GB,3.49,GBP
37402ca2-f89f-4c8e-92d8-a68323c27353,,447780822842,2026-02-07 20:02:30.000,REN,PKG_SERVICE_5_GB,1.99,GBP
c9bbac4a-2edd-47b8-ad14-af9afe57f01f,,447708821320,2026-02-07 20:21:26.000,REN,PKG_SERVICE_3_GB,2.99,GBP
3fd60812-7441-46a1-a339-33a36d4e2601,,447756706417,2026-02-07 20:34:57.000,REN,PKG_SERVICE_4_GB,3.49,GBP
2fda7ddf-8597-4af0-a46f-4fa63d65e466,,447769682068,2026-02-07 20:53:12.000,REN,PKG_SERVICE_5_GB,1.99,GBP
100574cb-9314-423d-bfbc-9e6fd545d12b,,447706890315,2026-02-07 21:01:34.000,REN,PKG_SERVICE_5_GB,1.99,GBP
7b88f404-2a46-4015-b7bb-405ca85c34d0,,447730741099,2026-02-07 21:24:56.000,REN,PKG_SERVICE_4_GB,3.49,GBP
737b09e8-62fb-40fa-878a-1d5b4e52201d,,447728468015,2026-02-07 21:34:48.000,REN,PKG_SERVICE_4_GB,3.49,GBP
83bb4142-2244-4845-a985-a449155724ef,,447796063168,2026-02-07 21:40:25.000,REN,PKG_SERVICE_5_GB,1.99,GBP
db2e306e-af73-4e7e-9423-437cc7b6b444,,447721233421,2026-02-07 22:00:04.000,REN,PKG_SERVICE_3_GB,2.99,GBP
7fed6c07-75b9-4ddb-a7e1-e8fcb158ba6e,,447702446192,2026-02-07 22:10:47.000,REN,PKG_SERVICE_3_GB,2.99,GBP
3784dd0f-b75e-497a-b018-98bcf32393b6,,447757154551,2026-02-07 22:19:07.000,REN,PKG_SERVICE_3_GB,2.99,GBP
e26d1a4d-ec7c-4efa-b33a-31f9cd9656e6,,447749472893,2026-02-07 22:25:29.000,REN,PKG_SERVICE_3_GB,2.99,GBP
b78a4abe-772b-42ac-b1e7-724fa5403136,,447729279904,2026-02-07 22:43:10.000,REN,PKG_SERVICE_4_GB,3.49,GBP
7b4816e8-6b94-4a93-b46d-6308baea91da,,447761060629,2026-02-07 23:30:44.000,REN,PKG_SERVICE_5_GB,1.99,GBP
ce085a15-9b45-432c-bae5-fb427b438351,,447751386002,2026-02-07 23:54:32.000,REN,PKG_SERVICE_3_GB,2.99,GBP
7838b05e-112e-491c-abe7-e8f293d07527,,447732355231,2026-02-08 00:39:22.000,REN,PKG_SERVICE_4_GB,3.49,GBP
334d76c4-5c67-46a3-8fb9-99b4949e90b0,,447795126075,2026-02-08 00:47:37.000,REN,PKG_SERVICE_5_GB,1.99,GBP
34255315-f263-441c-bc02-30e8b3437e0c,,447727913923,2026-02-08 00:54:55.000,REN,PKG_SERVICE_5_GB,1.99,GBP
afeaa71b-4690-4771-b62b-c8d4279a1892,,447784482398,2026-02-08 01:01:49.000,REN,PKG_SERVICE_3_GB,2.99,GBP
eddd03fd-79b2-4eeb-bdee-afdc86503a0a,,447763436403,2026-02-08 01:19:18.000,REN,PKG_SERVICE_3_GB,2.99,GBP
9e141ef0-24de-4098-be66-53da2ad6dec0,,447774669791,2026-02-08 01:21:06.000,REN,PKG_SERVICE_4_GB,3.49,GBP
2f1c4685-7111-4a11-b5e2-ee98968976b0,,447775247394,2026-02-08 01:37:00.000,REN,PKG_SERVICE_4_GB,3.49,GBP
66f999f4-5bdc-41dc-bf77-71513a09b400,,447703829592,2026-02-08 01:37:03.000,REN,PKG_SERVICE_4_GB,3.49,GBP
1a341330-6f0f-4348-8ecf-8e3b32e70cd0,,447752616582,2026-02-08 02:21:27.000,UNSUB,PKG_SERVICE_5_GB,0,GBP
bd0d0470-6a4c-4121-a9f2-f6c52ddb29e3,,447782821658,2026-02-08 02:40:33.000,REN,PKG_SERVICE_4_GB,3.49,GBP
b83a73b0-f097-4d35-a6a1-f91c46a34861,,447786579527,2026-02-08 02:40:50.000,REN,PKG_SERVICE_5_GB,1.99,GBP
83fa9cfc-f77b-471b-af54-650e6d834334,,447771468290,2026-02-08 02:51:49.000,REN,PKG_SERVICE_5_GB,1.99,GBP
8135389b-9b4f-4f30-9d3c-23f8fc343e5d,,447751891599,2026-02-08 03:17:06.000,REN,PKG_SERVICE_3_GB,2.99,GBP
420b9658-7334-4aa9-9efa-14d8fad903f9,,447783034235,2026-02-08 04:01:41.000,REN,PKG_SERVICE_5_GB,1.99,GBP
7e6bad2c-9575-47af-9c88-2f15889ea176,,447722260792,2026-02-08 04:08:34.000,REN,PKG_SERVICE_5_GB,1.99,GBP
7bf3eb96-5594-450e-bf4c-cc57a3e6974c,,447774312945,2026-02-08 04:58:17.000,REN,PKG_SERVICE_3_GB,2.99,GBP
864b82ef-5005-4d64-9806-88534e74b91d,,447771202202,2026-02-08 05:42:50.000,REN,PKG_SERVICE_3_GB,2.99,GBP
badc3aa1-8dc0-49f4-bbe8-0aa82aee6e5e,,447793271579,2026-02-08 06:05:40.000,REN,PKG_SERVICE_5_GB,1.99,GBP
c509dd59-1af7-404c-b160-8082526b8d1c,,447713002644,2026-02-08 07:03:15.000,REN,PKG_SERVICE_3_GB,2.99,GBP
82478482-9201-4718-a921-e54ce4af225a,,447729593685,2026-02-08 07:42:45.000,REN,PKG_SERVICE_3_GB,2.99,GBP
308cef6d-19f4-47d8-9c05-e39a451b5a16,,447765497987,2026-02-08 07:48:10.000,REN,PKG_SERVICE_4_GB,3.49,GBP
5883d774-d711-44df-a6a0-e197b1032dbc,,447776646143,2026-02-08 09:24:42.000,REN,PKG_SERVICE_3_GB,2.99,GBP
2a7d3521-59a9-44cf-9a47-61adf34e66fb,,447767907996,2026-02-08 09:49:35.000,REN,PKG_SERVICE_5_GB,1.99,GBP
fb19e610-7734-4e34-97ff-997815fcea5e,,447792209836,2026-02-08 09:51:42.000,REN,PKG_SERVICE_4_GB,3.49,GBP
d7220bd5-d5ee-4f3b-aa66-7b2cba229034,,447764620428,2026-02-08 10:02:12.000,REN,PKG_SERVICE_3_GB,2.99,GBP
f618b829-882b-42e3-9d1e-d8d2b493317f,,447767051583,2026-02-08 10:26:26.000,REN,PKG_SERVICE_5_GB,1.99,GBP
5c138331-f57e-4e61-83a3-8ee81fe5ecaf,,447721337761,2026-02-08 11:18:04.000,REN,PKG_SERVICE_5_GB,1.99,GBP
0d72cf76-e987-46d5-890f-cc32c61f5a19,,447731569607,2026-02-08 11:35:59.000,REN,PKG_SERVICE_3_GB,2.99,GBP
313e411a-d566-45c8-90b4-0fe546667a9e,,447738585210,2026-02-08 13:34:15.000,REN,PKG_SERVICE_4_GB,3.49,GBP
bf3220e2-8a6a-455f-a418-c8ed75959757,,447720551138,2026-02-08 14:31:08.000,REN,PKG_SERVICE_5_GB,1.99,GBP
365c3aa2-ed28-4538-ade1-fd1940978684,,447776620217,2026-02-08 14:43:31.000,REN,PKG_SERVICE_4_GB,3.49,GBP
68d2770a-b417-43e4-9fcc-f74568e2f5a1,,447752095363,2026-02-08 14:44:57.000,REN,PKG_SERVICE_4_GB,3.49,GBP
51f72a03-3676-427a-a078-94c62bc9c000,,447797145526,2026-02-08 15:01:27.000,REN,PKG_SERVICE_3_GB,2.99,GBP
35161633-0e1a-41ba-9f93-fb0ac5db29c5,,447796243751,2026-02-08 15:02:48.000,UNSUB,PKG_SERVICE_4_GB,0,GBP
3697ea72-a925-4f0b-8c81-54727b2bf48d,,447751116052,2026-02-08 15:50:37.000,REN,PKG_SERVICE_4_GB,3.49,GBP
be01956d-65d4-4127-ad75-d25a66209eae,,447774669791,2026-02-08 16:40:20.000,UNSUB,PKG_SERVICE_4_GB,0,GBP
94e0c38f-959a-4ef6-8efb-6a49b931eb62,,447793449249,2026-02-08 17:24:53.000,REN,PKG_SERVICE_5_GB,1.99,GBP
ef6df566-fd20-440d-b901-e9be54fce77a,,447738268098,2026-02-08 17:47:17.000,REN,PKG_SERVICE_5_GB,1.99,GBP
dc297044-b57f-40f9-bcc9-871d94151082,,447780584870,2026-02-08 18:20:48.000,REN,PKG_SERVICE_3_GB,2.99,GBP
95280254-cfb3-43f9-8997-652cded3510a,,447700625362,2026-02-08 18:52:17.000,REN,PKG_SERVICE_3_GB,2.99,GBP
07abe8e9-ff0f-4a54-8e57-ce47abf013d2,,447790691570,2026-02-08 19:05:07.000,REN,PKG_SERVICE_5_GB,1.99,GBP
668d1748-aaa2-428c-a6bd-8f9df8a9e107,,447767415119,2026-02-08 19:29:37.000,REN,PKG_SERVICE_4_GB,3.49,GBP
77548539-0155-4227-87b1-d2d010eb475f,,447700851951,2026-02-08 20:17:06.000,REN,PKG_SERVICE_4_GB,3.49,GBP
67542fb7-e7fd-4374-a697-8d27294fd15c,,447715386858,2026-02-08 20:51:22.000,UNSUB,PKG_SERVICE_3_GB,0,GBP
3290ed6f-99cf-481d-82fc-7beea8131582,,447713753960,2026-02-08 20:59:42.000,REN,PKG_SERVICE_4_GB,3.49,GBP
5b6a0e77-abca-4712-b006-caccbc0dc40c,,447702487052,2026-02-08 21:30:54.000,REN,PKG_SERVICE_4_GB,3.49,GBP
67251020-78da-417f-99b7-a01f4dfcc38f,,447710159556,2026-02-08 21:54:34.000,REN,PKG_SERVICE_4_GB,3.49,GBP
f4ee1dd0-f441-4d29-bfff-4d785f96b12a,,447738868496,2026-02-08 21:59:57.000,REN,PKG_SERVICE_4_GB,3.49,GBP
0dd7e8ba-468b-4190-8ec5-8b9cc354d6e8,,447732624940,2026-02-08 22:53:45.000,REN,PKG_SERVICE_5_GB,1.99,GBP
9f06c9f6-546c-4210-8bad-16769b84dad5,,447755181235,2026-02-08 23:19:45.000,REN,PKG_SERVICE_4_GB,3.49,GBP
8486e025-f47b-414f-b7b9-0232f429ba98,,447750969693,2026-02-08 23:19:50.000,REN,PKG_SERVICE_5_GB,1.99,GBP
f956ad61-ee13-41f8-9922-b3b7f8c3cbb2,,447734471618,2026-02-08 23:37:14.000,UNSUB,PKG_SERVICE_3_GB,0,GBP
b27d829a-a5ac-4bd9-b933-d03892d5a4e7,,447788502598,2026-02-09 02:37:15.000,REN,PKG_SERVICE_4_GB,3.49,GBP
9b735933-6ba2-4239-99de-8a0cb1f120c9,,447795536929,2026-02-09 03:15:26.000,REN,PKG_SERVICE_3_GB,2.99,GBP
e19d44c6-07f9-4141-bd01-c58b98efc322,,447712876292,2026-02-09 03:28:44.000,REN,PKG_SERVICE_4_GB,3.49,GBP
195244d2-20ad-40e2-9b21-599ee176b0c8,,447711506268,2026-02-09 03:59:12.000,REN,PKG_SERVICE_5_GB,1.99,GBP
e50b3c20-2b06-4dfe-81d9-1d6e328f4912,,447745293048,2026-02-09 04:27:07.000,REN,PKG_SERVICE_3_GB,2.99,GBP
895535d0-ed42-41c4-b482-e3d9e8532c61,,447727095431,2026-02-09 04:47:27.000,REN,PKG_SERVICE_4_GB,3.49,GBP
db8d6cfb-51b5-4cb9-92d9-60c5716b1773,,447729072784,2026-02-09 06:56:06.000,REN,PKG_SERVICE_4_GB,3.49,GBP
7f1d8229-fd3f-4754-bb2b-9cba8ae56211,,447774932404,2026-02-09 06:56:57.000,REN,PKG_SERVICE_4_GB,3.49,GBP
d6325412-32bc-4210-96d9-d298178353e0,,447724218451,2026-02-09 07:49:11.000,REN,PKG_SERVICE_3_GB,2.99,GBP
02b7615f-1ad3-4be3-9d07-9c0e3c228dfb,,447742052448,2026-02-09 08:00:34.000,REN,PKG_SERVICE_3_GB,2.99,GBP
531ede84-dc47-4ed4-9f1e-0d3819c3c646,,447743165961,2026-02-09 08:02:27.000,REN,PKG_SERVICE_4_GB,3.49,GBP
b53df3e7-a8d4-496e-9dd2-52f428deb13d,,447784605497,2026-02-09 08:29:01.000,REN,PKG_SERVICE_4_GB,3.49,GBP
d4a72581-3675-4f75-bd70-fba5c4625c10,,447764799493,2026-02-09 08:35:50.000,REN,PKG_SERVICE_3_GB,2.99,GBP
d79d6fbc-beed-4ce7-b3d9-93eb7b9e7725,,447785693701,2026-02-09 08:45:59.000,REN,PKG_SERVICE_4_GB,3.49,GBP
c2497595-aa06-4ae5-a0db-0cc736f0ec40,,447742561127,2026-02-09 08:56:42.000,REN,PKG_SERVICE_4_GB,3.49,GBP
04dbae38-c4f7-4240-92b1-bd850812d8a8,,447749853070,2026-02-09 08:57:14.000,REN,PKG_SERVICE_4_GB,3.49,GBP
21fe2ffa-9388-4206-8db8-8c74980d2f76,,447757549779,2026-02-09 08:57:16.000,REN,PKG_SERVICE_3_GB,2.99,GBP
b476b0b9-1aea-4851-81a0-ac11ce60d208,,447787249690,2026-02-09 09:28:19.000,REN,PKG_SERVICE_4_GB,3.49,GBP
ff3a1699-569a-495a-b4d3-a81b8692e499,,447734763542,2026-02-09 09:40:46.000,REN,PKG_SERVICE_4_GB,3.49,GBP
4e91bbc4-1f6a-4b15-9da2-68c792d8337e,,447738717990,2026-02-09 10:17:55.000,REN,PKG_SERVICE_5_GB,1.99,GBP
53853528-d455-4bb0-a24e-f471fcf702b5,,447730059423,2026-02-09 10:39:45.000,REN,PKG_SERVICE_4_GB,3.49,GBP
d8b6416a-eaa8-47bc-821d-bd9990ed4a3d,,447707942783,2026-02-09 11:24:00.000,REN,PKG_SERVICE_5_GB,1.99,GBP
7721b29b-503f-46d1-8003-3a9cd9802e49,,447727665477,2026-02-09 11:41:26.000,REN,PKG_SERVICE_3_GB,2.99,GBP
cff6b54c-58c0-4454-b88e-e7d8065241d0,,447703454187,2026-02-09 11:52:21.000,REN,PKG_SERVICE_4_GB,3.49,GBP
8c42e038-ce14-4b3b-8a8f-ee934c8a711c,,447700246441,2026-02-09 12:07:49.000,REN,PKG_SERVICE_4_GB,3.49,GBP
0ac2062d-8689-4820-accd-f8ba7262f7a0,,447729391665,2026-02-09 12:25:35.000,REN,PKG_SERVICE_3_GB,2.99,GBP
4581f384-11d9-497e-9a97-78c7881d8ab5,,447755935485,2026-02-09 12:44:01.000,REN,PKG_SERVICE_5_GB,1.99,GBP
8afeea8b-c2ac-4240-9ccc-195791550e3e,,447720620610,2026-02-09 13:14:26.000,REN,PKG_SERVICE_4_GB,3.49,GBP
df65d1fa-8cd9-456c-ab97-b06597f9126c,,447706198029,2026-02-09 13:30:49.000,REN,PKG_SERVICE_4_GB,3.49,GBP
24a15b3c-f0f4-4fd7-b2a1-e2d73add8d0c,,447782282111,2026-02-09 13:59:25.000,REN,PKG_SERVICE_5_GB,1.99,GBP
268a0f95-1074-4484-bf13-5d57cceb3f8b,,447719115022,2026-02-09 14:52:03.000,REN,PKG_SERVICE_3_GB,2.99,GBP
a7fdf1b4-f500-440b-b821-2d702e451bf5,,447792654894,2026-02-09 15:06:53.000,REN,PKG_SERVICE_5_GB,1.99,GBP
9b17db17-cb6d-4f01-98cd-5727efeba525,,447722230081,2026-02-09 15:11:37.000,REN,PKG_SERVICE_4_GB,3.49,GBP
c6980437-77a9-4000-8d97-7fcfc4548878,,447736671945,2026-02-09 16:25:40.000,REN,PKG_SERVICE_3_GB,2.99,GBP
46507636-afeb-4336-a36a-14fb27c7d9a9,,447730044180,2026-02-09 16:48:30.000,REN,PKG_SERVICE_5_GB,1.99,GBP
41064f32-b1d3-4771-a582-2c63f816495a,,447796109843,2026-02-09 16:57:23.000,UNSUB,PKG_SERVICE_3_GB,0,GBP
d4556d21-0122-4ff6-b04e-0aa0b134a6bd,,447795115479,2026-02-09 18:47:07.000,REN,PKG_SERVICE_4_GB,3.49,GBP
bbb6d91e-96a7-456c-b7c9-657fb15ad0d3,,447784193033,2026-02-09 19:06:51.000,REN,PKG_SERVICE_5_GB,1.99,GBP
d4664871-2f67-4af6-a621-93a9f04be098,,447752605393,2026-02-09 19:28:22.000,REN,PKG_SERVICE_5_GB,1.99,GBP
c4071823-162d-42b0-a95d-b60b3e13229e,,447707207949,2026-02-09 20:06:34.000,REN,PKG_SERVICE_5_GB,1.99,GBP
4bae58d6-6046-47a6-bfb5-546ef3f6d907,,447753041559,2026-02-09 20:10:23.000,REN,PKG_SERVICE_4_GB,3.49,GBP
58dfd192-21a8-4a1c-afb7-c86be2556ec9,,447772606983,2026-02-09 20:15:57.000,REN,PKG_SERVICE_3_GB,2.99,GBP
4d85ee4e-99d8-4008-a5ed-0072d38c2c5e,,447705481675,2026-02-09 20:25:13.000,REN,PKG_SERVICE_3_GB,2.99,GBP
e2e853bb-dadc-4373-a6c7-a7897858996b,,447751544296,2026-02-09 20:31:08.000,REN,PKG_SERVICE_5_GB,1.99,GBP
8d48d256-147e-42fe-9fba-287333b665c3,,447755287008,2026-02-09 20:36:35.000,REN,PKG_SERVICE_5_GB,1.99,GBP
02350fcf-3eaa-4b0d-afac-e67b95d1d387,,447708923961,2026-02-09 21:01:25.000,REN,PKG_SERVICE_5_GB,1.99,GBP
fa9b5194-d216-4900-b0d0-cf6e168b33c7,,447790785518,2026-02-09 22:42:59.000,REN,PKG_SERVICE_5_GB,1.99,GBP
1151bc90-fed9-4c94-8213-86b9747b790a,,447759712621,2026-02-09 23:53:48.000,REN,PKG_SERVICE_3_GB,2.99,GBP
b49dd1ed-d4dc-43c9-944e-9596007a72a0,,447787370586,2026-02-10 00:16:24.000,REN,PKG_SERVICE_5_GB,1.99,GBP
1927ba61-aa72-49a5-bddd-45c067a425bf,,447799922910,2026-02-10 00:39:49.000,REN,PKG_SERVICE_5_GB,1.99,GBP
702da683-6ee9-4d3b-babb-40c6f7804343,,447749948990,2026-02-10 00:46:42.000,REN,PKG_SERVICE_3_GB,2.99,GBP
fb7bf988-a90c-4e2c-bd5c-1e0258ef1d8b,,447723502297,2026-02-10 00:58:41.000,REN,PKG_SERVICE_5_GB,1.99,GBP
0dca2fb3-45b1-4228-9a7a-7a45dbc3e0e4,,447796371417,2026-02-10 01:03:11.000,REN,PKG_SERVICE_4_GB,3.49,GBP
3d80162e-28be-445e-bf87-1af45150a133,,447750076287,2026-02-10 01:21:43.000,REN,PKG_SERVICE_5_GB,1.99,GBP
5d0498fa-d3e7-4443-9b43-eb78689aa9d0,,447734471618,2026-02-10 03:20:47.000,REN,PKG_SERVICE_3_GB,2.99,GBP
490a6b9f-98cc-47a4-a335-d737e60a9273,,447708902918,2026-02-10 03:36:13.000,REN,PKG_SERVICE_3_GB,2.99,GBP
a61091f6-3277-4e42-8cf5-f143b694e20a,,447769322035,2026-02-10 03:48:07.000,REN,PKG_SERVICE_5_GB,1.99,GBP
ea88d6c3-70b7-429f-99fa-5e964241099b,,447744613443,2026-02-10 03:48:24.000,REN,PKG_SERVICE_4_GB,3.49,GBP
6bfb318d-34cf-414f-a90e-b484f42d2b52,,447777740212,2026-02-10 04:01:32.000,REN,PKG_SERVICE_3_GB,2.99,GBP
58798a74-e348-4acf-860b-05f038dcafd7,,447795971210,2026-02-10 04:18:44.000,REN,PKG_SERVICE_4_GB,3.49,GBP
a38c9a74-9ce4-4974-972e-b50c0bb00b9d,,447778170831,2026-02-10 04:35:27.000,REN,PKG_SERVICE_4_GB,3.49,GBP
8a0b7863-0451-4416-9b6d-4d909dd39c63,,447750063873,2026-02-10 05:02:37.000,REN,PKG_SERVICE_3_GB,2.99,GBP
6c5ccd12-69d9-4094-9ec3-3fa92a5d4ad1,,447793807098,2026-02-10 05:24:43.000,REN,PKG_SERVICE_4_GB,3.49,GBP
093e772a-c2c4-46fd-8e74-a72e1e440acc,,447737557155,2026-02-10 07:11:10.000,REN,PKG_SERVICE_5_GB,1.99,GBP
8f5a6ae3-055f-45a2-ae84-c88167897da4,,447767030804,2026-02-10 07:13:15.000,REN,PKG_SERVICE_3_GB,2.99,GBP
e08a6ffa-18c9-4412-9cba-ca8e49477bf9,,447760390771,2026-02-10 07:35:59.000,REN,PKG_SERVICE_5_GB,1.99,GBP
b1543f10-817f-4880-8743-fd86d1ed5add,,447772606687,2026-02-10 08:38:02.000,REN,PKG_SERVICE_5_GB,1.99,GBP
5be7ab6c-79a0-4bba-a50f-bac3533c4037,,447754387848,2026-02-10 08:50:24.000,REN,PKG_SERVICE_3_GB,2.99,GBP
f9ae85f6-4bb9-4644-a136-2f883fdf1fe5,,447727049136,2026-02-10 09:36:31.000,REN,PKG_SERVICE_5_GB,1.99,GBP
892b0426-6296-4d1c-9212-5c20c0389155,,447781545313,2026-02-10 09:51:22.000,REN,PKG_SERVICE_5_GB,1.99,GBP
e0ec0f8b-d636-453f-ae65-76a88b448a1b,,447733975606,2026-02-10 10:06:45.000,REN,PKG_SERVICE_4_GB,3.49,GBP
6abd6362-ed72-4d67-bec7-6b96e9c78ad9,,447763260279,2026-02-10 11:08:33.000,REN,PKG_SERVICE_5_GB,1.99,GBP
ae5ba5a8-5a86-41b1-a173-c028b51fcd62,,447735954042,2026-02-10 11:22:18.000,REN,PKG_SERVICE_4_GB,3.49,GBP
c69caa94-3b17-4272-99c3-cb88d252d394,,447753359795,2026-02-10 11:33:07.000,REN,PKG_SERVICE_5_GB,1.99,GBP
3cdf282f-22e6-4465-b00f-bbf1cacac454,,447757145825,2026-02-10 11:52:32.000,REN,PKG_SERVICE_4_GB,3.49,GBP
ce373657-e93d-42b6-87a9-76d0ece0f8e1,,447738584277,2026-02-10 12:43:10.000,REN,PKG_SERVICE_5_GB,1.99,GBP
a2cd5801-e6ef-4fe1-b1bf-48fc653c2bca,,447734841640,2026-02-10 12:55:38.000,REN,PKG_SERVICE_5_GB,1.99,GBP
69e6c55d-8e40-4b0a-9058-44ce9aafed25,,447765338800,2026-02-10 12:59:06.000,REN,PKG_SERVICE_3_GB,2.99,GBP
7fc2107c-2cae-4d97-8e80-d5da763b8eb5,,447742962929,2026-02-10 14:23:11.000,REN,PKG_SERVICE_4_GB,3.49,GBP
7e0f98cc-c96a-485a-b851-0b620faeaaf4,,447713276858,2026-02-10 15:13:07.000,UNSUB,PKG_SERVICE_5_GB,0,GBP
56e30a96-d1d8-4538-946e-c275a5bf91ca,,447724360444,2026-02-10 15:34:07.000,REN,PKG_SERVICE_4_GB,3.49,GBP
5e07f462-1ea0-4504-904f-70fd3fc28e49,,447736314600,2026-02-10 15:43:36.000,REN,PKG_SERVICE_5_GB,1.99,GBP
69c375ec-aa2f-4574-9409-23413aec418d,,447771679044,2026-02-10 15:57:11.000,UNSUB,PKG_SERVICE_5_GB,0,GBP
98de3fb6-423e-4213-9ee4-1869555841e8,,447771601336,2026-02-10 16:17:36.000,REN,PKG_SERVICE_5_GB,1.99,GBP
20af9ad3-ba2b-4c73-99f4-c746759919bd,,447725393231,2026-02-10 16:25:47.000,REN,PKG_SERVICE_4_GB,3.49,GBP
3c2e29c3-9d6c-4d5f-919e-a2264e2e25b0,,447710443342,2026-02-10 16:30:27.000,UNSUB,PKG_SERVICE_5_GB,0,GBP
6cee5da7-d75c-4104-95f6-85c4af9d5cf7,,447736024638,2026-02-10 16:39:14.000,REN,PKG_SERVICE_4_GB,3.49,GBP
eebf1e9f-8059-4a4a-9573-263ef08e6922,,447795937539,2026-02-10 16:41:30.000,REN,PKG_SERVICE_4_GB,3.49,GBP
9209f812-c3be-4e40-aa69-7ae331118f33,,447759679254,2026-02-10 17:32:02.000,REN,PKG_SERVICE_3_GB,2.99,GBP
49c365af-eae4-4083-b99b-9ecb79e70d74,,447731890372,2026-02-10 17:38:55.000,REN,PKG_SERVICE_3_GB,2.99,GBP
20feeec2-57d1-4f9d-83e8-a2dac59d10cd,,447729254326,2026-02-10 18:22:35.000,REN,PKG_SERVICE_3_GB,2.99,GBP
443ae6ca-c1c7-4a0b-aa02-3056c131be69,,447768616785,2026-02-10 18:23:18.000,REN,PKG_SERVICE_4_GB,3.49,GBP
b6c79a88-ea50-438e-b6f0-028634e116a2,,447707185874,2026-02-10 18:30:25.000,REN,PKG_SERVICE_5_GB,1.99,GBP
ab46dcb3-6981-40ce-8f10-a117095749ee,,447740530826,2026-02-10 18:43:08.000,REN,PKG_SERVICE_4_GB,3.49,GBP
dc69e712-2eb6-4d8c-8833-a5b8e4839517,,447762461873,2026-02-10 19:14:17.000,REN,PKG_SERVICE_3_GB,2.99,GBP
dddc9334-7838-44cf-a32e-ea647f9c0bb3,,447799479208,2026-02-10 20:35:07.000,REN,PKG_SERVICE_3_GB,2.99,GBP
4a3934ac-de5b-4475-9b09-c6da53b14d5e,,447729094680,2026-02-10 21:36:14.000,REN,PKG_SERVICE_5_GB,1.99,GBP
75cd35e4-df05-412f-8516-33aaf2c731fe,,447789874525,2026-02-10 23:16:22.000,UNSUB,PKG_SERVICE_5_GB,0,GBP
640a714f-e73d-4881-a19b-05e920589fb8,,447713159014,2026-02-10 23:27:49.000,REN,PKG_SERVICE_5_GB,1.99,GBP
a3ff8d8e-e20e-4697-ad38-5e3bb2535bd3,,447705246818,2026-02-10 23:51:18.000,REN,PKG_SERVICE_5_GB,1.99,GBP
48e799f5-7a23-4a69-b19c-66f366952ef7,,447772608807,2026-02-11 00:40:56.000,REN,PKG_SERVICE_5_GB,1.99,GBP
1bebfce5-a8c6-4edf-a6a4-9591d42c4bca,,447714499939,2026-02-11 01:04:58.000,REN,PKG_SERVICE_3_GB,2.99,GBP
28db0031-b817-40ed-916b-6adc3d7651ed,,447703915837,2026-02-11 01:31:24.000,REN,PKG_SERVICE_5_GB,1.99,GBP
bf482071-9e89-4f7a-bcb5-af004137a902,,447786446136,2026-02-11 01:40:49.000,REN,PKG_SERVICE_5_GB,1.99,GBP
4f319f34-56c7-43f3-8280-12d6fff6537d,,447767254510,2026-02-11 01:52:41.000,REN,PKG_SERVICE_4_GB,3.49,GBP
5d1132ba-0072-4228-8cf3-d14dc9c8dd11,,447798455403,2026-02-11 02:19:35.000,REN,PKG_SERVICE_4_GB,3.49,GBP
47e57bd2-8f89-4003-a575-3f0e27bb2a03,,447781804256,2026-02-11 02:45:28.000,REN,PKG_SERVICE_4_GB,3.49,GBP
b2b9a85e-9c4d-43ca-ad6a-2389b51aa5d9,,447771474611,2026-02-11 02:47:04.000,REN,PKG_SERVICE_3_GB,2.99,GBP
251935f0-5053-450d-a49b-c0f927c39b06,,447730025482,2026-02-11 03:24:26.000,REN,PKG_SERVICE_5_GB,1.99,GBP
e1ad8b0a-4973-41d2-b112-faaffd194857,,447792209836,2026-02-11 03:34:47.000,UNSUB,PKG_SERVICE_4_GB,0,GBP
592223e8-1335-410a-a01c-8ce5540b937d,,447715386858,2026-02-11 04:22:42.000,REN,PKG_SERVICE_3_GB,2.99,GBP
ef15d65a-1f0d-4762-b19d-f319cfeeebc4,,447746670189,2026-02-11 04:24:22.000,REN,PKG_SERVICE_3_GB,2.99,GBP
e0ad133f-58a0-4921-b4ff-eaba4d93af84,,447754710973,2026-02-11 05:01:47.000,REN,PKG_SERVICE_5_GB,1.99,GBP
5ef109ae-332e-486e-b801-6f5a7569c905,,447714175522,2026-02-11 06:16:07.000,REN,PKG_SERVICE_5_GB,1.99,GBP
9a27e13c-9e9b-4b23-a5e3-f119a9f8a2ef,,447725648990,2026-02-11 06:24:46.000,REN,PKG_SERVICE_4_GB,3.49,GBP
c96328c2-2fdb-4978-ac9d-2677dc1e13ed,,447729116030,2026-02-11 06:43:52.000,REN,PKG_SERVICE_4_GB,3.49,GBP
55f1191b-12af-4f97-9114-1117214c91ee,,447773324964,2026-02-11 06:52:05.000,UNSUB,PKG_SERVICE_3_GB,0,GBP
8d1ce867-f90e-4f31-86f9-01cb48ef2d03,,447767303509,2026-02-11 07:17:15.000,REN,PKG_SERVICE_5_GB,1.99,GBP
0a22a1eb-2087-44cb-a493-bd1322f06374,,447792046696,2026-02-11 07:17:54.000,REN,PKG_SERVICE_5_GB,1.99,GBP
bfb7c8e5-a039-4bce-893f-dd14f54883c1,,447708176792,2026-02-11 07:28:00.000,REN,PKG_SERVICE_3_GB,2.99,GBP
2d5fd065-3f6c-45f9-8a76-5e4f7b3f3491,,447799851042,2026-02-11 07:36:03.000,REN,PKG_SERVICE_4_GB,3.49,GBP
8cc41347-b2e5-44e6-833b-40abc33b0a05,,447703970588,2026-02-11 07:50:16.000,REN,PKG_SERVICE_4_GB,3.49,GBP
9a728629-c37f-4323-9801-791bca554bce,,447769155641,2026-02-11 07:53:09.000,REN,PKG_SERVICE_3_GB,2.99,GBP
c8950d69-bbed-44bc-9871-7381c0bae2c4,,447720882659,2026-02-11 09:35:23.000,REN,PKG_SERVICE_3_GB,2.99,GBP
8a6794b1-aba0-4698-9178-c3400521ff25,,447755082683,2026-02-11 09:38:48.000,REN,PKG_SERVICE_5_GB,1.99,GBP
5464b343-204d-401b-8a65-6ba3137d7dd7,,447793487069,2026-02-11 10:05:16.000,REN,PKG_SERVICE_4_GB,3.49,GBP
4a9e93d2-e2c9-4c3e-8bf1-19fc68b6ff33,,447744955777,2026-02-11 10:22:35.000,REN,PKG_SERVICE_4_GB,3.49,GBP
594a9979-02df-4316-9d9f-2d56542a6524,,447790729706,2026-02-11 10:40:08.000,REN,PKG_SERVICE_3_GB,2.99,GBP
f1fa0b5d-2433-40d4-9bc4-40f08f333baf,,447783616818,2026-02-11 10:51:49.000,REN,PKG_SERVICE_3_GB,2.99,GBP
15175d35-1f4b-441b-98ee-3724ae82b588,,447780833452,2026-02-11 11:29:01.000,REN,PKG_SERVICE_3_GB,2.99,GBP
f0eaf857-5521-4ed0-b33e-b76c06b9e01a,,447738824934,2026-02-11 11:48:20.000,REN,PKG_SERVICE_5_GB,1.99,GBP
4d90f603-05e6-4be8-91e4-8de9f97fe4a9,,447751864300,2026-02-11 12:19:18.000,REN,PKG_SERVICE_5_GB,1.99,GBP
e57c2639-26ce-489f-8cb9-e1c371b337bd,,447738215197,2026-02-11 12:59:44.000,REN,PKG_SERVICE_5_GB,1.99,GBP
94b51a2f-158d-4423-8c87-2751296e1589,,447742507070,2026-02-11 13:38:24.000,REN,PKG_SERVICE_4_GB,3.49,GBP
7332dc78-aa10-4d71-8e56-f5ba01c69612,,447788531848,2026-02-11 14:09:32.000,REN,PKG_SERVICE_5_GB,1.99,GBP
83501e96-1b16-4554-aa41-0bacb16637c2,,447799385452,2026-02-11 14:37:19.000,REN,PKG_SERVICE_3_GB,2.99,GBP
0b8b26af-6624-4db2-a6cf-e4274e23ec25,,447714477980,2026-02-11 14:50:14.000,REN,PKG_SERVICE_3_GB,2.99,GBP
de4db605-ca73-4b9d-8f49-41be5088b91d,,447714781961,2026-02-11 15:00:25.000,REN,PKG_SERVICE_4_GB,3.49,GBP
ef575902-906a-4959-ab43-802a38e74033,,447710442549,2026-02-11 15:01:51.000,REN,PKG_SERVICE_3_GB,2.99,GBP
bfc3d142-d68b-4b56-bca5-885493cd1772,,447772089727,2026-02-11 15:13:26.000,UNSUB,PKG_SERVICE_4_GB,0,GBP
e7310172-fe96-4cd7-994f-bcb554fc47d7,,447758042832,2026-02-11 15:18:12.000,REN,PKG_SERVICE_4_GB,3.49,GBP
96017a37-588c-4647-b224-68130d596043,,447760256759,2026-02-11 15:37:57.000,REN,PKG_SERVICE_3_GB,2.99,GBP
fee89934-bc5b-42e2-9b3f-dc62714771ad,,447777591997,2026-02-11 16:28:47.000,UNSUB,PKG_SERVICE_3_GB,0,GBP
3675717f-01ec-4211-bd6e-bbbaa4907fb1,,447701045104,2026-02-11 16:39:15.000,REN,PKG_SERVICE_4_GB,3.49,GBP
fbcd9dcb-7f3c-47db-9be3-54ca4feef51d,,447757798439,2026-02-11 17:42:02.000,REN,PKG_SERVICE_5_GB,1.99,GBP
1fcda34a-1ea6-4945-b510-1dac94c2149b,,447730491229,2026-02-11 17:53:58.000,REN,PKG_SERVICE_3_GB,2.99,GBP
8f30f8b4-b04b-4fc8-9493-984755d5ccb6,,447709337266,2026-02-11 18:58:02.000,REN,PKG_SERVICE_5_GB,1.99,GBP
6023055a-5ff0-43c1-9f45-15c3f92e0998,,447705924829,2026-02-11 20:10:13.000,REN,PKG_SERVICE_4_GB,3.49,GBP
e9e6b841-1099-4390-84e4-7518dd64052e,,447757501665,2026-02-11 20:27:39.000,REN,PKG_SERVICE_4_GB,3.49,GBP
278f4dfd-afed-432c-a713-bddd46e5a456,,447788715506,2026-02-11 20:55:39.000,REN,PKG_SERVICE_4_GB,3.49,GBP
0b984d62-26b6-46ee-958c-f522b234e4a4,,447796398694,2026-02-11 21:07:27.000,REN,PKG_SERVICE_4_GB,3.49,GBP
1d2c8361-9395-4881-9a6f-bdadd2073155,,447782190882,2026-02-11 21:49:06.000,REN,PKG_SERVICE_5_GB,1.99,GBP
5354c6e6-e0f5-4216-a9d1-50442d5847d7,,447724891480,2026-02-11 22:13:20.000,REN,PKG_SERVICE_3_GB,2.99,GBP
22fe2629-433c-4e6e-ae5f-dda72d35b581,,447718725746,2026-02-11 22:29:13.000,REN,PKG_SERVICE_3_GB,2.99,GBP
1b84e279-57bd-4fd1-b3c1-aa7bc17e2fb0,,447762363965,2026-02-11 22:35:53.000,REN,PKG_SERVICE_5_GB,1.99,GBP
bdd9f387-8656-4f0a-b272-c554ecb24bea,,447737745908,2026-02-11 23:16:56.000,UNSUB,PKG_SERVICE_4_GB,0,GBP
e7f7115d-e228-4c12-9402-0ff043acdb81,,447761144453,2026-02-11 23:35:34.000,REN,PKG_SERVICE_4_GB,3.49,GBP
7aefeaa6-cd0f-48b6-92f7-30cfa8fe604c,,447787645048,2026-02-12 00:02:40.000,REN,PKG_SERVICE_4_GB,3.49,GBP
e29449ff-57c1-4afa-b7c6-47e028268a1f,,447765235952,2026-02-12 00:15:18.000,REN,PKG_SERVICE_3_GB,2.99,GBP
0b3035f9-9bcd-4563-9cec-973b39e47f0c,,447772849482,2026-02-12 00:17:27.000,REN,PKG_SERVICE_4_GB,3.49,GBP
941e76ba-aca2-4c1b-b176-0bc7feab0f06,,447709220012,2026-02-12 00:24:04.000,REN,PKG_SERVICE_3_GB,2.99,GBP
667ce45b-7039-48cf-998d-0afac01622cd,,447720584162,2026-02-12 01:18:20.000,REN,PKG_SERVICE_4_GB,3.49,GBP
477206ce-b1cb-49cc-be2a-2940e34551d8,,447799868609,2026-02-12 01:55:01.000,REN,PKG_SERVICE_5_GB,1.99,GBP
12860d03-c9d1-4785-9b91-46602a549629,,447714983497,2026-02-12 02:54:21.000,REN,PKG_SERVICE_5_GB,1.99,GBP
7270c56b-1400-4638-b567-bcd57b5e7dff,,447736272765,2026-02-12 03:07:55.000,REN,PKG_SERVICE_4_GB,3.49,GBP
3575bcb6-47f6-4ca0-b444-99222907d265,,447774855360,2026-02-12 03:17:29.000,REN,PKG_SERVICE_5_GB,1.99,GBP
72dbf54f-b654-404c-b260-bdefc71b9398,,447723433631,2026-02-12 03:29:59.000,REN,PKG_SERVICE_4_GB,3.49,GBP
3505b715-f321-48c8-a7d1-5a515092cd21,,447701793071,2026-02-12 04:00:36.000,REN,PKG_SERVICE_5_GB,1.99,GBP
8de00c7e-81ec-4d24-a645-06f880dd2c26,,447753379882,2026-02-12 05:05:55.000,REN,PKG_SERVICE_3_GB,2.99,GBP
da0512cc-5864-42d3-aff4-d4acc0113a21,,447704372705,2026-02-12 05:11:41.000,REN,PKG_SERVICE_5_GB,1.99,GBP
71bf3cdc-a2c0-4b96-95b2-cf129b727d8d,,447703406267,2026-02-12 06:04:37.000,REN,PKG_SERVICE_4_GB,3.49,GBP
de03791b-8878-4b2e-a357-f1d13c88b13e,,447773081315,2026-02-12 06:04:56.000,REN,PKG_SERVICE_4_GB,3.49,GBP
42cf1a4e-f8e0-4959-8e56-c7b9aad16138,,447792656784,2026-02-12 06:35:57.000,REN,PKG_SERVICE_3_GB,2.99,GBP
e2822e36-9d07-4a4f-a7f2-212f06957a59,,447722622570,2026-02-12 07:13:44.000,REN,PKG_SERVICE_5_GB,1.99,GBP
f744d053-5b28-4557-bf02-f55b84187f24,,447745601499,2026-02-12 07:41:16.000,UNSUB,PKG_SERVICE_4_GB,0,GBP
add914fa-2c66-464f-9ce4-fe5ce8343af5,,447745601499,2026-02-12 07:48:36.000,REN,PKG_SERVICE_4_GB,3.49,GBP
addc9066-a611-44fc-9354-24407bd29365,,447717953701,2026-02-12 08:02:22.000,REN,PKG_SERVICE_3_GB,2.99,GBP
d624ba85-5165-4cba-9798-716edc054477,,447780940943,2026-02-12 08:35:46.000,REN,PKG_SERVICE_3_GB,2.99,GBP
b0617d7c-bed2-4e34-8a8b-1d34899508e4,,447748008794,2026-02-12 08:42:54.000,REN,PKG_SERVICE_3_GB,2.99,GBP
27f0cdc3-78cf-494e-adfb-4ca8f23658bd,,447769479389,2026-02-12 09:27:23.000,REN,PKG_SERVICE_5_GB,1.99,GBP
55fe00e4-940a-42f5-aede-c53850b22668,,447777005456,2026-02-12 09:42:43.000,REN,PKG_SERVICE_3_GB,2.99,GBP
5eb0e90d-4703-46ad-9bbe-255c42f8dae5,,447708781915,2026-02-12 10:24:12.000,REN,PKG_SERVICE_5_GB,1.99,GBP
e0e15fc4-0f88-474c-9f9b-da81591f8b9f,,447753201789,2026-02-12 11:02:56.000,REN,PKG_SERVICE_5_GB,1.99,GBP
59060d5e-a61f-4f1e-a01c-b8434bc058f4,,447707603812,2026-02-12 11:06:57.000,REN,PKG_SERVICE_4_GB,3.49,GBP
c817a697-e91c-4d0e-8897-6f3d9758c2b6,,447741335611,2026-02-12 11:33:06.000,REN,PKG_SERVICE_5_GB,1.99,GBP
1b29360d-7318-4717-b078-86f4e3bb7718,,447737034836,2026-02-12 11:57:56.000,REN,PKG_SERVICE_3_GB,2.99,GBP
24fce4ff-71cc-40ce-9ec9-4f641cfd2cbc,,447772089727,2026-02-12 11:59:22.000,REN,PKG_SERVICE_4_GB,3.49,GBP
7cea8320-2148-4c25-9ae3-0d5a418ad64a,,447740721152,2026-02-12 11:59:27.000,UNSUB,PKG_SERVICE_3_GB,0,GBP
910cbfbb-c911-4b0d-81de-35f92af2b742,,447718725746,2026-02-12 12:18:11.000,UNSUB,PKG_SERVICE_3_GB,0,GBP
8bb3ced6-d636-461f-94f9-13ae5ae5d5a6,,447771468290,2026-02-12 12:21:30.000,UNSUB,PKG_SERVICE_5_GB,0,GBP
c66169a6-09d3-48de-b41a-d7a92d59e43d,,447773005516,2026-02-12 12:57:02.000,REN,PKG_SERVICE_3_GB,2.99,GBP
09cb10ba-4b2d-4e8b-8172-4cbd77d80315,,447741268329,2026-02-12 13:04:33.000,REN,PKG_SERVICE_3_GB,2.99,GBP
21c27e1f-fd96-4b17-96d3-75a3c0462bbf,,447726962210,2026-02-12 13:26:16.000,REN,PKG_SERVICE_4_GB,3.49,GBP
494876d4-db98-4506-9bfc-d0ec148784b1,,447743768865,2026-02-12 14:08:27.000,REN,PKG_SERVICE_4_GB,3.49,GBP
e1a02312-91b5-457f-8e44-468c4d41dace,,447700119541,2026-02-12 14:42:56.000,REN,PKG_SERVICE_3_GB,2.99,GBP
8fb61c42-3e54-4f23-a425-626684586d4f,,447795473004,2026-02-12 15:22:02.000,REN,PKG_SERVICE_4_GB,3.49,GBP
e5f125a7-de43-49b5-842f-7ef25bbc12bc,,447756772175,2026-02-12 15:25:44.000,REN,PKG_SERVICE_4_GB,3.49,GBP
b912980e-7c32-46cf-b950-681c58553a79,,447752964841,2026-02-12 16:00:18.000,REN,PKG_SERVICE_4_GB,3.49,GBP
a81655d4-b5b6-4a67-b70a-e23241a595bc,,447746394080,2026-02-12 16:21:42.000,REN,PKG_SERVICE_4_GB,3.49,GBP
f1de8731-4b11-4f7e-825b-5a4a71d9ddf6,,447724987413,2026-02-12 16:29:42.000,REN,PKG_SERVICE_4_GB,3.49,GBP
fcc4dfbf-3b3d-4b96-bfe9-a46656717630,,447743384486,2026-02-12 16:53:04.000,REN,PKG_SERVICE_3_GB,2.99,GBP
2fdf4339-2161-4259-b098-e7f9a82cf004,,447732150705,2026-02-12 17:22:53.000,REN,PKG_SERVICE_5_GB,1.99,GBP
6cc6b59f-7eec-4bcd-802e-3bda925f46b4,,447730313223,2026-02-12 17:44:15.000,REN,PKG_SERVICE_5_GB,1.99,GBP
bd1a6e0a-a2cf-4a28-997d-9b1309c73097,,447765645353,2026-02-12 18:00:10.000,REN,PKG_SERVICE_4_GB,3.49,GBP
066c9234-bcbe-4dfa-98c7-e3724ccb7ea9,,447719355463,2026-02-12 18:49:06.000,REN,PKG_SERVICE_4_GB,3.49,GBP
1c577031-63b3-42a0-9e56-acb31d4fb079,,447747981370,2026-02-12 18:57:57.000,REN,PKG_SERVICE_5_GB,1.99,GBP
31cff1f1-652b-45b7-a5a1-6911110b1a34,,447799913578,2026-02-12 20:51:18.000,REN,PKG_SERVICE_5_GB,1.99,GBP
6ebaf504-0023-4197-ac4d-de7a9d90f978,,447719557927,2026-02-12 21:14:32.000,REN,PKG_SERVICE_4_GB,3.49,GBP
350a2ab6-b8b4-4eaf-b435-1efe5ff52c9b,,447780182853,2026-02-12 22:38:35.000,REN,PKG_SERVICE_3_GB,2.99,GBP
2808af37-0a20-4523-9ad2-eebc91c6a94d,,447759975994,2026-02-12 23:04:52.000,REN,PKG_SERVICE_3_GB,2.99,GBP
cea7addd-fdd9-4f49-a552-0b8221662253,,447751749943,2026-02-12 23:09:33.000,REN,PKG_SERVICE_4_GB,3.49,GBP
a847ef3b-d4f3-458f-9a50-fa9bbc8dc366,,447736163966,2026-02-12 23:38:42.000,REN,PKG_SERVICE_5_GB,1.99,GBP
9225d026-558d-4737-a0d5-aa1f89a38cc4,,447777572964,2026-02-13 00:52:46.000,REN,PKG_SERVICE_4_GB,3.49,GBP
50e3b667-eb15-44da-918f-509baf955fbe,,447744926844,2026-02-13 01:28:14.000,REN,PKG_SERVICE_5_GB,1.99,GBP
7375584e-2d14-4478-b63b-989094ee55d9,,447789874525,2026-02-13 01:32:53.000,REN,PKG_SERVICE_5_GB,1.99,GBP
c613f878-3467-42b7-bdb5-43357cc1173a,,447721402848,2026-02-13 01:52:21.000,REN,PKG_SERVICE_3_GB,2.99,GBP
0799ff43-c017-4032-a59c-af6db5c1db39,,447711931660,2026-02-13 01:58:12.000,REN,PKG_SERVICE_5_GB,1.99,GBP
de1ae1f6-7a04-44bd-be63-e01a900ce550,,447794538305,2026-02-13 02:15:11.000,REN,PKG_SERVICE_4_GB,3.49,GBP
53772842-a8ec-4377-bd9d-51cd569c9126,,447792603567,2026-02-13 03:12:02.000,REN,PKG_SERVICE_5_GB,1.99,GBP
d68836d5-1908-4601-a271-d270fcb7ce24,,447737833450,2026-02-13 03:12:28.000,REN,PKG_SERVICE_4_GB,3.49,GBP
b4ecab68-9dc8-463c-b8bb-ee818dc612e5,,447747626986,2026-02-13 03:25:06.000,REN,PKG_SERVICE_5_GB,1.99,GBP
4a8bd874-63ec-4448-a205-1e0b2a27eb7e,,447796705274,2026-02-13 03:36:39.000,REN,PKG_SERVICE_5_GB,1.99,GBP
d367dac7-d62a-442f-aacf-438eacf7bfcc,,447702377399,2026-02-13 03:46:50.000,REN,PKG_SERVICE_4_GB,3.49,GBP
536538a2-5e28-4754-a712-55e861abb49b,,447794497425,2026-02-13 03:59:10.000,REN,PKG_SERVICE_4_GB,3.49,GBP
b792acb7-223e-4ec6-a249-e36f52001962,,447743384486,2026-02-13 04:11:59.000,UNSUB,PKG_SERVICE_3_GB,0,GBP
7961d02c-5bb2-42d6-91ff-c5bd09c98913,,447764568678,2026-02-13 04:57:08.000,REN,PKG_SERVICE_3_GB,2.99,GBP
749bcf18-0728-47b3-ade3-db8d9b119f2a,,447793610030,2026-02-13 06:20:46.000,REN,PKG_SERVICE_3_GB,2.99,GBP
9f88b171-dd70-4654-a7ea-2edd728e065f,,447797620232,2026-02-13 06:31:23.000,REN,PKG_SERVICE_4_GB,3.49,GBP
7aa4c126-c053-423b-9547-ec8603f73ba3,,447708623748,2026-02-13 06:31:54.000,REN,PKG_SERVICE_5_GB,1.99,GBP
9782b70b-07b1-461a-9499-463c32d3d1c1,,447764578762,2026-02-13 06:55:57.000,REN,PKG_SERVICE_5_GB,1.99,GBP
9a70fa39-8f4e-404b-a7d5-1b5a7518e9d7,,447740913229,2026-02-13 07:01:30.000,REN,PKG_SERVICE_3_GB,2.99,GBP
e56b5a35-89d0-492e-9aff-9c02dd9c84fc,,447735541886,2026-02-13 07:08:39.000,REN,PKG_SERVICE_3_GB,2.99,GBP
5465e93b-0c84-4e9a-91da-b4a171555969,,447700789557,2026-02-13 07:10:47.000,REN,PKG_SERVICE_3_GB,2.99,GBP
2e39fd7f-d54a-48ac-ae08-5f33b27943b6,,447770608357,2026-02-13 07:39:37.000,REN,PKG_SERVICE_3_GB,2.99,GBP
ce5966be-e458-4eae-84e8-6f420d77b37f,,447738739167,2026-02-13 07:43:35.000,REN,PKG_SERVICE_4_GB,3.49,GBP
f04e9641-f700-47ed-a326-22bab9f8fac1,,447796451733,2026-02-13 07:50:21.000,REN,PKG_SERVICE_5_GB,1.99,GBP
241500e7-4e0f-428b-b8c7-baa45f434827,,447737445821,2026-02-13 07:52:12.000,REN,PKG_SERVICE_4_GB,3.49,GBP
4e05a2ba-13a7-42b0-850d-1f42e2877fff,,447778350617,2026-02-13 08:30:01.000,REN,PKG_SERVICE_5_GB,1.99,GBP
b3e8af0e-cf1b-43f3-97d3-fef50378de40,,447736981505,2026-02-13 08:41:00.000,REN,PKG_SERVICE_3_GB,2.99,GBP
0afceb76-5132-4bd0-b210-4cab9449fddb,,447715344844,2026-02-13 08:41:24.000,REN,PKG_SERVICE_5_GB,1.99,GBP
2b586447-056f-4828-b791-1d1fa04689b3,,447741268329,2026-02-13 08:56:19.000,UNSUB,PKG_SERVICE_3_GB,0,GBP
bf33fb60-6567-4cdc-bb9f-23d90670005c,,447778985716,2026-02-13 09:01:00.000,REN,PKG_SERVICE_5_GB,1.99,GBP
e11771ae-a0b1-4439-a87f-65fe84c90958,,447776268457,2026-02-13 09:37:07.000,REN,PKG_SERVICE_3_GB,2.99,GBP
63bbe599-1a8a-42e1-b944-9636ac24b1d9,,447752805153,2026-02-13 09:39:54.000,REN,PKG_SERVICE_4_GB,3.49,GBP
3d156274-7db6-4b7e-86f9-f17dcc7cee48,,447710443342,2026-02-13 09:39:56.000,REN,PKG_SERVICE_5_GB,1.99,GBP
7edfd0b9-fc5d-4116-bb4b-7c3b88b478c8,,447704158041,2026-02-13 09:40:04.000,REN,PKG_SERVICE_3_GB,2.99,GBP
c8bf5745-a914-4a83-a845-747185fea7e0,,447737114487,2026-02-13 09:50:01.000,REN,PKG_SERVICE_4_GB,3.49,GBP
09de5bdf-1691-4fc3-ae7a-4632f0e2c962,,447750398843,2026-02-13 09:52:35.000,REN,PKG_SERVICE_5_GB,1.99,GBP
08b2dd04-cafb-41b5-8ef2-4a5701f15df6,,447713038097,2026-02-13 11:21:41.000,REN,PKG_SERVICE_3_GB,2.99,GBP
01fd5ba4-41ef-4e1b-8497-f4101e914c6f,,447741013767,2026-02-13 11:40:13.000,REN,PKG_SERVICE_5_GB,1.99,GBP
5e238070-82ef-4ac7-9c6d-8d053f93adc0,,447790905466,2026-02-13 12:24:59.000,REN,PKG_SERVICE_5_GB,1.99,GBP
4777623a-c87c-469e-a083-3a190279a2f5,,447729230007,2026-02-13 12:41:03.000,REN,PKG_SERVICE_3_GB,2.99,GBP
7677ab41-18a9-4c07-b9e9-d63c2bb68986,,447788827989,2026-02-13 12:44:11.000,UNSUB,PKG_SERVICE_4_GB,0,GBP
0a6ca957-c14d-4d86-996c-e7b63d8c9b68,,447785693701,2026-02-13 13:32:53.000,UNSUB,PKG_SERVICE_4_GB,0,GBP
e3b285ed-e946-47e6-bc17-549ffd28fdb9,,447772318023,2026-02-13 14:07:57.000,REN,PKG_SERVICE_5_GB,1.99,GBP
bc142e1f-6d34-4477-86ee-3d45da575991,,447714174778,2026-02-13 15:19:22.000,REN,PKG_SERVICE_5_GB,1.99,GBP
f60c744a-dfcb-464e-b09e-894870f8f88c,,447761485721,2026-02-13 15:40:36.000,REN,PKG_SERVICE_5_GB,1.99,GBP
9150c698-d286-4cd6-b7c3-bd944caa2ac7,,447763464834,2026-02-13 16:25:02.000,REN,PKG_SERVICE_3_GB,2.99,GBP
40814e4e-c97e-450d-a18d-d48423e55205,,447783532006,2026-02-13 16:50:38.000,REN,PKG_SERVICE_5_GB,1.99,GBP
05b292f8-b6ff-4262-988b-f18e07d5c864,,447739540169,2026-02-13 17:03:06.000,REN,PKG_SERVICE_4_GB,3.49,GBP
aba784b0-d998-4484-a559-8189defaef94,,447767781378,2026-02-13 17:06:14.000,REN,PKG_SERVICE_4_GB,3.49,GBP
f73981d6-4cd8-489c-a89f-91f0852914f1,,447769955480,2026-02-13 17:19:35.000,REN,PKG_SERVICE_3_GB,2.99,GBP
13e318ad-9dec-4b92-ba4f-69b6af27a2c9,,447729248539,2026-02-13 17:23:20.000,REN,PKG_SERVICE_3_GB,2.99,GBP
5bc848bb-2846-4ab9-af7a-94ec863df220,,447734384897,2026-02-13 17:38:39.000,REN,PKG_SERVICE_5_GB,1.99,GBP
f0ec89a5-36dd-4ced-9e85-b976f7b58db5,,447768983526,2026-02-13 17:44:29.000,REN,PKG_SERVICE_3_GB,2.99,GBP
dd74dd5a-611a-46ae-8ebd-363d5772200f,,447779260148,2026-02-13 18:20:58.000,REN,PKG_SERVICE_3_GB,2.99,GBP
2646f6a5-3e37-46cc-8f23-5fc03707db60,,447759834448,2026-02-13 19:05:59.000,REN,PKG_SERVICE_4_GB,3.49,GBP
4d79efde-34e2-45b7-87f3-8dbeb7e0cb47,,447729798819,2026-02-13 19:37:24.000,REN,PKG_SERVICE_3_GB,2.99,GBP
91239b90-01ec-403a-99ae-1014455771c9,,447788433793,2026-02-13 19:42:47.000,REN,PKG_SERVICE_3_GB,2.99,GBP
4142b9e0-5df1-42ee-a969-7f9feef6a590,,447722200740,2026-02-13 20:13:51.000,REN,PKG_SERVICE_5_GB,1.99,GBP
f3af6377-6591-4efb-ac3c-25bf0ddd7b07,,447737833450,2026-02-13 21:11:01.000,UNSUB,PKG_SERVICE_4_GB,0,GBP
1dbfe97b-0e0f-4452-af47-f8db45305d3f,,447757128927,2026-02-13 21:11:28.000,REN,PKG_SERVICE_3_GB,2.99,GBP
cf1a5896-4edf-41f9-8a0b-665f63028bb8,,447719883543,2026-02-13 21:18:20.000,REN,PKG_SERVICE_5_GB,1.99,GBP
9f8bc07f-2390-40c8-825b-dc6689879754,,447705428056,2026-02-13 21:20:13.000,REN,PKG_SERVICE_4_GB,3.49,GBP
39dcfd3e-6979-4fcb-bdb7-4daca0587213,,447750961074,2026-02-13 21:45:48.000,REN,PKG_SERVICE_5_GB,1.99,GBP
19882022-26d4-4943-9d41-ebe91dc9b0b4,,447722152203,2026-02-13 21:49:42.000,REN,PKG_SERVICE_3_GB,2.99,GBP
ba2a8df1-2688-4fd4-9d4f-25c977aa7ed0,,447760342691,2026-02-13 22:21:56.000,REN,PKG_SERVICE_4_GB,3.49,GBP
c4346731-a936-4106-bdbf-9532dee11bda,,447711627025,2026-02-13 23:11:17.000,REN,PKG_SERVICE_5_GB,1.99,GBP
f206daea-3711-4ca6-8d99-5bfc44efc350,,447759269419,2026-02-13 23:15:43.000,REN,PKG_SERVICE_4_GB,3.49,GBP
078b82a1-603c-43cc-bc55-035b99a9a595,,447740182718,2026-02-14 00:03:24.000,REN,PKG_SERVICE_3_GB,2.99,GBP
d1572d2d-6852-48fc-b31a-bf1a0b3d1618,,447768152161,2026-02-14 00:18:55.000,REN,PKG_SERVICE_4_GB,3.49,GBP
12d090d8-fa72-4263-a426-8d00b77c1fbf,,447737004114,2026-02-14 00:34:09.000,REN,PKG_SERVICE_5_GB,1.99,GBP
052b5a03-7f80-4f87-a792-ccb92ab77ffe,,447774855794,2026-02-14 00:57:56.000,REN,PKG_SERVICE_5_GB,1.99,GBP
3a4dcfa7-3b49-4e15-8652-0dda9229d636,,447775622613,2026-02-14 01:14:49.000,REN,PKG_SERVICE_5_GB,1.99,GBP
e0f8d5ce-ab8d-44f3-a803-d712abdaf7ef,,447709108928,2026-02-14 01:52:24.000,REN,PKG_SERVICE_4_GB,3.49,GBP
86d8c605-1ef1-4365-9b07-d8ecbc313a75,,447754683921,2026-02-14 01:58:15.000,REN,PKG_SERVICE_4_GB,3.49,GBP
212fc842-60ac-43b4-be33-e9e5ed5040f3,,447795012576,2026-02-14 02:15:13.000,REN,PKG_SERVICE_5_GB,1.99,GBP
4b870a5b-6a8a-4d6e-a9ea-89d3503e7f13,,447729312151,2026-02-14 03:04:08.000,UNSUB,PKG_SERVICE_3_GB,0,GBP
b4038cd9-94ce-4e5d-a281-933f0115d84e,,447782471304,2026-02-14 03:35:10.000,REN,PKG_SERVICE_3_GB,2.99,GBP
3b07f42d-ae2b-4ff5-81b3-147f6c730a34,,447760083821,2026-02-14 03:40:51.000,UNSUB,PKG_SERVICE_4_GB,0,GBP
939c4fa6-4f17-4726-aa54-9b840e54fdba,,447720839788,2026-02-14 03:48:38.000,REN,PKG_SERVICE_4_GB,3.49,GBP
cef70a02-9335-45ac-b4ff-a04bf77fa473,,447726902364,2026-02-14 04:31:59.000,REN,PKG_SERVICE_5_GB,1.99,GBP
3b5d7c75-f179-4fe4-a5f6-ffa22504451d,,447728964818,2026-02-14 04:52:55.000,REN,PKG_SERVICE_4_GB,3.49,GBP
6eaa6e49-8cb3-41d6-a9b6-f61d55fe4982,,447788827989,2026-02-14 05:30:04.000,REN,PKG_SERVICE_4_GB,3.49,GBP
92c2f9fd-0bf5-4d0b-a6e5-1fe37d0a27d9,,447712577966,2026-02-14 05:50:43.000,REN,PKG_SERVICE_5_GB,1.99,GBP
2ac43641-107a-4874-b820-6f69038d567d,,447789000618,2026-02-14 06:29:54.000,REN,PKG_SERVICE_4_GB,3.49,GBP
77a87f04-0e75-40db-8cd3-140898c870ef,,447749102212,2026-02-14 06:50:04.000,REN,PKG_SERVICE_3_GB,2.99,GBP
67fd496e-2cf5-409f-b1e8-f5f8da973a91,,447711097137,2026-02-14 06:57:28.000,REN,PKG_SERVICE_3_GB,2.99,GBP
3eeb6101-ab8e-4967-8160-87f680641620,,447738732723,2026-02-14 07:10:45.000,REN,PKG_SERVICE_4_GB,3.49,GBP
f1204b66-7926-4a5e-a855-5e2c143104af,,447729404895,2026-02-14 08:30:03.000,REN,PKG_SERVICE_4_GB,3.49,GBP
b44a0ec1-a833-4c70-9af2-0a2c2429a7ce,,447799113267,2026-02-14 08:41:25.000,REN,PKG_SERVICE_4_GB,3.49,GBP
6b761a36-e5ac-41cd-a6f3-6732bdb25e6e,,447708660474,2026-02-14 09:09:00.000,REN,PKG_SERVICE_5_GB,1.99,GBP
5133438e-ce03-48ae-b802-7721a9905bc9,,447705918491,2026-02-14 10:01:34.000,REN,PKG_SERVICE_3_GB,2.99,GBP
bad190ce-7b70-4ca6-8d38-7ef7763ec44e,,447790162183,2026-02-14 10:32:56.000,REN,PKG_SERVICE_3_GB,2.99,GBP
1f2f7b93-c750-4eb5-a020-763f457a5a83,,447760083821,2026-02-14 11:10:08.000,REN,PKG_SERVICE_4_GB,3.49,GBP
fa3e2b42-2eb3-4866-93c5-0d845f2537ac,,447798253306,2026-02-14 12:17:47.000,REN,PKG_SERVICE_5_GB,1.99,GBP
cbf67eba-ee24-4ba8-bce1-7e682bdc01f3,,447755181235,2026-02-14 13:53:18.000,UNSUB,PKG_SERVICE_4_GB,0,GBP
e62719d3-4e5f-4e4f-9c7b-ac87b80a695b,,447727018954,2026-02-14 15:05:51.000,REN,PKG_SERVICE_4_GB,3.49,GBP
2bea12b3-95b0-49be-8bed-f89d93cf8d8b,,447745943211,2026-02-14 15:25:54.000,REN,PKG_SERVICE_5_GB,1.99,GBP
1eb63ae8-ed87-4e6c-8c7a-c64aafc55a3a,,447774219885,2026-02-14 15:38:12.000,REN,PKG_SERVICE_3_GB,2.99,GBP
14787133-e38c-4de7-9e16-f988ed477c15,,447739212411,2026-02-14 15:40:52.000,REN,PKG_SERVICE_3_GB,2.99,GBP
7baef8e5-f7a8-483f-976c-b1a523b97df5,,447791054393,2026-02-14 16:10:05.000,REN,PKG_SERVICE_4_GB,3.49,GBP
c550b930-496a-48ec-93b2-67ca8e90a05a,,447752581602,2026-02-14 16:46:39.000,REN,PKG_SERVICE_3_GB,2.99,GBP
13712fdf-0568-4f86-9d8f-610485788630,,447751089121,2026-02-14 17:12:19.000,REN,PKG_SERVICE_4_GB,3.49,GBP
a8fb5e38-5369-407f-932f-50c3f73d8f84,,447747358541,2026-02-14 17:34:19.000,REN,PKG_SERVICE_5_GB,1.99,GBP
f02bcd70-f442-4abf-a3c1-d1e56e70a188,,447721627853,2026-02-14 18:08:40.000,REN,PKG_SERVICE_4_GB,3.49,GBP
48b95fde-4426-4115-9d07-169ef5b9ad94,,447793641873,2026-02-14 18:12:07.000,REN,PKG_SERVICE_3_GB,2.99,GBP
6ae967d9-962f-48df-acf9-5287b3fd1a68,,447724743104,2026-02-14 18:39:43.000,REN,PKG_SERVICE_3_GB,2.99,GBP
10ca80d3-fdac-48d9-b850-007829a9576d,,447762253751,2026-02-14 18:53:50.000,REN,PKG_SERVICE_3_GB,2.99,GBP
32ff1c20-7750-4d9b-b566-461a783cc3b8,,447710793004,2026-02-14 18:57:33.000,REN,PKG_SERVICE_4_GB,3.49,GBP
864bbe74-2ee7-45b5-ae0f-453bc4a5466b,,447708821320,2026-02-14 19:18:26.000,REN,PKG_SERVICE_3_GB,2.99,GBP
91c324d2-a887-463b-8d23-4ad3ce0f2ace,,447702446192,2026-02-14 20:33:28.000,REN,PKG_SERVICE_3_GB,2.99,GBP
e3d8235b-d20b-4932-8522-44ce4038f244,,447756706417,2026-02-14 20:33:36.000,REN,PKG_SERVICE_4_GB,3.49,GBP
3c0aaf12-ae4b-4d82-9f7f-d5b3d739b030,,447749472893,2026-02-14 20:59:07.000,REN,PKG_SERVICE_3_GB,2.99,GBP
1058e740-0057-4850-b20f-07c754e52c1d,,447769682068,2026-02-14 21:01:46.000,REN,PKG_SERVICE_5_GB,1.99,GBP
657453ba-8a22-4241-b938-e0334fd23a19,,447729279904,2026-02-14 21:53:40.000,REN,PKG_SERVICE_4_GB,3.49,GBP
d6cb95ca-a537-422a-9279-f595736c2c8b,,447796063168,2026-02-14 22:29:55.000,REN,PKG_SERVICE_5_GB,1.99,GBP
40fc6ed6-905c-4c3d-b820-5c4b19facf28,,447736163966,2026-02-14 22:49:33.000,UNSUB,PKG_SERVICE_5_GB,0,GBP
825829aa-3228-463e-bc26-e6f70a9edfaf,,447751386002,2026-02-15 00:22:34.000,REN,PKG_SERVICE_3_GB,2.99,GBP
21df8b86-9d2d-4643-b908-e547553e9166,,447784482398,2026-02-15 00:56:29.000,REN,PKG_SERVICE_3_GB,2.99,GBP
9a78abba-1fb2-4e20-b7bd-c506cb10825d,,447786579527,2026-02-15 01:00:42.000,REN,PKG_SERVICE_5_GB,1.99,GBP
a00ccac7-b3f5-4c5f-b0c1-813e974dc953,,447795126075,2026-02-15 01:03:25.000,REN,PKG_SERVICE_5_GB,1.99,GBP
eaeff2ca-f304-477c-8fb5-4cfeb5d4e9a5,,447763436403,2026-02-15 02:31:02.000,REN,PKG_SERVICE_3_GB,2.99,GBP
c49dc00b-3c8b-4a58-a1a0-9ef0d46afa79,,447783034235,2026-02-15 02:51:35.000,REN,PKG_SERVICE_5_GB,1.99,GBP
6fc207d6-9fb6-49a5-ab1f-3ae67128d6fb,,447751891599,2026-02-15 03:50:22.000,REN,PKG_SERVICE_3_GB,2.99,GBP
7305fae3-22e6-4a65-8ab3-54db42b81157,,447793271579,2026-02-15 05:57:11.000,REN,PKG_SERVICE_5_GB,1.99,GBP
90f55c29-29fd-4413-9c9e-6226e6ba6cbd,,447765497987,2026-02-15 07:29:32.000,REN,PKG_SERVICE_4_GB,3.49,GBP
81208c2c-2ae8-46fa-a5d9-cfd696bcec83,,447729593685,2026-02-15 08:32:56.000,REN,PKG_SERVICE_3_GB,2.99,GBP
10ad6824-9089-4c68-999c-1468aed04ce1,,447776646143,2026-02-15 09:11:32.000,REN,PKG_SERVICE_3_GB,2.99,GBP
dd3f8232-c7d4-435f-972a-acb16ad3963f,,447792209836,2026-02-15 09:18:06.000,REN,PKG_SERVICE_4_GB,3.49,GBP
a7c43d45-e8e5-43a9-ad46-83b61ca896f9,,447767051583,2026-02-15 09:46:06.000,REN,PKG_SERVICE_5_GB,1.99,GBP
e921f06c-3790-4805-95ff-f37be9956a50,,447764620428,2026-02-15 10:14:04.000,REN,PKG_SERVICE_3_GB,2.99,GBP
0e58c3ae-6882-4ba3-a6f0-34cc25d2807b,,447731569607,2026-02-15 10:47:43.000,REN,PKG_SERVICE_3_GB,2.99,GBP
b7caff84-c7a6-489b-a79c-4e27932be07d,,447772529082,2026-02-15 11:04:46.000,UNSUB,PKG_SERVICE_4_GB,0,GBP
fbbc4517-934a-4451-9303-9eacfedcc492,,447756467743,2026-02-15 11:12:26.000,UNSUB,PKG_SERVICE_5_GB,0,GBP
59d104f3-5e31-4ed3-aba1-70b23345b598,,447732624940,2026-02-15 11:26:04.000,UNSUB,PKG_SERVICE_5_GB,0,GBP
11caeb81-ed79-48f7-8762-a0942d8389c1,,447720551138,2026-02-15 12:41:49.000,REN,PKG_SERVICE_5_GB,1.99,GBP
f250adaf-8d61-4f1c-bc6e-450f89672acc,,447771569887,2026-02-15 13:07:46.000,UNSUB,PKG_SERVICE_3_GB,0,GBP
3cc049b7-3ec0-4c50-b90a-a249826fde65,,447793449249,2026-02-15 16:47:43.000,REN,PKG_SERVICE_5_GB,1.99,GBP
4e0e5866-bf50-43c5-8f41-dbd853f20dcd,,447738268098,2026-02-15 17:48:20.000,REN,PKG_SERVICE_5_GB,1.99,GBP
e77aa6e5-533b-46d0-9435-2fb5e2de37db,,447708923961,2026-02-15 18:06:46.000,UNSUB,PKG_SERVICE_5_GB,0,GBP
9f6f75ba-1ed9-48ac-9b18-1a243735ebac,,447767415119,2026-02-15 20:00:48.000,REN,PKG_SERVICE_4_GB,3.49,GBP
062c77e4-d14b-452a-949c-5bff49fe2267,,447702487052,2026-02-15 20:33:08.000,REN,PKG_SERVICE_4_GB,3.49,GBP
4b30c7c2-3b10-4a58-8a7b-71d1b68f3645,,447790691570,2026-02-15 20:43:59.000,REN,PKG_SERVICE_5_GB,1.99,GBP
de37ec6a-ca82-491f-8cbd-d4cde413be4d,,447710159556,2026-02-15 21:10:45.000,REN,PKG_SERVICE_4_GB,3.49,GBP
7532927b-299c-44c2-ba37-cf8e46fea4fe,,447732624940,2026-02-15 21:11:50.000,REN,PKG_SERVICE_5_GB,1.99,GBP
73af5903-a9ca-409b-ac48-5cd428d035c4,,447768616785,2026-02-16 02:01:00.000,UNSUB,PKG_SERVICE_4_GB,0,GBP
a295b25d-cd3f-4a31-8913-30e27d5b65e4,,447788502598,2026-02-16 02:03:21.000,REN,PKG_SERVICE_4_GB,3.49,GBP
e2f13f5c-6d24-4fde-9850-9615b170bc8a,,447750063873,2026-02-16 03:21:54.000,UNSUB,PKG_SERVICE_3_GB,0,GBP
473e6a6f-241c-47f5-868f-f516be5a192f,,447712876292,2026-02-16 03:40:05.000,REN,PKG_SERVICE_4_GB,3.49,GBP
7a5ce3fc-241d-4cf5-a0cb-7c3f35274041,,447711506268,2026-02-16 05:09:44.000,REN,PKG_SERVICE_5_GB,1.99,GBP
0dcb7e6e-bf42-4b7b-90bb-304dc7a5df8b,,447745293048,2026-02-16 05:52:56.000,REN,PKG_SERVICE_3_GB,2.99,GBP
bc981d49-0c3f-4869-afa2-1633bea91e49,,447774932404,2026-02-16 06:58:10.000,REN,PKG_SERVICE_4_GB,3.49,GBP
a1aa23c6-f8cd-48fd-8968-13284c0fc942,,447764799493,2026-02-16 07:19:07.000,REN,PKG_SERVICE_3_GB,2.99,GBP
3461925e-53b1-4fa8-8df6-e4876281d470,,447749853070,2026-02-16 09:02:13.000,REN,PKG_SERVICE_4_GB,3.49,GBP
aad7f2eb-9141-4600-8ffb-3d53c0b43883,,447730059423,2026-02-16 09:08:50.000,REN,PKG_SERVICE_4_GB,3.49,GBP
4f6b13f5-6654-49f5-b663-a80b79a36949,,447712876292,2026-02-16 09:32:08.000,UNSUB,PKG_SERVICE_4_GB,0,GBP
b34ee42c-5441-434a-ab87-8a3685e399f3,,447734763542,2026-02-16 09:52:33.000,REN,PKG_SERVICE_4_GB,3.49,GBP
1f2a64f6-313b-4e6e-a807-d432925d8a35,,447785693701,2026-02-16 10:20:44.000,REN,PKG_SERVICE_4_GB,3.49,GBP
e1351d43-1906-46a5-a933-5ddc1e62d700,,447707942783,2026-02-16 11:51:00.000,REN,PKG_SERVICE_5_GB,1.99,GBP
54df4075-cf8b-4cbf-a021-55f8c87cacaa,,447706198029,2026-02-16 12:19:05.000,REN,PKG_SERVICE_4_GB,3.49,GBP
945413f3-3004-436a-ab24-74b8eb7041c7,,447700246441,2026-02-16 12:30:53.000,REN,PKG_SERVICE_4_GB,3.49,GBP
62359213-a57f-4ba7-8a37-13f618897c8f,,447755935485,2026-02-16 13:44:42.000,REN,PKG_SERVICE_5_GB,1.99,GBP
387d57e0-f236-4126-ade4-f450b37c715d,,447729391665,2026-02-16 13:52:31.000,REN,PKG_SERVICE_3_GB,2.99,GBP
8de98c08-ed8c-46e8-994c-14af3af96516,,447719115022,2026-02-16 14:38:31.000,REN,PKG_SERVICE_3_GB,2.99,GBP
28051756-eed1-4e63-a802-614409031ff4,,447730044180,2026-02-16 17:07:52.000,REN,PKG_SERVICE_5_GB,1.99,GBP
5c03c437-d417-425b-8c2d-0e7047ac0011,,447736671945,2026-02-16 18:01:41.000,REN,PKG_SERVICE_3_GB,2.99,GBP
067181e9-3bcc-45f4-89cd-d04d8cca7543,,447792656784,2026-02-16 18:08:39.000,UNSUB,PKG_SERVICE_3_GB,0,GBP
46b34bd5-06fd-4cca-9c75-5c9fa4662f08,,447784193033,2026-02-16 18:51:43.000,REN,PKG_SERVICE_5_GB,1.99,GBP
28eb5bc2-c658-473a-b01f-bc458dcc4edd,,447795115479,2026-02-16 19:41:25.000,REN,PKG_SERVICE_4_GB,3.49,GBP
4875c404-ba22-496a-9b3a-bfba269295fc,,447751544296,2026-02-16 20:24:38.000,REN,PKG_SERVICE_5_GB,1.99,GBP
640a914c-4ceb-41ea-9579-9ff6caabf1eb,,447772606983,2026-02-16 21:03:40.000,REN,PKG_SERVICE_3_GB,2.99,GBP
d702dc0c-70e4-482c-bc5b-26d04a103177,,447711506268,2026-02-16 22:26:59.000,UNSUB,PKG_SERVICE_5_GB,0,GBP
eb69f892-f4cb-4ab9-a82e-18b1a399261c,,447787370586,2026-02-16 22:39:26.000,REN,PKG_SERVICE_5_GB,1.99,GBP
1a7a0032-97d6-49f8-915a-29ba4c2a8915,,447790785518,2026-02-16 22:57:40.000,REN,PKG_SERVICE_5_GB,1.99,GBP
d79cfc76-3acb-4e46-87ea-a5de603e6e9c,,447759712621,2026-02-16 23:33:12.000,REN,PKG_SERVICE_3_GB,2.99,GBP
ce46042f-88a4-405f-bbd2-830636a4eb57,,447749948990,2026-02-17 00:47:40.000,REN,PKG_SERVICE_3_GB,2.99,GBP
3dc77331-dd67-4167-b530-7a88a42cc014,,447799922910,2026-02-17 01:33:27.000,REN,PKG_SERVICE_5_GB,1.99,GBP
8f6f3a6b-1982-44b2-9052-71da81659f40,,447750076287,2026-02-17 01:38:27.000,REN,PKG_SERVICE_5_GB,1.99,GBP
522bbdbe-2b34-47e8-a2cf-ed867d170651,,447734471618,2026-02-17 02:10:40.000,REN,PKG_SERVICE_3_GB,2.99,GBP
73b77ef0-1598-4ac9-ab1c-abf41283565a,,447796371417,2026-02-17 02:21:15.000,REN,PKG_SERVICE_4_GB,3.49,GBP
396196f3-91de-4dd3-a8e8-b8f1f635cc92,,447750063873,2026-02-17 04:26:03.000,REN,PKG_SERVICE_3_GB,2.99,GBP
c3fe3b85-10d8-4682-a66d-4aeb6dc80e3c,,447795971210,2026-02-17 04:37:14.000,REN,PKG_SERVICE_4_GB,3.49,GBP
54354183-0998-4658-94c2-2092de756893,,447777740212,2026-02-17 04:51:56.000,REN,PKG_SERVICE_3_GB,2.99,GBP
72921a17-0652-41bd-8c87-2d4a3175bbb6,,447793807098,2026-02-17 04:53:51.000,REN,PKG_SERVICE_4_GB,3.49,GBP
db11852f-dadc-4bf7-a4cb-46b5948fb6cc,,447778170831,2026-02-17 05:43:48.000,REN,PKG_SERVICE_4_GB,3.49,GBP
0726cb86-9b51-4ccf-adc5-0464d228883d,,447713159014,2026-02-17 05:52:02.000,UNSUB,PKG_SERVICE_5_GB,0,GBP
249c4e84-d18c-4a2f-9ab4-4eba020596d2,,447760390771,2026-02-17 07:11:35.000,REN,PKG_SERVICE_5_GB,1.99,GBP
b72e5d13-6126-48fe-ac26-99b40c762be4,,447767030804,2026-02-17 07:50:50.000,REN,PKG_SERVICE_3_GB,2.99,GBP
11d9911f-05e0-413c-b046-f4545a9deaee,,447727049136,2026-02-17 08:14:06.000,REN,PKG_SERVICE_5_GB,1.99,GBP
e153f3f1-d85f-4517-8e99-8b73cebf0f95,,447754387848,2026-02-17 08:49:56.000,REN,PKG_SERVICE_3_GB,2.99,GBP
97682890-acf7-4334-b4f3-bcff4e989c1b,,447781545313,2026-02-17 09:09:07.000,REN,PKG_SERVICE_5_GB,1.99,GBP
60104833-1d71-4431-ab1c-a50bde65ae6d,,447746608760,2026-02-17 09:23:36.000,UNSUB,PKG_SERVICE_4_GB,0,GBP
80f7f047-ad5a-4b73-9361-f2367fc419f4,,447738584277,2026-02-17 11:42:14.000,REN,PKG_SERVICE_5_GB,1.99,GBP
7460b4d8-2525-4495-a4c4-628ef4c90e5d,,447763260279,2026-02-17 12:33:44.000,REN,PKG_SERVICE_5_GB,1.99,GBP
dfec1c79-44ba-4e79-afc4-e424de40e98b,,447757145825,2026-02-17 12:42:16.000,REN,PKG_SERVICE_4_GB,3.49,GBP
41a6901a-0619-447b-bd71-52ccaf83ca98,,447765338800,2026-02-17 13:39:35.000,REN,PKG_SERVICE_3_GB,2.99,GBP
f6ea67db-2db4-44db-825e-526e20fcad64,,447742962929,2026-02-17 15:22:28.000,REN,PKG_SERVICE_4_GB,3.49,GBP
9e0699b7-d8fe-4e01-a894-ccafdc6ad0d6,,447795937539,2026-02-17 16:26:49.000,REN,PKG_SERVICE_4_GB,3.49,GBP
4a5fdb5a-41cb-4d33-97c5-a7e97228fb30,,447767254510,2026-02-17 17:00:08.000,UNSUB,PKG_SERVICE_4_GB,0,GBP
2e1b0efa-942f-4f8e-b4a3-c0bace4ab0fe,,447731890372,2026-02-17 17:46:28.000,REN,PKG_SERVICE_3_GB,2.99,GBP
e4e0dafe-3c59-47b8-a9a0-3ccd6dad9434,,447751891599,2026-02-17 18:21:39.000,UNSUB,PKG_SERVICE_3_GB,0,GBP
f35758e6-42cf-436a-a31a-95ec316299b1,,447762461873,2026-02-17 18:47:06.000,REN,PKG_SERVICE_3_GB,2.99,GBP
9aeee3b9-7c45-4183-9e63-49f27214de43,,447799479208,2026-02-17 19:53:22.000,REN,PKG_SERVICE_3_GB,2.99,GBP
287a6bbe-e402-4e12-b05f-085a48adcb15,,447729254326,2026-02-17 20:19:19.000,REN,PKG_SERVICE_3_GB,2.99,GBP
6ca57707-cae3-4b7c-8a79-6cf654c2b4e8,,447729094680,2026-02-17 22:01:29.000,REN,PKG_SERVICE_5_GB,1.99,GBP
5ee61d0a-8909-4a33-8b4e-abc29725be64,,447705246818,2026-02-17 23:53:03.000,REN,PKG_SERVICE_5_GB,1.99,GBP
43d239d1-61af-4cfa-987b-06100fb2c819,,447714499939,2026-02-18 00:36:06.000,REN,PKG_SERVICE_3_GB,2.99,GBP
00392546-91a3-47d2-bffb-0ca727b006ee,,447767254510,2026-02-18 00:38:25.000,REN,PKG_SERVICE_4_GB,3.49,GBP
8bd4904a-77d1-4a52-bc3d-65955b866634,,447703915837,2026-02-18 00:49:43.000,REN,PKG_SERVICE_5_GB,1.99,GBP
2a0039a5-5e31-48ec-8e2c-72636bf99d77,,447786446136,2026-02-18 00:57:21.000,REN,PKG_SERVICE_5_GB,1.99,GBP
e6c98d9d-1415-4192-948f-b8afaff9bb6c,,447771474611,2026-02-18 01:37:00.000,REN,PKG_SERVICE_3_GB,2.99,GBP
a7ee193d-f016-4063-bc0e-ef2c7f93a736,,447772608807,2026-02-18 01:40:33.000,REN,PKG_SERVICE_5_GB,1.99,GBP
a0abb19e-528e-4486-8450-328b4c569677,,447746670189,2026-02-18 04:24:00.000,REN,PKG_SERVICE_3_GB,2.99,GBP
c7251619-b97d-4420-a8ed-6ce881f96fc9,,447711627025,2026-02-18 05:57:53.000,UNSUB,PKG_SERVICE_5_GB,0,GBP
08512ac8-4ed1-47f9-b86c-305fa6d6fb6d,,447714175522,2026-02-18 06:21:29.000,REN,PKG_SERVICE_5_GB,1.99,GBP
b1528568-cee4-447f-b260-23b37975aa6a,,447799851042,2026-02-18 06:26:20.000,REN,PKG_SERVICE_4_GB,3.49,GBP
7a9cab6d-dcec-4469-a6f0-6c761c3d6663,,447729116030,2026-02-18 06:59:59.000,REN,PKG_SERVICE_4_GB,3.49,GBP
ee73caca-fe42-4b97-aca5-970d700e05eb,,447769155641,2026-02-18 07:43:48.000,REN,PKG_SERVICE_3_GB,2.99,GBP
97f70089-3100-43b2-855b-d387754c9454,,447720882659,2026-02-18 08:08:51.000,REN,PKG_SERVICE_3_GB,2.99,GBP
7dc4cc48-1727-47f2-859f-a73d749f536a,,447703970588,2026-02-18 09:39:10.000,REN,PKG_SERVICE_4_GB,3.49,GBP
cc3492f0-0bf0-442a-952c-f01656a01b58,,447744955777,2026-02-18 10:22:56.000,REN,PKG_SERVICE_4_GB,3.49,GBP
f0a0ef71-f59c-47a5-8e9c-ce329d67cf46,,447755082683,2026-02-18 10:34:24.000,REN,PKG_SERVICE_5_GB,1.99,GBP
26c4203c-312a-48ad-93c0-386aadf93237,,447790729706,2026-02-18 11:00:36.000,REN,PKG_SERVICE_3_GB,2.99,GBP
4448c481-14e5-4607-9b83-e549ca743ec1,,447783616818,2026-02-18 11:57:42.000,REN,PKG_SERVICE_3_GB,2.99,GBP
9a7b11d6-b44a-4268-8e85-ed378ad72623,,447751864300,2026-02-18 12:51:12.000,REN,PKG_SERVICE_5_GB,1.99,GBP
1961171f-7897-4f1f-9811-85a855f81c86,,447710442549,2026-02-18 13:48:17.000,REN,PKG_SERVICE_3_GB,2.99,GBP
65c3aae9-b8d3-4a1e-aef3-762d6d2196ba,,447758042832,2026-02-18 14:29:10.000,REN,PKG_SERVICE_4_GB,3.49,GBP
9aa6cec7-6213-4711-90fc-a6d151aff2ce,,447714477980,2026-02-18 15:27:11.000,REN,PKG_SERVICE_3_GB,2.99,GBP
f56328f1-4f75-40ed-934f-e7b51aaf035f,,447714781961,2026-02-18 16:05:20.000,REN,PKG_SERVICE_4_GB,3.49,GBP
3f547b0b-0e1a-4289-bcbc-50a1701a22ad,,447730491229,2026-02-18 16:17:48.000,REN,PKG_SERVICE_3_GB,2.99,GBP
9e83d2f2-f2f5-4e2e-ace8-48dcb66560bb,,447760256759,2026-02-18 16:23:44.000,REN,PKG_SERVICE_3_GB,2.99,GBP
e9bd4ed2-8045-42ab-8d2c-0982606261e6,,447701045104,2026-02-18 16:25:51.000,REN,PKG_SERVICE_4_GB,3.49,GBP
bd03b64d-3d2a-4ccc-a93b-30abb355479e,,447782190882,2026-02-18 20:35:27.000,REN,PKG_SERVICE_5_GB,1.99,GBP
a1d298bc-c1be-4d08-8b5c-c35436108d3c,,447724891480,2026-02-18 22:17:53.000,REN,PKG_SERVICE_3_GB,2.99,GBP
e2bbb482-352a-43a9-ab5d-2dc62b931c47,,447718725746,2026-02-18 22:37:30.000,REN,PKG_SERVICE_3_GB,2.99,GBP
86dd1d29-5469-4377-9f89-869c11a1e40e,,447761144453,2026-02-18 23:11:13.000,REN,PKG_SERVICE_4_GB,3.49,GBP
1dc158b6-7a73-4a0f-8003-8881a922bbb6,,447772849482,2026-02-19 00:00:43.000,REN,PKG_SERVICE_4_GB,3.49,GBP
08a40fb1-2245-49de-ac2a-e8eecfcceb0f,,447765235952,2026-02-19 00:39:33.000,REN,PKG_SERVICE_3_GB,2.99,GBP
7f2969aa-1260-43dd-a5c3-ed3b2b162aff,,447709220012,2026-02-19 01:08:16.000,REN,PKG_SERVICE_3_GB,2.99,GBP
08c51e34-6d37-4c65-953d-fb87c84f5483,,447736272765,2026-02-19 02:17:49.000,REN,PKG_SERVICE_4_GB,3.49,GBP
2a096a58-1820-49f3-944e-602522ca9719,,447774855360,2026-02-19 03:01:18.000,REN,PKG_SERVICE_5_GB,1.99,GBP
a166e152-2733-4e49-8cf0-40b6afd85998,,447704372705,2026-02-19 05:36:12.000,REN,PKG_SERVICE_5_GB,1.99,GBP
a50e2fee-5228-4df6-826d-7a9501069024,,447792656784,2026-02-19 05:55:35.000,REN,PKG_SERVICE_3_GB,2.99,GBP
f4cbc1dd-2818-48c5-b24a-c7464a9c3f7f,,447780940943,2026-02-19 07:36:09.000,REN,PKG_SERVICE_3_GB,2.99,GBP
7da992ab-80b1-4a39-810a-c4a631b012c9,,447722622570,2026-02-19 07:54:59.000,REN,PKG_SERVICE_5_GB,1.99,GBP
31b73d7e-a56b-4d43-a797-f4321d496cef,,447745601499,2026-02-19 07:58:56.000,REN,PKG_SERVICE_4_GB,3.49,GBP
516c3f48-2da5-4c53-a8ce-78bac7f24be8,,447769479389,2026-02-19 09:01:37.000,REN,PKG_SERVICE_5_GB,1.99,GBP
5c606bdc-c671-47ef-9b1b-9b5dc75433b8,,447753201789,2026-02-19 10:27:45.000,REN,PKG_SERVICE_5_GB,1.99,GBP
088fce36-bf49-4f6c-ad51-8ecd4a5263df,,447737034836,2026-02-19 12:27:56.000,REN,PKG_SERVICE_3_GB,2.99,GBP
88144a1e-3c32-4280-b942-c84bb8c8b5c9,,447772089727,2026-02-19 12:30:03.000,REN,PKG_SERVICE_4_GB,3.49,GBP
966cc00e-a487-4c40-a8ea-078b41d70264,,447773005516,2026-02-19 14:35:34.000,REN,PKG_SERVICE_3_GB,2.99,GBP
78ceab72-f19f-459f-9f67-75effeedf3f3,,447700119541,2026-02-19 15:48:45.000,REN,PKG_SERVICE_3_GB,2.99,GBP
fa72e30f-aa5d-4b98-81f7-3c0ce209d968,,447756772175,2026-02-19 16:05:49.000,REN,PKG_SERVICE_4_GB,3.49,GBP
52e1a3a6-2aa9-411e-99af-97f2e1284ad4,,447743384486,2026-02-19 16:35:33.000,REN,PKG_SERVICE_3_GB,2.99,GBP
3c4b39f9-58d6-4e45-b5aa-e34d9a80d7a1,,447746394080,2026-02-19 16:51:18.000,REN,PKG_SERVICE_4_GB,3.49,GBP
7068e8be-4285-45b5-ade8-d7478a80f29b,,447719355463,2026-02-19 17:32:13.000,REN,PKG_SERVICE_4_GB,3.49,GBP
0eaa2df6-00cb-462c-b997-d66dd7dc0d8b,,447730313223,2026-02-19 18:07:14.000,REN,PKG_SERVICE_5_GB,1.99,GBP
a7a882d4-f917-4829-82c0-45c3201e1825,,447747981370,2026-02-19 20:07:39.000,REN,PKG_SERVICE_5_GB,1.99,GBP
d6541731-b647-4b12-a094-83ea97588bce,,447759975994,2026-02-19 22:28:17.000,REN,PKG_SERVICE_3_GB,2.99,GBP
77aae283-13ad-4628-bead-b99966bb348e,,447751749943,2026-02-19 22:41:04.000,REN,PKG_SERVICE_4_GB,3.49,GBP
5aa82e55-1e14-481f-9a60-9d7025802276,,447719557927,2026-02-19 22:44:42.000,REN,PKG_SERVICE_4_GB,3.49,GBP
2f42c14f-5dbc-422c-9174-56f750dd65a7,,447789874525,2026-02-20 00:15:00.000,REN,PKG_SERVICE_5_GB,1.99,GBP
c68158ce-9706-4260-aac0-ab2e24c710f3,,447736163966,2026-02-20 00:32:51.000,REN,PKG_SERVICE_5_GB,1.99,GBP
f0c61f62-aa6e-4002-a2d1-d9584f5686cf,,447737833450,2026-02-20 01:50:23.000,REN,PKG_SERVICE_4_GB,3.49,GBP
a4b5dc37-b98f-4c4e-9bdd-9430ee62650b,,447721402848,2026-02-20 01:56:21.000,REN,PKG_SERVICE_3_GB,2.99,GBP
fa2812fa-e9be-408b-aaf6-23b0ebeade94,,447774815145,2026-02-20 02:18:55.000,UNSUB,PKG_SERVICE_4_GB,0,GBP
2541284b-fbac-45d5-ae08-13c81454157b,,447747626986,2026-02-20 02:43:31.000,REN,PKG_SERVICE_5_GB,1.99,GBP
5e4713b5-3dde-4f8e-8635-faa4aceac873,,447796705274,2026-02-20 04:21:11.000,REN,PKG_SERVICE_5_GB,1.99,GBP
7bb1f79f-64a7-4763-bbec-f3ecdd216601,,447794497425,2026-02-20 04:27:43.000,REN,PKG_SERVICE_4_GB,3.49,GBP
141ca728-ad63-494e-b234-6650c0b54cae,,447792603567,2026-02-20 04:46:06.000,REN,PKG_SERVICE_5_GB,1.99,GBP
da39f143-ec06-4da9-9996-a8eb69475150,,447708623748,2026-02-20 05:08:09.000,REN,PKG_SERVICE_5_GB,1.99,GBP
9d14232d-1e2f-43fa-b126-4a990362ec17,,447764568678,2026-02-20 05:08:24.000,REN,PKG_SERVICE_3_GB,2.99,GBP
3f9704b8-10c4-4ca5-bcf3-329d9f9773a7,,447793610030,2026-02-20 05:24:53.000,REN,PKG_SERVICE_3_GB,2.99,GBP
a7d9b250-976e-4be2-9954-fc9fb196df1d,,447735541886,2026-02-20 06:49:37.000,REN,PKG_SERVICE_3_GB,2.99,GBP
19be6c69-5168-4c8a-9e34-14b712760a7a,,447700789557,2026-02-20 07:08:11.000,REN,PKG_SERVICE_3_GB,2.99,GBP
bb37edc0-1dde-4622-9b34-e3e452fd6409,,447715344844,2026-02-20 07:58:52.000,REN,PKG_SERVICE_5_GB,1.99,GBP
ab9d1c42-1e3e-436d-b2df-b886b7ea839a,,447770608357,2026-02-20 08:11:19.000,REN,PKG_SERVICE_3_GB,2.99,GBP
f2b2abf2-e059-4e55-a1ab-e847b95c8289,,447796451733,2026-02-20 08:23:32.000,REN,PKG_SERVICE_5_GB,1.99,GBP
9cde6923-77e0-4c15-9d31-ab293a853be4,,447778350617,2026-02-20 08:26:25.000,REN,PKG_SERVICE_5_GB,1.99,GBP
3feb3eff-c18e-4061-87c7-995b930b1a74,,447737445821,2026-02-20 08:40:49.000,REN,PKG_SERVICE_4_GB,3.49,GBP
60e6fc04-a664-4bdd-bb23-8a9cd25a11c5,,447752805153,2026-02-20 09:44:11.000,REN,PKG_SERVICE_4_GB,3.49,GBP
a0233933-4f31-4c41-87d7-5f22c1943741,,447778985716,2026-02-20 09:47:20.000,REN,PKG_SERVICE_5_GB,1.99,GBP
15185504-74ba-4067-b020-e378dfb06296,,447737114487,2026-02-20 10:01:42.000,REN,PKG_SERVICE_4_GB,3.49,GBP
79b94b26-7fc5-4ef1-a106-0d1a58323ce6,,447750398843,2026-02-20 10:25:24.000,REN,PKG_SERVICE_5_GB,1.99,GBP
cabadbb6-b76c-4766-a94e-9e9cf85d1659,,447759543482,2026-02-20 10:46:08.000,UNSUB,PKG_SERVICE_3_GB,0,GBP
07a3f8d0-140d-4b39-ba16-b91d463776eb,,447713038097,2026-02-20 10:52:26.000,REN,PKG_SERVICE_3_GB,2.99,GBP
51fbed4e-6180-4c19-b035-95dfdc503f92,,447776268457,2026-02-20 11:22:36.000,REN,PKG_SERVICE_3_GB,2.99,GBP
92104204-8eb0-4410-9b4d-d6c0124b4253,,447741013767,2026-02-20 12:27:34.000,REN,PKG_SERVICE_5_GB,1.99,GBP
f0db0bcb-30c8-405a-8819-ead8946e3f20,,447729230007,2026-02-20 13:07:31.000,REN,PKG_SERVICE_3_GB,2.99,GBP
11d0af02-ad10-4bf1-b211-03f9332159ab,,447772318023,2026-02-20 14:11:43.000,REN,PKG_SERVICE_5_GB,1.99,GBP
b8da8e27-6d67-4804-9d9c-7673dc38cbb0,,447767781378,2026-02-20 15:14:42.000,REN,PKG_SERVICE_4_GB,3.49,GBP
3e2ba86c-8312-45eb-af30-6c5f1dd12472,,447739540169,2026-02-20 15:45:33.000,REN,PKG_SERVICE_4_GB,3.49,GBP
6c7bb7a7-4c16-47d7-86ab-7bdd836fad09,,447755082683,2026-02-20 16:09:17.000,UNSUB,PKG_SERVICE_5_GB,0,GBP
94f1e816-b958-4903-ac5f-400b7cc9b410,,447761485721,2026-02-20 16:19:19.000,REN,PKG_SERVICE_5_GB,1.99,GBP
d2411d63-3db0-4c1e-8666-7348bbf6ca9a,,447783532006,2026-02-20 16:20:20.000,REN,PKG_SERVICE_5_GB,1.99,GBP
330b5d05-f31a-4dfa-8f3c-473d599a22cc,,447769955480,2026-02-20 17:13:55.000,REN,PKG_SERVICE_3_GB,2.99,GBP
d9e4b16b-e562-40d1-8717-1af9c9abecc8,,447765208810,2026-02-20 18:36:17.000,UNSUB,PKG_SERVICE_4_GB,0,GBP
2c7bbd01-f9fc-4d11-8d50-03a097f97267,,447768983526,2026-02-20 18:42:10.000,REN,PKG_SERVICE_3_GB,2.99,GBP
37381613-1da1-4689-967c-fbdbd3be39e7,,447788433793,2026-02-20 19:12:17.000,REN,PKG_SERVICE_3_GB,2.99,GBP
4c34daf0-7a77-4a9c-bfb5-b99dbfacad02,,447759834448,2026-02-20 20:17:02.000,REN,PKG_SERVICE_4_GB,3.49,GBP
66db517b-2511-4521-9c13-7dd86961427c,,447750961074,2026-02-20 20:48:16.000,REN,PKG_SERVICE_5_GB,1.99,GBP
2e20daea-5048-4882-943d-7be3c8399b06,,447722200740,2026-02-20 21:09:04.000,REN,PKG_SERVICE_5_GB,1.99,GBP
83c6fa1a-6c83-4c81-80a4-4a3caf1cca69,,447719883543,2026-02-20 21:42:13.000,REN,PKG_SERVICE_5_GB,1.99,GBP
76620435-66f9-49d7-966d-7b1a7e22f14c,,447757128927,2026-02-20 22:16:20.000,REN,PKG_SERVICE_3_GB,2.99,GBP
b618f924-0123-4066-8c32-64ddc73faadb,,447722152203,2026-02-20 22:32:09.000,REN,PKG_SERVICE_3_GB,2.99,GBP
94178f59-6140-474c-a66f-3468e6bf6eaa,,447737004114,2026-02-20 23:41:40.000,REN,PKG_SERVICE_5_GB,1.99,GBP
9a0c0cbf-6c3f-452e-bdb5-7154b658b934,,447775622613,2026-02-21 00:16:22.000,REN,PKG_SERVICE_5_GB,1.99,GBP
18f61416-445a-4990-97f7-1289efcc6c28,,447740182718,2026-02-21 00:25:22.000,REN,PKG_SERVICE_3_GB,2.99,GBP
d17d2549-c7db-4715-87fd-6442172c502b,,447768152161,2026-02-21 00:30:07.000,REN,PKG_SERVICE_4_GB,3.49,GBP
42971668-6945-47a5-be85-d2562e6e844d,,447740913229,2026-02-21 01:06:06.000,UNSUB,PKG_SERVICE_3_GB,0,GBP
f1b4faa0-4749-4217-aa8b-c9d6a3b1d111,,447720807883,2026-02-21 01:30:30.000,UNSUB,PKG_SERVICE_4_GB,0,GBP
58dab910-ff23-4951-a3c8-486ef9da3f8a,,447709108928,2026-02-21 02:17:44.000,REN,PKG_SERVICE_4_GB,3.49,GBP
1056d044-010a-4993-8b6a-03ca9b0f00de,,447774855794,2026-02-21 02:32:23.000,REN,PKG_SERVICE_5_GB,1.99,GBP
642ad519-a392-4085-98a5-61d765b2066e,,447742674149,2026-02-21 02:48:11.000,UNSUB,PKG_SERVICE_4_GB,0,GBP
9b87608d-8365-4522-a69f-42b78b1a2b13,,447795012576,2026-02-21 03:27:09.000,REN,PKG_SERVICE_5_GB,1.99,GBP
993fb9ee-1fd2-48ae-be4d-ed4cd0c58eb7,,447788827989,2026-02-21 03:34:39.000,REN,PKG_SERVICE_4_GB,3.49,GBP
8258371c-b981-43ff-8616-5bd17bb66192,,447720839788,2026-02-21 03:48:10.000,REN,PKG_SERVICE_4_GB,3.49,GBP
b66f2773-4cbf-468d-9076-1904d1f737f1,,447726902364,2026-02-21 04:45:35.000,REN,PKG_SERVICE_5_GB,1.99,GBP
d5210f79-3df7-40c2-96ab-648aba4d4201,,447712577966,2026-02-21 05:44:43.000,REN,PKG_SERVICE_5_GB,1.99,GBP
b615bb35-67c6-45ea-8e72-bad411ff18ee,,447749102212,2026-02-21 07:47:18.000,REN,PKG_SERVICE_3_GB,2.99,GBP
3d5537c3-770e-4cae-aa6c-e42056c18c09,,447729404895,2026-02-21 09:44:20.000,REN,PKG_SERVICE_4_GB,3.49,GBP
d5a5035a-e521-4949-83f8-deb36fccf966,,447705918491,2026-02-21 10:34:36.000,REN,PKG_SERVICE_3_GB,2.99,GBP
6e7b96e7-5589-44ca-b70a-42c3c4344db5,,447760083821,2026-02-21 11:51:21.000,REN,PKG_SERVICE_4_GB,3.49,GBP
a6371b06-a369-4a55-ad2e-66b48f33c9c9,,447798253306,2026-02-21 12:10:30.000,REN,PKG_SERVICE_5_GB,1.99,GBP
01571f99-f5e8-42ef-a687-e3f37cf835c9,,447745943211,2026-02-21 15:24:09.000,REN,PKG_SERVICE_5_GB,1.99,GBP
07b55f0f-a517-4243-93e6-59cb8d50fffc,,447739212411,2026-02-21 15:55:59.000,REN,PKG_SERVICE_3_GB,2.99,GBP
ae26d2de-76d6-465b-beaf-aa1bd7bf771a,,447791054393,2026-02-21 16:19:56.000,REN,PKG_SERVICE_4_GB,3.49,GBP
d354eeba-adcf-422b-9651-8c9216492f65,,447774219885,2026-02-21 16:51:50.000,REN,PKG_SERVICE_3_GB,2.99,GBP
86ccaeda-bc1a-47ba-abd2-284b95dd526a,,447793641873,2026-02-21 17:10:16.000,REN,PKG_SERVICE_3_GB,2.99,GBP
6b724015-3a87-4b1f-92ae-babd2af3fa12,,447751089121,2026-02-21 17:19:20.000,REN,PKG_SERVICE_4_GB,3.49,GBP
2bc065d8-e3f0-41b2-8648-3519281596a0,,447710793004,2026-02-21 17:31:52.000,REN,PKG_SERVICE_4_GB,3.49,GBP
a02cde9d-0b5a-4c85-b7a9-80c65ac4cc3c,,447724743104,2026-02-21 18:45:20.000,REN,PKG_SERVICE_3_GB,2.99,GBP
3d258ce3-5559-4a8c-8560-f4c72fb6f7a5,,447721627853,2026-02-21 18:50:11.000,REN,PKG_SERVICE_4_GB,3.49,GBP
0dc66682-c1f6-4cb8-b76d-2a80fb50b1ce,,447769682068,2026-02-21 19:55:10.000,REN,PKG_SERVICE_5_GB,1.99,GBP
2d5b7469-e5e9-4275-9380-87dc5627d4cd,,447756706417,2026-02-21 21:00:46.000,REN,PKG_SERVICE_4_GB,3.49,GBP
8d259839-e683-479b-8e87-d0df73bca0d0,,447749472893,2026-02-21 21:46:45.000,REN,PKG_SERVICE_3_GB,2.99,GBP
b40a13d0-3a47-4fe5-903f-6fc8a05a30fa,,447751386002,2026-02-21 23:55:08.000,REN,PKG_SERVICE_3_GB,2.99,GBP
a2a25d01-efa1-4bc2-aeb9-a89035784c5a,,447795126075,2026-02-22 00:21:43.000,REN,PKG_SERVICE_5_GB,1.99,GBP
8f10e297-85f5-43e6-b32f-1f8a93c4ae9d,,447786579527,2026-02-22 01:13:20.000,REN,PKG_SERVICE_5_GB,1.99,GBP
3eb264d9-0aa0-4d85-9786-32f9abd024b3,,447751891599,2026-02-22 03:08:11.000,REN,PKG_SERVICE_3_GB,2.99,GBP
fa8c6309-be16-4180-83f9-de61d57d22c2,,447783034235,2026-02-22 03:50:19.000,REN,PKG_SERVICE_5_GB,1.99,GBP
c6454425-264b-4d76-a433-282869858c7b,,447793271579,2026-02-22 04:53:43.000,REN,PKG_SERVICE_5_GB,1.99,GBP
f9670b7c-a9f0-4862-af5f-7e67cca03fde,,447792209836,2026-02-22 09:15:44.000,REN,PKG_SERVICE_4_GB,3.49,GBP
5938353e-e0a7-4b8e-9382-c4775df0a81b,,447776646143,2026-02-22 10:58:02.000,REN,PKG_SERVICE_3_GB,2.99,GBP
27422d69-1e67-4325-9965-be16d41eb222,,447765338800,2026-02-22 13:35:02.000,UNSUB,PKG_SERVICE_3_GB,0,GBP
494525ee-0177-4ff5-83a2-2f38cac0a61f,,447720551138,2026-02-22 14:06:44.000,REN,PKG_SERVICE_5_GB,1.99,GBP
e3b31390-48ce-4779-aa1f-2990863c80a3,,447710793004,2026-02-22 17:18:55.000,UNSUB,PKG_SERVICE_4_GB,0,GBP
0beeaa74-7909-4fb0-bed1-d0303c0b85e8,,447757154551,2026-02-22 17:23:03.000,UNSUB,PKG_SERVICE_3_GB,0,GBP
128fab34-1444-40ad-b34d-beecc4845ad4,,447714175522,2026-02-22 17:47:43.000,UNSUB,PKG_SERVICE_5_GB,0,GBP
6afeb3e8-f8cd-474e-a1f3-1d0c8f64e7c0,,447738268098,2026-02-22 17:55:31.000,REN,PKG_SERVICE_5_GB,1.99,GBP
ac5ea724-f07d-4015-82de-b5a6e08e3d87,,447790691570,2026-02-22 19:26:12.000,REN,PKG_SERVICE_5_GB,1.99,GBP
e2f817fe-15e0-4aef-80e6-a735495e57cb,,447767415119,2026-02-22 20:40:27.000,REN,PKG_SERVICE_4_GB,3.49,GBP
0478ff6b-bb9f-44a0-8ef4-d07d7eb1c210,,447710159556,2026-02-22 21:12:16.000,REN,PKG_SERVICE_4_GB,3.49,GBP
82524a04-b8cf-457c-9529-b246ed471c58,,447712876292,2026-02-23 02:28:26.000,REN,PKG_SERVICE_4_GB,3.49,GBP
4ad4f5e9-1225-4af8-9308-e295c522751a,,447788502598,2026-02-23 02:39:13.000,REN,PKG_SERVICE_4_GB,3.49,GBP
1c58ceb9-e4d2-4426-8681-ecc9a8ebbe44,,447711506268,2026-02-23 03:52:32.000,REN,PKG_SERVICE_5_GB,1.99,GBP
f4ebceb5-dc9b-4159-81cb-8a1467465ce9,,447795012576,2026-02-23 04:01:02.000,UNSUB,PKG_SERVICE_5_GB,0,GBP
30612efd-cebf-478f-8d85-aaf45f6a70b7,,447796451733,2026-02-23 05:48:14.000,UNSUB,PKG_SERVICE_5_GB,0,GBP
beb7cc3c-0d56-48f1-80ca-91bd9c501350,,447734763542,2026-02-23 08:22:00.000,REN,PKG_SERVICE_4_GB,3.49,GBP
415d6ca2-fd73-4aa7-9a4e-74aa1995bdf4,,447754710973,2026-02-23 08:38:34.000,UNSUB,PKG_SERVICE_5_GB,0,GBP
7a556f32-cc8e-4a70-9927-bca205eec484,,447785693701,2026-02-23 09:32:08.000,REN,PKG_SERVICE_4_GB,3.49,GBP
3f0d1858-9686-45ed-b743-6747f5d54901,,447707942783,2026-02-23 10:57:26.000,REN,PKG_SERVICE_5_GB,1.99,GBP
bb05c573-a760-45b8-891c-ca55aa1ea49d,,447761255892,2026-02-23 11:21:32.000,UNSUB,PKG_SERVICE_4_GB,0,GBP
62bdab96-9731-41d8-953f-d781bf2dad51,,447700246441,2026-02-23 12:13:10.000,REN,PKG_SERVICE_4_GB,3.49,GBP
b5cbe983-5ffb-49fc-a286-57e413d0a032,,447706198029,2026-02-23 13:27:30.000,REN,PKG_SERVICE_4_GB,3.49,GBP
f5de10b4-32fc-44c1-9fd7-acd0069ce255,,447736671945,2026-02-23 17:13:35.000,REN,PKG_SERVICE_3_GB,2.99,GBP
08d0d7a3-2726-4d40-8b67-98ee85905d63,,447795115479,2026-02-23 19:44:59.000,REN,PKG_SERVICE_4_GB,3.49,GBP
7c133cd3-65d2-474a-9611-6c994c717d89,,447772606983,2026-02-23 20:52:55.000,REN,PKG_SERVICE_3_GB,2.99,GBP
ff939769-0924-4e9f-83b9-3aaad0485c3d,,447759712621,2026-02-24 00:29:52.000,REN,PKG_SERVICE_3_GB,2.99,GBP
68d48bdc-7fe8-48c2-bdcc-0c21e291c279,,447796371417,2026-02-24 02:01:37.000,REN,PKG_SERVICE_4_GB,3.49,GBP
c27b8c97-75b8-4aae-9f5d-02bc02c794b9,,447750076287,2026-02-24 02:24:14.000,REN,PKG_SERVICE_5_GB,1.99,GBP
d8e613da-6330-4fb2-b130-ce849d612083,,447734471618,2026-02-24 02:53:37.000,REN,PKG_SERVICE_3_GB,2.99,GBP
529c7f96-b75e-4251-b306-1fc24b035fe4,,447777740212,2026-02-24 04:23:06.000,REN,PKG_SERVICE_3_GB,2.99,GBP
f3af7792-64c9-40c1-bbca-40aaaccd7d26,,447793807098,2026-02-24 06:24:48.000,REN,PKG_SERVICE_4_GB,3.49,GBP
79b2e1d0-1824-46f2-bc90-bb608e51ce48,,447760390771,2026-02-24 07:03:19.000,REN,PKG_SERVICE_5_GB,1.99,GBP
56c4592d-1f54-42c5-892f-0c09c2ba54d9,,447767030804,2026-02-24 08:24:35.000,REN,PKG_SERVICE_3_GB,2.99,GBP
59a03b0a-89dc-4d1c-a689-0fffd26b74d8,,447754387848,2026-02-24 08:29:44.000,REN,PKG_SERVICE_3_GB,2.99,GBP
a556b4f7-4523-4ff0-b4e0-0a89a9ae7642,,447781545313,2026-02-24 08:38:25.000,REN,PKG_SERVICE_5_GB,1.99,GBP
ca5ae52b-cc0d-4cdf-851f-231e275e802d,,447727049136,2026-02-24 09:52:05.000,REN,PKG_SERVICE_5_GB,1.99,GBP
2df211a3-e1ac-4561-a1ad-203565d47c98,,447763260279,2026-02-24 11:56:34.000,REN,PKG_SERVICE_5_GB,1.99,GBP
3c6b8579-6b4c-4199-adbb-cea7453713f9,,447738584277,2026-02-24 13:02:07.000,REN,PKG_SERVICE_5_GB,1.99,GBP
be60ea5b-06b1-4a15-b7f4-9761c1be524d,,447757145825,2026-02-24 13:06:05.000,REN,PKG_SERVICE_4_GB,3.49,GBP
b30f3d6a-22c8-43c4-9bf7-45cb37c946bc,,447795937539,2026-02-24 15:10:58.000,REN,PKG_SERVICE_4_GB,3.49,GBP
6db2c9ae-b67d-42f4-8116-4f257f48f2ea,,447731890372,2026-02-24 17:41:41.000,REN,PKG_SERVICE_3_GB,2.99,GBP
3a8a393e-44b7-4b17-a276-e721978c9c27,,447762461873,2026-02-24 18:32:12.000,REN,PKG_SERVICE_3_GB,2.99,GBP
4e9bdafe-6742-4213-9fcb-01352864f8c0,,447729254326,2026-02-24 18:47:48.000,REN,PKG_SERVICE_3_GB,2.99,GBP
723dcd65-5eb2-49a8-8a9f-9f1ba43d38c6,,447729094680,2026-02-24 21:13:45.000,REN,PKG_SERVICE_5_GB,1.99,GBP
8e86b9ad-6819-453c-b3f2-ebd4152e36f2,,447703915837,2026-02-25 01:04:11.000,REN,PKG_SERVICE_5_GB,1.99,GBP
cc5e2881-a905-4f60-ab09-c98e0ddaf3de,,447767254510,2026-02-25 01:17:19.000,REN,PKG_SERVICE_4_GB,3.49,GBP
48407b0a-7fd2-4470-aded-704980dedf91,,447786446136,2026-02-25 01:24:37.000,REN,PKG_SERVICE_5_GB,1.99,GBP
c67c92dc-db2b-411c-b86c-a6651e122191,,447714499939,2026-02-25 02:02:15.000,REN,PKG_SERVICE_3_GB,2.99,GBP
efb57f26-970c-4399-a6b0-a1ba9e17017b,,447714175522,2026-02-25 05:12:36.000,REN,PKG_SERVICE_5_GB,1.99,GBP
422527f7-83f0-4bed-881c-234e6a5d5c55,,447729116030,2026-02-25 07:22:24.000,REN,PKG_SERVICE_4_GB,3.49,GBP
f0b65de2-0ee4-4860-896b-716e156f1ea9,,447755082683,2026-02-25 09:04:12.000,REN,PKG_SERVICE_5_GB,1.99,GBP
ca55c097-612b-4f98-b2cd-f4fe45290a7d,,447751864300,2026-02-25 11:54:33.000,REN,PKG_SERVICE_5_GB,1.99,GBP
af8d6a7c-e4b8-430e-85ca-be23801677c1,,447714781961,2026-02-25 16:04:30.000,REN,PKG_SERVICE_4_GB,3.49,GBP
082f6ff7-3d57-4c7b-a307-29c95cffff04,,447701045104,2026-02-25 17:20:24.000,REN,PKG_SERVICE_4_GB,3.49,GBP
8ba92c2e-8202-49ac-88a5-837f5ffec9bf,,447724891480,2026-02-25 22:06:43.000,REN,PKG_SERVICE_3_GB,2.99,GBP
7df919b1-651b-4272-9c14-e387b4f1c387,,447765235952,2026-02-25 23:45:50.000,REN,PKG_SERVICE_3_GB,2.99,GBP
f6ffc84c-1469-4967-b85d-64cbba8e9a65,,447761144453,2026-02-26 00:27:32.000,REN,PKG_SERVICE_4_GB,3.49,GBP
a244922f-1a15-4e83-b8af-fd65a4d48742,,447709220012,2026-02-26 00:57:17.000,REN,PKG_SERVICE_3_GB,2.99,GBP
22f96074-98b1-48ad-b062-fed2f6b20687,,447792656784,2026-02-26 06:22:32.000,REN,PKG_SERVICE_3_GB,2.99,GBP
dcd4d4c0-b786-4ac7-8830-56522934b381,,447722622570,2026-02-26 06:54:08.000,REN,PKG_SERVICE_5_GB,1.99,GBP
83c2153d-08a7-4c2f-99c3-276aac96d2d0,,447769479389,2026-02-26 09:20:56.000,REN,PKG_SERVICE_5_GB,1.99,GBP
94a5e744-f8b1-4a49-8808-0687c77a752f,,447737034836,2026-02-26 13:21:06.000,REN,PKG_SERVICE_3_GB,2.99,GBP
c2752070-cfae-48d7-beb2-5c9e67a4139a,,447756772175,2026-02-26 15:00:24.000,REN,PKG_SERVICE_4_GB,3.49,GBP
b8b5fa25-1106-43bc-843d-15dac08addc3,,447743384486,2026-02-26 16:15:33.000,REN,PKG_SERVICE_3_GB,2.99,GBP
a179b2a3-a0ac-43ea-bbff-405129dfc10e,,447746394080,2026-02-26 16:35:00.000,REN,PKG_SERVICE_4_GB,3.49,GBP
36cff4b6-2395-44c1-aa92-799b22a2bec1,,447719355463,2026-02-26 17:21:11.000,REN,PKG_SERVICE_4_GB,3.49,GBP
8ea015e1-a25c-4c6f-9132-b14c2b16dc61,,447747981370,2026-02-26 19:50:30.000,REN,PKG_SERVICE_5_GB,1.99,GBP
fc50a7a2-f2e6-44df-91ca-d4de44a0709e,,447751749943,2026-02-26 22:27:37.000,REN,PKG_SERVICE_4_GB,3.49,GBP
1ef841ca-f898-478c-a717-086718943c52,,447721402848,2026-02-27 01:53:49.000,REN,PKG_SERVICE_3_GB,2.99,GBP
11db0d91-ddba-4120-837b-65f53a6f7228,,447796705274,2026-02-27 03:17:54.000,REN,PKG_SERVICE_5_GB,1.99,GBP
08ef19da-f08a-4f5e-b5dc-dec3c00ef8e7,,447737833450,2026-02-27 03:18:08.000,REN,PKG_SERVICE_4_GB,3.49,GBP
9d955be3-e77f-4b1e-89f4-9364f7968587,,447794497425,2026-02-27 04:08:23.000,REN,PKG_SERVICE_4_GB,3.49,GBP
7d6eb25d-7277-49e4-9d01-bcc89a976ca3,,447793610030,2026-02-27 05:34:40.000,REN,PKG_SERVICE_3_GB,2.99,GBP
bc9b18eb-e560-44d6-a630-dacf5cc2a2f0,,447770608357,2026-02-27 07:41:02.000,REN,PKG_SERVICE_3_GB,2.99,GBP
045b4e84-42c2-4578-a276-df347289eba4,,447735541886,2026-02-27 07:46:56.000,REN,PKG_SERVICE_3_GB,2.99,GBP
c6a77c41-2db2-4f8f-bd98-693199ea7bce,,447752805153,2026-02-27 08:55:26.000,REN,PKG_SERVICE_4_GB,3.49,GBP
89a472ee-ce66-48cb-bafe-5f357f3a96fb,,447737445821,2026-02-27 09:37:15.000,REN,PKG_SERVICE_4_GB,3.49,GBP
58f40c97-253e-4868-9287-1270936a13c1,,447729798819,2026-02-27 09:59:26.000,UNSUB,PKG_SERVICE_3_GB,0,GBP
eda77f83-3325-47bf-ab04-4cd62565a97d,,447776268457,2026-02-27 10:24:22.000,REN,PKG_SERVICE_3_GB,2.99,GBP
fe34b924-2a15-4eb8-ad11-512838df2e36,,447713038097,2026-02-27 10:37:05.000,REN,PKG_SERVICE_3_GB,2.99,GBP
3054c65d-f519-4d90-ac68-cb7c527de9fc,,447750398843,2026-02-27 11:05:54.000,REN,PKG_SERVICE_5_GB,1.99,GBP
f9862bbc-5107-4e9b-a50a-2a012c094776,,447737114487,2026-02-27 11:24:48.000,REN,PKG_SERVICE_4_GB,3.49,GBP
4c4e8c2e-9ab2-48c6-9b1c-77ac18356bc9,,447729230007,2026-02-27 12:53:40.000,REN,PKG_SERVICE_3_GB,2.99,GBP
f02c14e1-f498-4b01-8d4b-d20c4ed20351,,447704158041,2026-02-27 12:53:46.000,UNSUB,PKG_SERVICE_3_GB,0,GBP
e9476a3b-05a9-4150-94a7-b2692ec0793a,,447767781378,2026-02-27 16:05:12.000,REN,PKG_SERVICE_4_GB,3.49,GBP
ad39c40f-f2ce-4f01-90a4-fa70062085ee,,447783532006,2026-02-27 16:50:21.000,REN,PKG_SERVICE_5_GB,1.99,GBP
bfa550fb-008b-4d25-83ae-45a13e771f03,,447739540169,2026-02-27 17:01:40.000,REN,PKG_SERVICE_4_GB,3.49,GBP
7b734a8c-275a-4d32-bcf0-070e4b8b66d4,,447769955480,2026-02-27 18:01:28.000,REN,PKG_SERVICE_3_GB,2.99,GBP
c40e0f23-a7b5-4288-8de2-66e4fff4b152,,447788433793,2026-02-27 19:54:51.000,REN,PKG_SERVICE_3_GB,2.99,GBP
5b1e6c55-5d28-45fc-a02f-56510044488d,,447722200740,2026-02-27 20:45:46.000,REN,PKG_SERVICE_5_GB,1.99,GBP
4ad5dd58-1b67-4852-b706-1baea4016fe2,,447757128927,2026-02-27 22:36:40.000,REN,PKG_SERVICE_3_GB,2.99,GBP
6c388a4f-57c1-4a74-906e-35a4e4c806d8,,447768152161,2026-02-27 23:30:00.000,REN,PKG_SERVICE_4_GB,3.49,GBP
9138241c-fee7-4fc0-bc3d-741e7cd09360,,447775622613,2026-02-28 00:13:59.000,REN,PKG_SERVICE_5_GB,1.99,GBP
37b69a7a-4760-4be0-922d-c05fcfa046cd,,447709108928,2026-02-28 02:52:31.000,REN,PKG_SERVICE_4_GB,3.49,GBP
13da5df6-8052-4428-b3df-a4433d1f5bee,,447795012576,2026-02-28 03:32:53.000,REN,PKG_SERVICE_5_GB,1.99,GBP
e93e40b3-9ed2-437b-82f1-d17b66fb229e,,447726902364,2026-02-28 03:38:53.000,REN,PKG_SERVICE_5_GB,1.99,GBP
49ee0c04-78de-4c26-ab24-38117f7bce57,,447712577966,2026-02-28 05:56:16.000,REN,PKG_SERVICE_5_GB,1.99,GBP
839d7a2a-e2a8-49da-9694-95a18ccdfdde,,447749102212,2026-02-28 06:09:29.000,REN,PKG_SERVICE_3_GB,2.99,GBP
246cd338-64e2-4fa0-94cd-6058a192dcae,,447729404895,2026-02-28 08:40:00.000,REN,PKG_SERVICE_4_GB,3.49,GBP
e68fa0df-a3e6-49bf-9e18-9f24f77635cd,,447760083821,2026-02-28 12:49:25.000,REN,PKG_SERVICE_4_GB,3.49,GBP
8ce9d045-8f48-4bbe-8327-325f766dbf81,,447774219885,2026-02-28 15:27:42.000,REN,PKG_SERVICE_3_GB,2.99,GBP
97915c1f-d2a4-485c-b0ea-9815b9277baf,,447791054393,2026-02-28 16:52:38.000,REN,PKG_SERVICE_4_GB,3.49,GBP
92220729-dd26-4373-ad2a-1a37578f353a,,447793641873,2026-02-28 17:15:56.000,REN,PKG_SERVICE_3_GB,2.99,GBP
9dfee9f5-a387-4490-9d4c-8fb5012949cb,,447724743104,2026-02-28 19:02:24.000,REN,PKG_SERVICE_3_GB,2.99,GBP
c33fd1ce-d65e-48f3-9655-a5b4e0430978,,447769682068,2026-02-28 19:35:23.000,REN,PKG_SERVICE_5_GB,1.99,GBP
a48cdcf9-8481-4e03-9aea-4ac3d7b1b7a8,,447756706417,2026-02-28 21:59:38.000,REN,PKG_SERVICE_4_GB,3.49,GBP
ad192a38-174a-47e5-8347-892b72999263,,447749472893,2026-02-28 22:15:54.000,REN,PKG_SERVICE_3_GB,2.99,GBP
a7dc0177-34c9-4af3-8206-775c61f822b4,,447751089121,2026-03-01 01:11:47.000,UNSUB,PKG_SERVICE_4_GB,0,GBP
83a390e5-606b-4036-8bc8-7b030a3df1f8,,447783034235,2026-03-01 03:05:24.000,REN,PKG_SERVICE_5_GB,1.99,GBP
8f575ccd-e24b-4f01-8d5d-befce851d872,,447720551138,2026-03-01 12:36:59.000,REN,PKG_SERVICE_5_GB,1.99,GBP
746be3a3-97cd-4673-9398-d919f8dd715b,,447767415119,2026-03-01 20:14:07.000,REN,PKG_SERVICE_4_GB,3.49,GBP
2e7b296b-1448-4a17-bd36-91de3ba20561,,447710159556,2026-03-01 20:28:24.000,REN,PKG_SERVICE_4_GB,3.49,GBP
2e42f3a5-f959-4a16-8720-23d3a3a66bbb,,447712876292,2026-03-02 02:24:44.000,REN,PKG_SERVICE_4_GB,3.49,GBP
f236ed9e-94bf-4d42-9c17-b9cac5db4c7f,,447711506268,2026-03-02 03:53:23.000,REN,PKG_SERVICE_5_GB,1.99,GBP
9fc12cbb-829d-42ff-a191-066abdf4ca20,,447785693701,2026-03-02 09:40:32.000,REN,PKG_SERVICE_4_GB,3.49,GBP
7948b6fe-eb25-4d2f-94e6-6adbdfc6d182,,447750076287,2026-03-03 01:56:49.000,REN,PKG_SERVICE_5_GB,1.99,GBP
ba52a068-4b80-4ef9-9da6-65f63df1015b,,447760390771,2026-03-03 07:23:15.000,REN,PKG_SERVICE_5_GB,1.99,GBP
3fcb37ea-d27d-43a2-8eb4-82943834a3d1,,447781545313,2026-03-03 09:50:10.000,REN,PKG_SERVICE_5_GB,1.99,GBP
1103d6f0-518b-462a-a4c6-907c9c0303ac,,447738584277,2026-03-03 12:12:47.000,REN,PKG_SERVICE_5_GB,1.99,GBP
97a17c7d-0279-4872-8dfc-591c4b9d48c4,,447757145825,2026-03-03 12:13:59.000,REN,PKG_SERVICE_4_GB,3.49,GBP
ff0e424f-96d0-4714-a9e6-351bcd8d15df,,447729254326,2026-03-03 18:56:25.000,REN,PKG_SERVICE_3_GB,2.99,GBP
951ec6f3-1957-4037-897c-cc9d24a60a0e,,447729094680,2026-03-03 20:42:47.000,REN,PKG_SERVICE_5_GB,1.99,GBP
ad578329-5533-4734-8e30-e924411802e6,,447767254510,2026-03-04 02:01:47.000,REN,PKG_SERVICE_4_GB,3.49,GBP
3751793d-5946-4264-8486-b4ce48e15d96,,447714175522,2026-03-04 05:36:58.000,REN,PKG_SERVICE_5_GB,1.99,GBP
15deb5e8-a26f-4ce4-b6af-0131307b6b57,,447729116030,2026-03-04 07:17:53.000,REN,PKG_SERVICE_4_GB,3.49,GBP
79ec38d0-50b7-44dc-ad43-2d0a53946038,,447714781961,2026-03-04 15:37:20.000,REN,PKG_SERVICE_4_GB,3.49,GBP
3aa1226e-d92c-4783-b670-4ca052d22059,,447724891480,2026-03-04 22:08:33.000,REN,PKG_SERVICE_3_GB,2.99,GBP
8e565a8c-c543-4d27-9376-39093a1362c9,,447792656784,2026-03-05 05:29:42.000,REN,PKG_SERVICE_3_GB,2.99,GBP
b1bfceff-e3d5-4620-aea7-621d7e793b9e,,447737034836,2026-03-05 12:22:36.000,REN,PKG_SERVICE_3_GB,2.99,GBP
81021d91-63df-4827-87dd-43494ac3b337,,447751749943,2026-03-05 23:52:40.000,REN,PKG_SERVICE_4_GB,3.49,GBP
cdb0fd92-8de0-41bc-ad12-65f886b9ec3b,,447737833450,2026-03-06 02:27:35.000,REN,PKG_SERVICE_4_GB,3.49,GBP
8f9cd243-0cf4-40cc-85c7-ec243e46b108,,447737445821,2026-03-06 08:22:49.000,REN,PKG_SERVICE_4_GB,3.49,GBP
223a970b-1c9c-4653-808d-d8982c1dbaf6,,447713038097,2026-03-06 10:26:00.000,REN,PKG_SERVICE_3_GB,2.99,GBP
8352ff50-8aad-4513-a989-07368d428050,,447739540169,2026-03-06 15:56:07.000,REN,PKG_SERVICE_4_GB,3.49,GBP
10fd43e8-5918-4b5a-8c07-e2967d86f18c,,447722200740,2026-03-06 20:14:26.000,REN,PKG_SERVICE_5_GB,1.99,GBP
787d0f89-8fd8-4d93-808a-ae9b14c48d0a,,447726902364,2026-03-07 03:06:40.000,REN,PKG_SERVICE_5_GB,1.99,GBP
21c11407-3eaf-4b89-a69e-0ffd5bb40395,,447760083821,2026-03-07 12:00:03.000,REN,PKG_SERVICE_4_GB,3.49,GBP
60fafa4b-21a2-4a7d-b713-dfba6d3caefa,,447791054393,2026-03-07 15:50:25.000,REN,PKG_SERVICE_4_GB,3.49,GBP
bd18f4b7-8e95-4ae0-8d17-c5d73c256bc7,,447793641873,2026-03-07 17:05:14.000,REN,PKG_SERVICE_3_GB,2.99,GBP
98d3006f-e51a-41f6-8d55-339d611ce829,,447724743104,2026-03-07 18:47:38.000,REN,PKG_SERVICE_3_GB,2.99,GBP
fc96c571-eb44-4cfb-b871-5d73f4396bce,,447769682068,2026-03-07 19:57:04.000,REN,PKG_SERVICE_5_GB,1.99,GBP
ff696607-bd5f-415f-95f9-e0966fa63a0a,,447756706417,2026-03-07 21:30:34.000,REN,PKG_SERVICE_4_GB,3.49,GBP
fdb56154-b9f6-4f2f-876d-7c8d4a906b27,,447749472893,2026-03-07 22:05:02.000,REN,PKG_SERVICE_3_GB,2.99,GBP
