rotate_id,code,service_id,created_at,expired_at
02e38323-22a2-4580-9037-3949ca934868,VAC,SVC_001,2026-01-01 02:59:51.000,2026-01-01 03:29:51.000
950343a0-a5d9-4ca3-bdd6-fce8ef6a0961,LDQ,SVC_002,2026-01-01 04:19:06.000,2026-01-01 04:49:06.000
2ce9955f-a516-4a1e-b144-1b20476a1f34,WIK,SVC_002,2026-01-01 04:41:03.000,2026-01-01 05:11:03.000
a68695b7-d13e-4f10-b019-4f45eaae8a27,NHR,SVC_002,2026-01-01 04:43:26.000,2026-01-01 05:13:26.000
9a20c533-e80e-4b98-b0d1-e7956d2d4eba,QFJ,SVC_002,2026-01-01 04:49:24.000,2026-01-01 05:19:24.000
c50f868a-fc21-45b9-86a9-fbe8bba792b6,RYG,SVC_002,2026-01-01 05:25:26.000,2026-01-01 05:55:26.000
ef3f315a-1b18-499e-91a2-30f7c69f95be,YLG,SVC_002,2026-01-01 05:26:41.000,2026-01-01 05:56:41.000
20f39275-026a-4b62-9067-30a466d53512,MBX,SVC_001,2026-01-01 05:45:33.000,2026-01-01 06:15:33.000
080eb60d-c063-410b-a255-de79cded3e8b,TNF,SVC_002,2026-01-01 06:04:38.000,2026-01-01 06:34:38.000
c431719f-6aea-4550-834d-07eee172454e,WDH,SVC_002,2026-01-01 06:07:37.000,2026-01-01 06:37:37.000
ef8c8dd4-be44-4ee9-8008-253d639317cd,TMT,SVC_002,2026-01-01 06:45:58.000,2026-01-01 07:15:58.000
b0611e70-4171-44fc-9d4b-91cd881c25ad,PJQ,SVC_001,2026-01-01 06:52:54.000,2026-01-01 07:22:54.000
75991191-05b2-4639-8b8e-fb054cbfa32b,FWV,SVC_001,2026-01-01 07:21:49.000,2026-01-01 07:51:49.000
66a77a17-558f-4b56-931b-f98cef936ae8,HML,SVC_002,2026-01-01 07:39:42.000,2026-01-01 08:09:42.000
6ed170ca-5a41-4c85-920a-da98bfcf4517,AGM,SVC_002,2026-01-01 07:41:31.000,2026-01-01 08:11:31.000
c85871ff-1d22-436a-b3ae-5b708cedc98d,ZOQ,SVC_002,2026-01-01 09:27:48.000,2026-01-01 09:57:48.000
3a291615-f006-4b62-ad22-c0a28a50d74a,CSN,SVC_002,2026-01-01 09:52:28.000,2026-01-01 10:22:28.000
6f846334-15d5-4fe8-99db-a3858738f274,CWN,SVC_001,2026-01-01 12:19:51.000,2026-01-01 12:49:51.000
acf0490e-3254-4410-972e-363d66d23f32,TAO,SVC_002,2026-01-01 13:19:30.000,2026-01-01 13:49:30.000
a653fcca-d63e-42d8-944d-b62ee9f332c9,GHV,SVC_001,2026-01-01 13:23:27.000,2026-01-01 13:53:27.000
4ae544a3-9fd5-4954-b885-340654b8ddfc,YYW,SVC_002,2026-01-01 14:13:34.000,2026-01-01 14:43:34.000
41f53537-fb92-4251-b39f-70da281f83d2,UNE,SVC_001,2026-01-01 15:08:58.000,2026-01-01 15:38:58.000
a32085b7-32e0-4077-9141-45e247eb286f,ZAY,SVC_001,2026-01-01 15:56:19.000,2026-01-01 16:26:19.000
65948b53-17d9-4917-828e-80183a4ecc7e,TUK,SVC_001,2026-01-01 16:31:04.000,2026-01-01 17:01:04.000
8bf5331f-14ca-4e8d-bd19-dad0b3ca23b9,AFC,SVC_002,2026-01-01 16:33:49.000,2026-01-01 17:03:49.000
70418004-9a4c-464c-80e8-72f25eeb9f74,SLS,SVC_001,2026-01-01 17:12:00.000,2026-01-01 17:42:00.000
53e6a002-debd-40cf-a16c-be0a0cc5044d,PQR,SVC_001,2026-01-01 18:57:58.000,2026-01-01 19:27:58.000
eb2ae63c-5a95-4d3c-88f8-d9ee4bfc3cf2,OJJ,SVC_002,2026-01-01 20:27:13.000,2026-01-01 20:57:13.000
ce8a23c7-7505-4a1b-bbea-fada9e5a8277,FGB,SVC_001,2026-01-01 22:45:40.000,2026-01-01 23:15:40.000
95da1304-8d2c-4f37-84e3-a8003b42a1df,JTN,SVC_001,2026-01-01 23:22:21.000,2026-01-01 23:52:21.000
ecf8f543-1e97-4ed7-aca4-79a083b06dbb,FYA,SVC_001,2026-01-01 23:41:37.000,2026-01-02 00:11:37.000
3579dabe-13bb-4b44-8d3a-007ecae2b502,CXG,SVC_001,2026-01-02 00:09:56.000,2026-01-02 00:39:56.000
96986c3a-60f2-4b9d-ba31-1660250ea5e3,BMN,SVC_002,2026-01-02 00:11:04.000,2026-01-02 00:41:04.000
657be2c0-5e5e-4675-b7dc-2889f8be2a3b,BRZ,SVC_002,2026-01-02 00:53:32.000,2026-01-02 01:23:32.000
35370360-eeed-44be-aebe-dfab6b0d2de6,SFF,SVC_001,2026-01-02 01:29:37.000,2026-01-02 01:59:37.000
d48fac24-d488-4180-a7d3-6bf9fc0bc1ca,CGX,SVC_002,2026-01-02 03:05:05.000,2026-01-02 03:35:05.000
a1178656-ae81-4950-a8e1-e38297f612c3,DHP,SVC_001,2026-01-02 03:19:25.000,2026-01-02 03:49:25.000
5c9834e0-5851-4bba-ac68-0e93759fabb3,XCY,SVC_002,2026-01-02 04:15:26.000,2026-01-02 04:45:26.000
c3197c80-0274-457c-9d92-fd4c46f6b167,DUU,SVC_002,2026-01-02 05:00:43.000,2026-01-02 05:30:43.000
0e0eb018-9ba1-4c0c-b8e3-e5fd1e4439e0,TYG,SVC_001,2026-01-02 05:40:44.000,2026-01-02 06:10:44.000
36415eae-1c96-45de-bfc7-788803e2c219,ROR,SVC_002,2026-01-02 05:45:51.000,2026-01-02 06:15:51.000
d7f001b5-8900-4f7d-8a23-0092cd8a7bd8,SYM,SVC_002,2026-01-02 07:48:34.000,2026-01-02 08:18:34.000
e5d77c76-4b5d-444b-8fce-3dc1965ff3f4,UXC,SVC_002,2026-01-02 09:44:14.000,2026-01-02 10:14:14.000
00f481d6-b5af-4188-9511-3e317ad39fe4,PYH,SVC_002,2026-01-02 10:26:35.000,2026-01-02 10:56:35.000
f9e4d738-2d59-4d48-a0bd-656992623472,SYT,SVC_001,2026-01-02 11:05:05.000,2026-01-02 11:35:05.000
46e6e96b-6aa7-45c9-861d-79fccf40b532,SAC,SVC_002,2026-01-02 11:27:42.000,2026-01-02 11:57:42.000
09a67609-9081-4bc1-96c1-985f740c5ecf,ORF,SVC_001,2026-01-02 12:04:20.000,2026-01-02 12:34:20.000
59b65753-0f13-473e-a5e6-3d96bb8ec987,ETT,SVC_002,2026-01-02 12:38:49.000,2026-01-02 13:08:49.000
daa68568-116d-4350-b74e-bb51f2315491,VFH,SVC_001,2026-01-02 13:14:59.000,2026-01-02 13:44:59.000
a14931c9-d8ff-45e4-a241-c1df5a7beaec,RFD,SVC_002,2026-01-02 13:50:43.000,2026-01-02 14:20:43.000
8e65421d-9381-4518-b7ae-98156c8b630e,SSJ,SVC_001,2026-01-02 13:57:10.000,2026-01-02 14:27:10.000
ebed9a34-7c64-4cb6-ac11-3d68e1d48c0b,WHR,SVC_002,2026-01-02 13:59:06.000,2026-01-02 14:29:06.000
828f0987-6d9e-428e-ae31-1dd4cf66c892,RVE,SVC_001,2026-01-02 14:07:22.000,2026-01-02 14:37:22.000
134281d4-0442-4183-bfa8-306b12b5a1c7,AJN,SVC_002,2026-01-02 14:20:48.000,2026-01-02 14:50:48.000
5ba98acb-afc0-4f79-a04a-dbea03d9e809,VKC,SVC_002,2026-01-02 18:39:05.000,2026-01-02 19:09:05.000
91436c09-1c28-47c8-9621-b5a4eeca9a8d,FDC,SVC_001,2026-01-02 19:27:39.000,2026-01-02 19:57:39.000
a84abf12-b62b-4429-bcb5-c3b919406760,SES,SVC_002,2026-01-02 20:00:07.000,2026-01-02 20:30:07.000
4afb172c-801a-444f-a118-81f06ab126eb,ORY,SVC_001,2026-01-02 20:52:52.000,2026-01-02 21:22:52.000
27d7718a-2303-4da3-afb1-21983aa3eefc,XXZ,SVC_002,2026-01-02 21:11:04.000,2026-01-02 21:41:04.000
74837abd-0bff-4376-bf17-0f003789fc90,EZN,SVC_002,2026-01-02 21:32:54.000,2026-01-02 22:02:54.000
e45268e6-2562-4a98-b81c-702163fdd82f,FLE,SVC_001,2026-01-02 21:40:36.000,2026-01-02 22:10:36.000
6d73e59b-ae69-44ba-b6b2-0cb294688ad0,UHG,SVC_001,2026-01-02 21:49:44.000,2026-01-02 22:19:44.000
89adca08-cee5-42ab-830c-bb94a0cc91bd,YUV,SVC_002,2026-01-02 21:53:14.000,2026-01-02 22:23:14.000
1b7ca201-31c3-42bf-b1d3-6c4204157445,KJN,SVC_002,2026-01-02 22:18:32.000,2026-01-02 22:48:32.000
49780676-6e80-4632-8c9e-cf5fb45f74f8,WCS,SVC_001,2026-01-02 22:19:15.000,2026-01-02 22:49:15.000
6f2eaa17-194a-47ed-90c6-9a67ae94ad0b,FSY,SVC_002,2026-01-02 22:52:35.000,2026-01-02 23:22:35.000
3c81493b-607c-401a-8c06-2361b2e778c7,OKQ,SVC_001,2026-01-02 23:22:41.000,2026-01-02 23:52:41.000
d3ec623c-920f-42be-90a0-811183af57a1,TDN,SVC_001,2026-01-02 23:47:59.000,2026-01-03 00:17:59.000
d9067706-c765-4a18-9b6e-cb5e34272091,WUG,SVC_001,2026-01-02 23:47:49.000,2026-01-03 00:17:49.000
8467df98-f56d-446d-9512-19f50686a274,NPW,SVC_002,2026-01-03 00:00:01.000,2026-01-03 00:30:01.000
e9e477c6-d28e-4754-b84f-728ae743daef,OCN,SVC_001,2026-01-03 00:30:29.000,2026-01-03 01:00:29.000
b4123386-ec0f-4f2a-825f-4e79db4a60ab,GID,SVC_002,2026-01-03 00:46:26.000,2026-01-03 01:16:26.000
451d85b8-936c-41cf-877b-cff887043909,BMV,SVC_002,2026-01-03 00:47:28.000,2026-01-03 01:17:28.000
6429fe66-87f5-4dc4-85fc-8bce4b3eedfd,UFQ,SVC_001,2026-01-03 00:54:30.000,2026-01-03 01:24:30.000
68b768b9-a316-4cef-b980-c3bc7a16c473,DLK,SVC_001,2026-01-03 01:15:09.000,2026-01-03 01:45:09.000
dc71d650-4a08-4e2f-88a1-440773133fc2,OTI,SVC_001,2026-01-03 02:38:39.000,2026-01-03 03:08:39.000
ea5ce9d1-7e5d-4eb2-b151-9e8f4f4a3c8a,RZI,SVC_002,2026-01-03 05:01:37.000,2026-01-03 05:31:37.000
0d344c1d-c84c-49a9-a72d-49f535e4de34,TUU,SVC_002,2026-01-03 05:22:35.000,2026-01-03 05:52:35.000
7c9e1987-008d-4f7c-85f4-ac655b50cf8e,AVA,SVC_001,2026-01-03 05:23:26.000,2026-01-03 05:53:26.000
e9b69527-ad74-44f1-8bf7-78379a48c916,ETQ,SVC_002,2026-01-03 07:36:36.000,2026-01-03 08:06:36.000
2cd15343-3beb-4c4b-ba12-e1cc5d1f45c5,CEY,SVC_002,2026-01-03 08:36:39.000,2026-01-03 09:06:39.000
377272a1-707a-414b-ac61-7244ac57b599,LXQ,SVC_002,2026-01-03 09:58:47.000,2026-01-03 10:28:47.000
b0d6448d-35a6-4cd4-bb45-9eead6646798,UTP,SVC_002,2026-01-03 10:18:03.000,2026-01-03 10:48:03.000
20c3c015-aae1-45be-85db-139fcc9601a0,DJJ,SVC_001,2026-01-03 10:20:00.000,2026-01-03 10:50:00.000
1cd5d0af-0ea5-4fdd-9a69-1fcbccfc3e9f,UNH,SVC_001,2026-01-03 11:55:42.000,2026-01-03 12:25:42.000
e6395948-35a9-4b85-864f-7bc0814ee516,GCV,SVC_002,2026-01-03 12:09:12.000,2026-01-03 12:39:12.000
2b3b9877-2526-4ea1-b8ef-62640071d512,ROH,SVC_001,2026-01-03 12:41:40.000,2026-01-03 13:11:40.000
db743cc8-293f-4043-93f0-07fae1fa3abe,XBE,SVC_002,2026-01-03 12:46:11.000,2026-01-03 13:16:11.000
8acb9715-ced1-4697-816c-016f8aa55da1,HQB,SVC_001,2026-01-03 13:05:58.000,2026-01-03 13:35:58.000
c7b56b5b-4af8-4ca9-a60c-a598fe785e57,MNM,SVC_001,2026-01-03 13:22:10.000,2026-01-03 13:52:10.000
56286304-5cb3-4b8b-92d2-e649e4f822b9,PAG,SVC_001,2026-01-03 13:54:12.000,2026-01-03 14:24:12.000
2d1bd069-9daa-4c46-b49f-a73ea2675620,JQC,SVC_002,2026-01-03 15:35:17.000,2026-01-03 16:05:17.000
f4d1d711-52ae-4ab2-853d-536537d7a84e,NNK,SVC_001,2026-01-03 15:38:00.000,2026-01-03 16:08:00.000
1a44d649-fa32-4b4c-9cfc-15e42f7b17c5,DKU,SVC_001,2026-01-03 19:03:21.000,2026-01-03 19:33:21.000
1cfe8884-2d76-4ec8-a005-1bdb6132b1e8,FIR,SVC_002,2026-01-03 19:21:39.000,2026-01-03 19:51:39.000
bff87b81-d4da-4e1c-b7f6-90336a6beb75,IEO,SVC_002,2026-01-03 20:04:31.000,2026-01-03 20:34:31.000
c7525f09-9b54-4974-a336-dd68a562f38c,BSQ,SVC_002,2026-01-03 21:46:02.000,2026-01-03 22:16:02.000
f9a8cb48-2d58-4a45-a36f-27a13a5e584c,KGP,SVC_001,2026-01-03 21:53:42.000,2026-01-03 22:23:42.000
e358453f-10fe-4a9a-b4eb-953f01b1782f,OQU,SVC_001,2026-01-03 22:12:16.000,2026-01-03 22:42:16.000
09a60904-28ca-424f-a048-609171c0400b,UUY,SVC_002,2026-01-03 22:58:15.000,2026-01-03 23:28:15.000
b11a2683-a40f-4d16-879d-098b2bfff8a5,YEB,SVC_001,2026-01-03 23:01:36.000,2026-01-03 23:31:36.000
04333ad1-a416-4e3c-ba47-2f0871f42cc9,UYW,SVC_001,2026-01-04 00:24:58.000,2026-01-04 00:54:58.000
a7d0345a-52cc-4ddd-9dac-e363cbe5c8f1,VDO,SVC_001,2026-01-04 01:57:08.000,2026-01-04 02:27:08.000
e9d9565e-5da7-4604-aaf0-1cc6b04205d6,TGT,SVC_001,2026-01-04 02:00:41.000,2026-01-04 02:30:41.000
6f26069b-5632-4db7-98e7-4a922334b1cb,QOM,SVC_001,2026-01-04 02:25:18.000,2026-01-04 02:55:18.000
f0fa0b7a-0e62-48e2-b4ac-3ac2457c7997,NJT,SVC_002,2026-01-04 02:31:35.000,2026-01-04 03:01:35.000
dc8634df-ffed-4fa1-9d60-2fa75d12c2a7,QKG,SVC_001,2026-01-04 04:17:02.000,2026-01-04 04:47:02.000
5372d918-13c9-46cf-98b6-f3ca2e159a23,BSQ,SVC_001,2026-01-04 05:10:33.000,2026-01-04 05:40:33.000
e6dd2456-9891-42ff-b539-16ed9de1fd34,SNQ,SVC_001,2026-01-04 05:20:11.000,2026-01-04 05:50:11.000
dbe5068b-f629-4373-88b1-d66744976af4,SKE,SVC_002,2026-01-04 05:57:01.000,2026-01-04 06:27:01.000
f84f9741-6e05-433c-aa83-73ac16f0dde7,WTD,SVC_002,2026-01-04 06:41:43.000,2026-01-04 07:11:43.000
d544ae3c-576f-45df-8fab-7921a54d910b,SNF,SVC_002,2026-01-04 06:42:06.000,2026-01-04 07:12:06.000
ddffbf4f-c0f7-4140-9a3e-237d9aff7b42,YGM,SVC_002,2026-01-04 07:10:55.000,2026-01-04 07:40:55.000
75f19f61-76a4-48cc-8949-854c2f8c22cf,VHZ,SVC_001,2026-01-04 07:11:20.000,2026-01-04 07:41:20.000
e87b58e9-d37b-4294-81d1-ca7c6a30953f,EYJ,SVC_002,2026-01-04 07:43:20.000,2026-01-04 08:13:20.000
4b6aebe6-cad1-4062-9245-26aea0fa9765,WBK,SVC_001,2026-01-04 09:04:23.000,2026-01-04 09:34:23.000
e481bd55-91a6-49b5-9d38-37815dcba12b,SJO,SVC_001,2026-01-04 09:32:11.000,2026-01-04 10:02:11.000
817672e3-623a-4416-a164-37bd5fa6c753,HYX,SVC_002,2026-01-04 10:00:12.000,2026-01-04 10:30:12.000
ee41b446-09a3-46da-8352-88b5146eaac6,RMI,SVC_002,2026-01-04 10:35:21.000,2026-01-04 11:05:21.000
6cc580f3-b8ac-4590-94cd-ed826b61f9ae,HHO,SVC_001,2026-01-04 10:38:53.000,2026-01-04 11:08:53.000
0b5aef14-a639-44fc-827a-a8bd3a8391df,NXA,SVC_002,2026-01-04 10:59:57.000,2026-01-04 11:29:57.000
dcd78fc6-26b1-402c-a13d-fb94069f2f47,TJO,SVC_001,2026-01-04 11:31:38.000,2026-01-04 12:01:38.000
756b4577-187f-4921-b77f-17ed2f1d9a07,NVH,SVC_001,2026-01-04 12:20:59.000,2026-01-04 12:50:59.000
8b4edfc3-d5e2-4ba7-8109-62ead14b304c,ZMV,SVC_002,2026-01-04 13:05:16.000,2026-01-04 13:35:16.000
7b6c1c6b-5763-4dd6-98b9-31e8fa66d271,RIH,SVC_002,2026-01-04 15:23:30.000,2026-01-04 15:53:30.000
602de322-5257-4b4f-b75e-92fb43097aa9,BWG,SVC_001,2026-01-04 15:26:33.000,2026-01-04 15:56:33.000
de87b125-6ebc-405a-ac1a-b1b1832c0539,FTJ,SVC_002,2026-01-04 16:29:13.000,2026-01-04 16:59:13.000
8456ecfa-364c-4c83-9677-2ea2095a0f87,NPW,SVC_001,2026-01-04 17:04:00.000,2026-01-04 17:34:00.000
556275e2-e972-4b93-aada-2273e85a8aab,KFD,SVC_001,2026-01-04 17:30:45.000,2026-01-04 18:00:45.000
e61991bf-b0ca-437d-acdf-c0d0c246269e,CSL,SVC_001,2026-01-04 17:33:37.000,2026-01-04 18:03:37.000
d1d4b415-b896-4542-b86f-6c74d7e81f41,SUO,SVC_002,2026-01-04 17:46:43.000,2026-01-04 18:16:43.000
b09f6bfa-11da-41a6-9c1c-e386ef1f0f0a,ZGC,SVC_002,2026-01-04 18:42:02.000,2026-01-04 19:12:02.000
28ccd25a-4eab-4427-8263-837a09fce727,FFK,SVC_001,2026-01-04 19:04:30.000,2026-01-04 19:34:30.000
d6849cfe-7873-4a2f-b270-aa09d7af4a5e,ZBK,SVC_001,2026-01-04 19:30:51.000,2026-01-04 20:00:51.000
b3e9b7d6-eaa0-4224-9c0a-39e8b39c7670,SYX,SVC_002,2026-01-04 19:35:52.000,2026-01-04 20:05:52.000
9bea9231-5c38-4062-af73-c45b7672d527,TMZ,SVC_002,2026-01-04 19:51:43.000,2026-01-04 20:21:43.000
0416a7fc-027d-4e4c-b2d4-0d1bd921ed7c,CYW,SVC_002,2026-01-04 20:30:38.000,2026-01-04 21:00:38.000
21a549f3-ec1b-4962-9274-098a09cb1485,OWX,SVC_001,2026-01-04 20:33:51.000,2026-01-04 21:03:51.000
eea3f0c7-d4eb-443f-829a-6a6327f58d81,XFA,SVC_002,2026-01-04 21:37:41.000,2026-01-04 22:07:41.000
221dd3bc-455d-435b-bdd3-1b7502d4060b,ACU,SVC_001,2026-01-04 21:52:59.000,2026-01-04 22:22:59.000
a6d934fb-9abd-4881-96c4-f9e26feebaa0,OVN,SVC_002,2026-01-04 22:02:40.000,2026-01-04 22:32:40.000
39513a7a-38b5-4c81-a527-024abe29471b,GJM,SVC_001,2026-01-04 22:33:31.000,2026-01-04 23:03:31.000
1cd6a2b9-253b-404c-87ee-da475d1f15c8,MSV,SVC_002,2026-01-04 23:47:43.000,2026-01-05 00:17:43.000
4de4f2b6-f622-4789-aacf-d8efea340681,DSK,SVC_001,2026-01-05 01:50:01.000,2026-01-05 02:20:01.000
57dbd8e9-18dc-4dc1-9074-69fc176f6007,WRK,SVC_002,2026-01-05 02:43:01.000,2026-01-05 03:13:01.000
c5a346e9-db5c-4984-9ae7-de65fb989fdb,UDB,SVC_002,2026-01-05 02:44:59.000,2026-01-05 03:14:59.000
792c7bda-dd86-4bc4-b5c8-857de1dd7656,PVW,SVC_002,2026-01-05 04:42:14.000,2026-01-05 05:12:14.000
d116fac6-4258-4509-b852-6c3129c71682,UHO,SVC_002,2026-01-05 04:47:28.000,2026-01-05 05:17:28.000
6c8f53bf-8685-4e50-9b25-73e703b04b31,GNI,SVC_001,2026-01-05 05:17:33.000,2026-01-05 05:47:33.000
2f3ec3d5-92a1-409f-8a04-d9a8c34f795f,PTK,SVC_001,2026-01-05 06:08:48.000,2026-01-05 06:38:48.000
eb4156d3-a561-48d3-8c72-b56fa249ef32,VEF,SVC_001,2026-01-05 06:32:43.000,2026-01-05 07:02:43.000
403f7127-c74a-468b-bd17-d613a193d62d,NBL,SVC_002,2026-01-05 08:02:02.000,2026-01-05 08:32:02.000
b2ffad06-54bc-4da3-be9a-4f280fa82396,IBG,SVC_001,2026-01-05 08:14:46.000,2026-01-05 08:44:46.000
0df89ddf-8220-4b74-83e7-d27c3ec76abb,SWH,SVC_001,2026-01-05 09:30:49.000,2026-01-05 10:00:49.000
56ab0c54-76c0-4921-92ba-50d91ee31d41,NYB,SVC_002,2026-01-05 11:08:47.000,2026-01-05 11:38:47.000
f123252e-add3-45d7-abd2-ffd4eae94d6a,QUI,SVC_001,2026-01-05 12:26:15.000,2026-01-05 12:56:15.000
929ef24e-de75-4f5a-8a61-e35419b6c32a,YLZ,SVC_001,2026-01-05 12:29:21.000,2026-01-05 12:59:21.000
b5b55077-fcd6-4703-8cd0-3cc913311bb2,BSD,SVC_001,2026-01-05 14:11:19.000,2026-01-05 14:41:19.000
cff44d16-9237-4387-b3dd-cb62bacdf82b,LWY,SVC_002,2026-01-05 14:35:13.000,2026-01-05 15:05:13.000
212a9ec7-a40a-4915-9fbb-f8a1977bcbd4,WBX,SVC_001,2026-01-05 14:57:11.000,2026-01-05 15:27:11.000
f167d313-cb13-4ea9-9134-c896c7ee4e6c,KWC,SVC_002,2026-01-05 14:58:54.000,2026-01-05 15:28:54.000
ecbc4ca4-40c4-4fcd-b1f1-037bf98e9c07,TKR,SVC_002,2026-01-05 15:06:34.000,2026-01-05 15:36:34.000
0e612f43-bb4e-42e7-910f-9cb568cd26a6,ITC,SVC_002,2026-01-05 15:18:35.000,2026-01-05 15:48:35.000
1c0bce4a-d948-4b60-a017-365428c7f915,TGI,SVC_002,2026-01-05 15:21:27.000,2026-01-05 15:51:27.000
c5341557-c02e-423c-acf5-162a1a75be4c,VNE,SVC_002,2026-01-05 16:19:24.000,2026-01-05 16:49:24.000
886e89d4-a26c-4c78-968b-c1cdb695bcc6,CQM,SVC_001,2026-01-05 17:10:00.000,2026-01-05 17:40:00.000
bea69585-e1a7-4cc1-8f68-e9651752e3e6,OXQ,SVC_002,2026-01-05 17:32:36.000,2026-01-05 18:02:36.000
6a04fd52-d93c-40e9-a481-eb7a250f6f9c,VHZ,SVC_002,2026-01-05 17:51:06.000,2026-01-05 18:21:06.000
57bb6ddf-7e1f-497e-82b7-c65aae8ba920,GXA,SVC_002,2026-01-05 17:52:09.000,2026-01-05 18:22:09.000
4a5ab3ad-99b4-4c99-b56a-63de53c4038e,ZUI,SVC_001,2026-01-05 18:04:38.000,2026-01-05 18:34:38.000
174234a7-b6d8-4d73-8d92-58c7ee772427,MRO,SVC_002,2026-01-05 19:36:58.000,2026-01-05 20:06:58.000
d6ca521c-d258-419d-8065-80908ff3c056,DBG,SVC_002,2026-01-05 20:12:05.000,2026-01-05 20:42:05.000
2b55f461-f960-4701-81ef-09b3e436c3e8,PDC,SVC_002,2026-01-05 20:39:32.000,2026-01-05 21:09:32.000
e571e0c9-9a99-4ff3-b2d2-4c257ae90a5e,LSP,SVC_002,2026-01-05 20:44:54.000,2026-01-05 21:14:54.000
800351d6-1b51-4849-891e-ef7befe871c1,NZP,SVC_002,2026-01-05 21:06:39.000,2026-01-05 21:36:39.000
b50bb76e-8e55-4f45-977f-48bf153e3fff,UHE,SVC_002,2026-01-05 21:22:53.000,2026-01-05 21:52:53.000
2efccf44-c207-4342-babb-d5d7e1c7ba74,SLG,SVC_002,2026-01-05 21:40:40.000,2026-01-05 22:10:40.000
e2caf89a-5502-4b4f-aeff-b66ab8e3fec1,ETS,SVC_002,2026-01-05 21:43:23.000,2026-01-05 22:13:23.000
8c1bb7a1-0729-4049-ac63-9dfebab85918,YKQ,SVC_002,2026-01-05 22:00:46.000,2026-01-05 22:30:46.000
1994589a-2500-491c-b3c2-14f84b198900,JUH,SVC_002,2026-01-05 23:12:48.000,2026-01-05 23:42:48.000
154faaa5-c444-4b2e-9d8b-b850dd7b7531,QTT,SVC_002,2026-01-05 23:13:38.000,2026-01-05 23:43:38.000
db6e99bf-44b9-4366-adcc-047850369ddb,RZL,SVC_001,2026-01-05 23:17:11.000,2026-01-05 23:47:11.000
496fa8a8-4361-44f4-8c6b-d8069769b847,HNJ,SVC_001,2026-01-05 23:32:01.000,2026-01-06 00:02:01.000
adea3b62-decf-4c8a-bd23-edd51915e22e,QOD,SVC_002,2026-01-05 23:42:58.000,2026-01-06 00:12:58.000
7f094671-cdbf-4dc7-8127-7a311ceaa8d6,CAN,SVC_001,2026-01-05 23:46:10.000,2026-01-06 00:16:10.000
30fbaff1-6a31-4a9b-8b57-56599272f0f9,OUW,SVC_001,2026-01-06 00:03:59.000,2026-01-06 00:33:59.000
19fabed6-675d-4b62-9354-c9d91a40736b,XCV,SVC_002,2026-01-06 00:30:27.000,2026-01-06 01:00:27.000
b4042a51-9961-446d-929f-c12c34be0543,VHD,SVC_001,2026-01-06 01:02:46.000,2026-01-06 01:32:46.000
f971a1fc-62f1-49ba-9774-9a0da06829b0,KOY,SVC_002,2026-01-06 03:47:54.000,2026-01-06 04:17:54.000
6635e238-44e8-42c7-90e3-2d77149e5bc9,QAO,SVC_001,2026-01-06 03:58:53.000,2026-01-06 04:28:53.000
90fe646e-a71e-472b-bd39-688b454ee9c1,KDT,SVC_001,2026-01-06 04:02:30.000,2026-01-06 04:32:30.000
b3598196-0046-4ed0-806a-dd7fcf30a76e,QEF,SVC_001,2026-01-06 04:03:29.000,2026-01-06 04:33:29.000
50a39349-7c5a-4a5b-902d-194c0cb9face,YSN,SVC_001,2026-01-06 05:07:32.000,2026-01-06 05:37:32.000
280cc151-5ecf-45bd-8423-fec8033dba82,IRX,SVC_002,2026-01-06 05:56:02.000,2026-01-06 06:26:02.000
e402abe2-ca94-4e7b-826d-136a81cc803f,GYD,SVC_002,2026-01-06 07:04:05.000,2026-01-06 07:34:05.000
8ec7c583-9333-47f1-95d0-8842977dc2fe,TVZ,SVC_001,2026-01-06 08:41:23.000,2026-01-06 09:11:23.000
d7393401-57c5-4552-9bac-1acc1260d500,AIK,SVC_001,2026-01-06 09:31:14.000,2026-01-06 10:01:14.000
44aac0a7-8f46-40ec-8742-22d2fdc76518,DDS,SVC_002,2026-01-06 10:07:57.000,2026-01-06 10:37:57.000
de60caf8-3509-4e74-b85d-127d8b4ab9e4,LAU,SVC_002,2026-01-06 10:44:52.000,2026-01-06 11:14:52.000
9e07a46e-5199-4955-afa1-b35356799893,DPJ,SVC_001,2026-01-06 10:53:34.000,2026-01-06 11:23:34.000
26ccc9b3-6a2e-4a47-ab89-15ba7fbdaee9,DRC,SVC_001,2026-01-06 11:51:56.000,2026-01-06 12:21:56.000
5afeb80c-b7c4-4006-8222-d7f5dcff998e,JJK,SVC_001,2026-01-06 11:54:10.000,2026-01-06 12:24:10.000
c5b4eca1-f234-4381-9b7e-bfebf092db82,YFO,SVC_001,2026-01-06 12:16:55.000,2026-01-06 12:46:55.000
bc35b52c-e454-4c16-ac5a-508aa10ce5c0,LRR,SVC_001,2026-01-06 12:36:39.000,2026-01-06 13:06:39.000
679747de-acda-45dc-ba00-71ffe9078042,TUI,SVC_001,2026-01-06 12:47:17.000,2026-01-06 13:17:17.000
3cc01a5f-6756-439b-bd50-32b8f45257c6,ZTG,SVC_002,2026-01-06 13:05:41.000,2026-01-06 13:35:41.000
936212e4-afe9-4af3-b17d-325a45052a99,UKD,SVC_002,2026-01-06 14:23:06.000,2026-01-06 14:53:06.000
d5c2e280-2a0a-4d9a-9a90-6653596595da,UIN,SVC_001,2026-01-06 15:14:17.000,2026-01-06 15:44:17.000
a804da85-e040-4260-ba0c-0ffe64aea736,XWV,SVC_002,2026-01-06 16:43:38.000,2026-01-06 17:13:38.000
98888eb1-b978-4eec-aa89-cf8a270652a0,MFA,SVC_002,2026-01-06 17:10:04.000,2026-01-06 17:40:04.000
1ad9ec3d-8061-4101-9fc0-1f9fed236825,NPX,SVC_001,2026-01-06 17:19:52.000,2026-01-06 17:49:52.000
2ba95315-fac5-45e9-917a-efd823f72727,BBV,SVC_002,2026-01-06 17:52:45.000,2026-01-06 18:22:45.000
0cf6a25c-1f09-4809-b780-3a7034110554,KFC,SVC_001,2026-01-06 17:55:08.000,2026-01-06 18:25:08.000
b284b129-efd7-43df-a6e1-1a6c69076c44,VIZ,SVC_001,2026-01-06 17:56:51.000,2026-01-06 18:26:51.000
24696aa8-91d2-4df1-83c7-9fb62ac231b2,AYJ,SVC_001,2026-01-06 18:46:03.000,2026-01-06 19:16:03.000
bcd79ba8-2e50-4076-8ef0-f1e63739ab21,PHH,SVC_001,2026-01-06 19:04:09.000,2026-01-06 19:34:09.000
e30e30b9-2444-45e3-90cc-b63ac7d366df,BTB,SVC_002,2026-01-06 19:20:33.000,2026-01-06 19:50:33.000
4e1245a9-01b4-4dc6-ae00-f019afb9674d,UWN,SVC_002,2026-01-06 19:24:35.000,2026-01-06 19:54:35.000
e185388c-66d1-468b-85e8-64946a3db987,PLK,SVC_001,2026-01-06 19:35:58.000,2026-01-06 20:05:58.000
2dd3653b-d174-4f97-82c0-b09a4ff7554b,BJQ,SVC_002,2026-01-06 19:47:22.000,2026-01-06 20:17:22.000
3b08cf8d-7d41-491c-8553-f8861bfd9e8a,AML,SVC_002,2026-01-06 20:13:45.000,2026-01-06 20:43:45.000
19d59f24-f858-4219-b3f2-182ef40e6542,KBY,SVC_002,2026-01-06 20:14:09.000,2026-01-06 20:44:09.000
704b1154-4cb4-44ec-928b-c2fb591d63b5,STK,SVC_001,2026-01-06 20:33:44.000,2026-01-06 21:03:44.000
ef4a3129-3ffd-40c5-967e-48fb3796d38e,PIO,SVC_001,2026-01-06 21:47:52.000,2026-01-06 22:17:52.000
e71f3be8-d868-47ff-bfb1-a54d83f70c58,TMQ,SVC_001,2026-01-06 22:15:49.000,2026-01-06 22:45:49.000
510b1eee-a4d8-455e-9045-97392b7e092a,XYZ,SVC_002,2026-01-06 22:28:27.000,2026-01-06 22:58:27.000
f72a7af9-85db-420a-b33c-cf5d76913ff3,SPT,SVC_001,2026-01-06 22:58:21.000,2026-01-06 23:28:21.000
75fe816f-f301-45ac-9b68-237dc8b432c2,AYR,SVC_002,2026-01-06 23:11:18.000,2026-01-06 23:41:18.000
e97c14d3-f45b-4eb6-b308-a3c83cd84215,BFF,SVC_002,2026-01-06 23:53:10.000,2026-01-07 00:23:10.000
fb726ea5-ee37-4daa-a5f7-0c250c6befc7,CDY,SVC_001,2026-01-07 00:13:24.000,2026-01-07 00:43:24.000
c10a1019-e36a-4570-b2e5-772dfbf25c9c,SEI,SVC_002,2026-01-07 00:32:39.000,2026-01-07 01:02:39.000
249d180e-db74-4d27-ac47-ef451af37525,COC,SVC_001,2026-01-07 00:34:33.000,2026-01-07 01:04:33.000
3f95d912-0aa1-4dbd-83d0-7075fe9f2c10,FZX,SVC_001,2026-01-07 00:38:37.000,2026-01-07 01:08:37.000
4f664d70-3c77-49e1-b948-70a8a088dedd,CPA,SVC_002,2026-01-07 01:13:46.000,2026-01-07 01:43:46.000
e8789c22-0ecb-4c77-b276-4200fadcac3e,FKV,SVC_002,2026-01-07 01:14:24.000,2026-01-07 01:44:24.000
ab71dbcd-23a8-48fb-9ff7-1257693280f6,IMO,SVC_001,2026-01-07 01:20:46.000,2026-01-07 01:50:46.000
ed8b080b-09ee-4fe6-9dd4-c70ea2f4aa5d,JEL,SVC_002,2026-01-07 01:58:34.000,2026-01-07 02:28:34.000
b0c5109a-4aec-4af0-8305-2f61c2df8a3a,OHP,SVC_001,2026-01-07 02:32:08.000,2026-01-07 03:02:08.000
0b62d5a0-5ce3-4b45-bc4a-084dbd5ea088,YWI,SVC_001,2026-01-07 03:04:13.000,2026-01-07 03:34:13.000
1efffd36-4889-407f-a8b1-de0dc15fc65c,WHB,SVC_001,2026-01-07 04:19:00.000,2026-01-07 04:49:00.000
13b56328-74e3-456f-a2fe-3509130c353a,CHZ,SVC_002,2026-01-07 05:25:22.000,2026-01-07 05:55:22.000
c16655de-08cc-4722-9e20-5ce16b7ca100,LRV,SVC_001,2026-01-07 07:34:39.000,2026-01-07 08:04:39.000
9962b118-1b47-4b73-8084-ddd75c76531a,MCD,SVC_002,2026-01-07 08:09:45.000,2026-01-07 08:39:45.000
4804c200-7ac9-4a02-b9d2-2556f59b77a5,TMN,SVC_001,2026-01-07 09:26:34.000,2026-01-07 09:56:34.000
da7fcc54-fe8d-4228-9bc2-76273302d46e,BVQ,SVC_001,2026-01-07 09:32:08.000,2026-01-07 10:02:08.000
920febef-06f8-4f43-8eac-1866489a3bb9,XPV,SVC_002,2026-01-07 09:33:20.000,2026-01-07 10:03:20.000
7c97c44f-4903-47ed-a0d7-14fb568a23d1,QGY,SVC_001,2026-01-07 09:49:53.000,2026-01-07 10:19:53.000
240ec865-589d-4491-93fe-80b890ba3556,EOT,SVC_001,2026-01-07 13:23:46.000,2026-01-07 13:53:46.000
cbca5510-e677-432e-9932-5d4517ea6efe,URL,SVC_001,2026-01-07 13:35:43.000,2026-01-07 14:05:43.000
ee982c54-e747-4605-a9f2-616e70e5d043,LVW,SVC_001,2026-01-07 14:48:44.000,2026-01-07 15:18:44.000
81c23a1c-08ff-47bc-9385-d6b2a0c83eec,GCN,SVC_001,2026-01-07 14:57:41.000,2026-01-07 15:27:41.000
a3e3504b-1df7-492d-a6b7-5ca03ccc20c5,RIA,SVC_001,2026-01-07 15:02:56.000,2026-01-07 15:32:56.000
05b848fd-6083-47ca-9bdd-6fd0e7d591b6,OLT,SVC_002,2026-01-07 15:32:29.000,2026-01-07 16:02:29.000
9d9092bb-d6d7-4b23-a87c-9790461a666f,UPS,SVC_002,2026-01-07 15:48:57.000,2026-01-07 16:18:57.000
5eca8649-6896-4fe1-a139-e95b009258a2,KYD,SVC_001,2026-01-07 15:57:56.000,2026-01-07 16:27:56.000
c29c0302-3245-492f-89c1-3000c6cd4b0e,SKY,SVC_002,2026-01-07 16:16:32.000,2026-01-07 16:46:32.000
1adb815d-279c-4c2b-bbfe-188927b6aead,XNU,SVC_001,2026-01-07 16:39:03.000,2026-01-07 17:09:03.000
be3aa051-4831-4c68-9089-fc7125ef4eff,UJA,SVC_002,2026-01-07 17:15:24.000,2026-01-07 17:45:24.000
b01ada3d-cdc6-482e-a9b8-dc1292ebc213,DRE,SVC_002,2026-01-07 18:16:31.000,2026-01-07 18:46:31.000
1b1bf3e8-8e9c-4c38-8f90-12dbcc4fedff,QIE,SVC_002,2026-01-07 18:33:44.000,2026-01-07 19:03:44.000
a70a8f4d-0c8d-4263-a2b7-e4e99c68bf3c,RRA,SVC_001,2026-01-07 18:51:49.000,2026-01-07 19:21:49.000
f1484314-7d72-49db-80fb-e496b92360b6,OLC,SVC_001,2026-01-07 19:32:58.000,2026-01-07 20:02:58.000
96ea4fdf-f500-4d55-8590-ec41ea5fc131,KDB,SVC_002,2026-01-07 20:47:19.000,2026-01-07 21:17:19.000
2a2489d5-6d4d-4d72-ad57-b6e7ef9e1797,UEZ,SVC_001,2026-01-07 21:58:33.000,2026-01-07 22:28:33.000
955a7570-9ab8-4050-b1a0-b768016749af,IKL,SVC_002,2026-01-08 00:00:26.000,2026-01-08 00:30:26.000
cf00e8a6-f6db-4427-b889-79a0de810226,YON,SVC_002,2026-01-08 00:30:16.000,2026-01-08 01:00:16.000
b5446dfb-26e6-4c85-b3bc-9adcecbc25db,GLP,SVC_001,2026-01-08 01:24:45.000,2026-01-08 01:54:45.000
6ec94c9e-b86c-4774-8e22-f335c18a861c,UWY,SVC_002,2026-01-08 01:53:40.000,2026-01-08 02:23:40.000
957f138a-7189-4622-965a-ff8a265111e1,XAI,SVC_002,2026-01-08 02:20:10.000,2026-01-08 02:50:10.000
a56ef0d5-0adc-4fd6-84ab-ca9684360405,YRF,SVC_001,2026-01-08 03:41:23.000,2026-01-08 04:11:23.000
f30edf28-965e-4d0a-9c09-4466b795fdb2,OZP,SVC_002,2026-01-08 04:04:11.000,2026-01-08 04:34:11.000
58b34f66-9d65-490e-bb96-63a7dc419dac,GZQ,SVC_002,2026-01-08 04:49:41.000,2026-01-08 05:19:41.000
6e7ddf59-545f-4892-9b57-7936e359d775,WIT,SVC_002,2026-01-08 05:34:21.000,2026-01-08 06:04:21.000
df450548-1883-44ec-8517-0046faff94ce,OBC,SVC_002,2026-01-08 06:16:51.000,2026-01-08 06:46:51.000
04435ed0-09cc-4c3f-a475-e4f2c5e83175,LOL,SVC_002,2026-01-08 08:03:47.000,2026-01-08 08:33:47.000
496468b7-c8a4-4002-ab41-ee6c9676a44b,TAR,SVC_002,2026-01-08 08:49:44.000,2026-01-08 09:19:44.000
563ea845-bbd9-40a6-ba34-b7082eaa5fee,JEX,SVC_002,2026-01-08 08:55:19.000,2026-01-08 09:25:19.000
1da98bea-6af7-4de9-be48-8d31e869c089,LMO,SVC_002,2026-01-08 08:55:41.000,2026-01-08 09:25:41.000
fbb456d7-c6b6-4b41-9911-5c66c70f049f,EYL,SVC_002,2026-01-08 09:53:37.000,2026-01-08 10:23:37.000
f4d99242-fb1e-443d-8510-904e55b35bcd,UZB,SVC_001,2026-01-08 10:02:09.000,2026-01-08 10:32:09.000
e55ecbd9-8503-4e6a-8611-4fc0e1b68f71,RLP,SVC_002,2026-01-08 10:06:58.000,2026-01-08 10:36:58.000
e9cd8460-5ab9-46c2-907f-fba06a0e2ae6,JDQ,SVC_002,2026-01-08 10:19:24.000,2026-01-08 10:49:24.000
310ac526-7a36-4353-b419-f2c82879759a,NSE,SVC_001,2026-01-08 11:03:26.000,2026-01-08 11:33:26.000
97e2e689-9742-4c5d-b3d1-0ff98db20639,DNF,SVC_001,2026-01-08 11:06:01.000,2026-01-08 11:36:01.000
aabd655f-92ae-466d-b436-403e4144ed40,AQI,SVC_002,2026-01-08 11:36:31.000,2026-01-08 12:06:31.000
09dc6c6f-a198-476b-8449-92482d272cdd,AQR,SVC_002,2026-01-08 11:39:52.000,2026-01-08 12:09:52.000
5d8cd5d5-cb2d-4544-ab41-ccb03162a433,GBH,SVC_002,2026-01-08 12:02:02.000,2026-01-08 12:32:02.000
9c09e1dd-f032-4ad1-b782-6fa533c8a9b0,RWT,SVC_002,2026-01-08 12:07:38.000,2026-01-08 12:37:38.000
cfaf50fb-3ca2-4250-94e7-005872c52456,JQR,SVC_002,2026-01-08 12:53:37.000,2026-01-08 13:23:37.000
7110f05f-60ad-4f71-9ef5-280604808d6d,ARE,SVC_002,2026-01-08 12:55:06.000,2026-01-08 13:25:06.000
9de0a2a9-dd1b-4163-9217-ec9176b8b174,ETW,SVC_001,2026-01-08 13:09:59.000,2026-01-08 13:39:59.000
cdaeb6c0-fd38-42df-be9d-cde59671c517,GYK,SVC_002,2026-01-08 14:17:33.000,2026-01-08 14:47:33.000
b452735a-eca0-4127-8940-b07420d43470,KDV,SVC_001,2026-01-08 14:54:19.000,2026-01-08 15:24:19.000
602617b9-35ee-4690-9a28-0c65e5f2391b,HQQ,SVC_002,2026-01-08 15:09:56.000,2026-01-08 15:39:56.000
c981b55b-fdec-417f-8395-901262530f47,RTW,SVC_001,2026-01-08 16:36:55.000,2026-01-08 17:06:55.000
0ec0e6d9-7a4a-4849-9820-9273056d0867,KWW,SVC_001,2026-01-08 17:18:54.000,2026-01-08 17:48:54.000
cbd2efda-bf2b-4426-b4e9-2471bdc027d5,OXO,SVC_001,2026-01-08 18:11:52.000,2026-01-08 18:41:52.000
a32a0dc7-3cab-40e2-bfd3-9cd3b9ec9c0f,IEC,SVC_001,2026-01-08 19:13:47.000,2026-01-08 19:43:47.000
4325e735-01d3-41db-a58e-4174077417bf,XET,SVC_002,2026-01-08 19:44:35.000,2026-01-08 20:14:35.000
c69ed091-b732-43e3-87d8-76ca2f5e91b5,ZMX,SVC_002,2026-01-08 21:10:23.000,2026-01-08 21:40:23.000
bd654120-8581-432b-997e-e98ccb40a8d6,KZE,SVC_001,2026-01-08 21:27:05.000,2026-01-08 21:57:05.000
3b2284da-5dc2-44da-81ec-8bfd090ca856,FSI,SVC_001,2026-01-08 22:57:47.000,2026-01-08 23:27:47.000
2442391c-e3c0-4585-be6f-607ecd18e476,UJF,SVC_001,2026-01-08 23:17:34.000,2026-01-08 23:47:34.000
aec55ddb-f775-4a65-82fe-fb386d29ee2a,CSJ,SVC_001,2026-01-08 23:53:35.000,2026-01-09 00:23:35.000
6a6063f1-d92d-476d-b8a7-3b05e9cd6905,YMG,SVC_002,2026-01-08 23:56:08.000,2026-01-09 00:26:08.000
653f1594-3f6c-4bae-b6e7-c63f888ad9c7,YOA,SVC_001,2026-01-09 01:20:50.000,2026-01-09 01:50:50.000
53038578-7386-4c06-92a5-0ce60caabd83,TUH,SVC_001,2026-01-09 01:31:39.000,2026-01-09 02:01:39.000
2cf424d3-1eae-4980-bcb1-e64f10d068b7,FFQ,SVC_002,2026-01-09 02:26:03.000,2026-01-09 02:56:03.000
1e9fdb8f-91b1-4a2d-8e13-3a63ba99411e,WXV,SVC_001,2026-01-09 03:55:06.000,2026-01-09 04:25:06.000
32bde912-0fca-4960-bdc8-6fab6efce956,YCM,SVC_001,2026-01-09 03:57:47.000,2026-01-09 04:27:47.000
623be9fe-f3db-40a5-b5ac-e9226caae11e,EFV,SVC_001,2026-01-09 04:28:56.000,2026-01-09 04:58:56.000
d49ff172-40b2-4ce1-b0a1-561980d08232,PGA,SVC_001,2026-01-09 04:44:36.000,2026-01-09 05:14:36.000
f87e9fbd-5740-454f-9b93-f9bf786c9b60,JKC,SVC_001,2026-01-09 05:46:05.000,2026-01-09 06:16:05.000
cfd2f84e-31b2-4b9d-995d-f5350f055d17,LII,SVC_001,2026-01-09 06:04:58.000,2026-01-09 06:34:58.000
67ccdb0e-44a2-464d-a816-0e5d86f27ab8,FEQ,SVC_001,2026-01-09 07:32:22.000,2026-01-09 08:02:22.000
cafad8cb-ab9d-4ba6-bcff-e7190bbe3092,VMV,SVC_002,2026-01-09 07:46:29.000,2026-01-09 08:16:29.000
5b3de752-6558-498b-9401-44741bfd3e22,CUL,SVC_001,2026-01-09 09:03:09.000,2026-01-09 09:33:09.000
1b3be153-d2c3-4bbf-9a74-ec25c3f2f616,BYG,SVC_001,2026-01-09 09:50:58.000,2026-01-09 10:20:58.000
f3df1208-5733-44ec-8d60-9e035bf956f3,DWU,SVC_002,2026-01-09 10:05:15.000,2026-01-09 10:35:15.000
ed16ff21-411a-40ef-bc42-0169219f36dd,YUA,SVC_002,2026-01-09 12:18:25.000,2026-01-09 12:48:25.000
e0c424b5-78f9-41ed-bd54-bdbbbfe2fd07,EJN,SVC_001,2026-01-09 14:15:57.000,2026-01-09 14:45:57.000
c55120b5-5fdf-4533-9411-d8974373d6e6,SNO,SVC_001,2026-01-09 14:43:13.000,2026-01-09 15:13:13.000
8cf18e6a-dd81-4105-9bee-dec707bd7666,TDM,SVC_001,2026-01-09 15:17:02.000,2026-01-09 15:47:02.000
2e4051f0-cdc5-49b4-a79f-1077ffc8ffd5,JGN,SVC_002,2026-01-09 16:57:29.000,2026-01-09 17:27:29.000
cccf9315-2cee-441f-8ba4-8a579f6ff694,WJE,SVC_002,2026-01-09 17:47:06.000,2026-01-09 18:17:06.000
3ae62d16-d3b0-404e-8761-da2fd2d703ce,YOX,SVC_002,2026-01-09 18:09:59.000,2026-01-09 18:39:59.000
5912ec4a-b590-4952-86a7-d09a5df6682b,LBI,SVC_002,2026-01-09 18:23:34.000,2026-01-09 18:53:34.000
d1ccfeaa-3df7-4124-8773-666a00cfec27,PKT,SVC_002,2026-01-09 19:19:00.000,2026-01-09 19:49:00.000
d85d34ee-755b-49ec-b751-e807ce81a7b3,LHE,SVC_002,2026-01-09 20:00:44.000,2026-01-09 20:30:44.000
8d77d63e-b51f-4b77-b902-1189e94ed289,SNZ,SVC_001,2026-01-09 21:18:11.000,2026-01-09 21:48:11.000
10a1921f-0f2f-4d0a-980c-521787e3ce07,HQT,SVC_002,2026-01-09 22:16:44.000,2026-01-09 22:46:44.000
2e5f67c4-0241-44f1-a43f-6c6a5fdc2f60,ZUI,SVC_001,2026-01-09 23:25:34.000,2026-01-09 23:55:34.000
8f76e9ab-0bb3-4cf3-a205-369a772339d8,VHN,SVC_002,2026-01-09 23:41:37.000,2026-01-10 00:11:37.000
7b1b4102-bde1-4431-8c23-d3180fa47fb7,YXZ,SVC_001,2026-01-10 01:50:22.000,2026-01-10 02:20:22.000
e3523d7f-391a-4c3e-92cb-c0995b21baa8,SZA,SVC_002,2026-01-10 03:14:04.000,2026-01-10 03:44:04.000
d49871e9-639c-42c0-a558-99b1825bdf6a,ABE,SVC_002,2026-01-10 03:19:17.000,2026-01-10 03:49:17.000
c4910e91-a818-46ea-a57a-aca911ce22fc,JFQ,SVC_002,2026-01-10 05:35:08.000,2026-01-10 06:05:08.000
00667f17-f2ad-4cbf-a235-914a110a7721,BGQ,SVC_002,2026-01-10 05:53:13.000,2026-01-10 06:23:13.000
089ec4d3-01b1-4333-8784-6d4673bfc6c7,WVU,SVC_001,2026-01-10 06:03:16.000,2026-01-10 06:33:16.000
0fa2fddd-e34e-4764-abcc-58be88dfc0c5,IFI,SVC_001,2026-01-10 06:31:20.000,2026-01-10 07:01:20.000
b6ee7b04-69e0-4232-931b-2b992b822ef0,AFQ,SVC_002,2026-01-10 06:44:03.000,2026-01-10 07:14:03.000
6394d7ac-7ca5-4e42-828d-c0bfc83c607d,TRH,SVC_001,2026-01-10 08:02:50.000,2026-01-10 08:32:50.000
18f34b67-f500-421c-a851-97800649c3e4,WNJ,SVC_001,2026-01-10 08:45:37.000,2026-01-10 09:15:37.000
64377d49-1587-461d-aadd-1691110eb3fb,QSD,SVC_001,2026-01-10 08:54:52.000,2026-01-10 09:24:52.000
9ae978c3-bf9e-4072-8d17-0062a2ff7611,RYK,SVC_002,2026-01-10 09:03:42.000,2026-01-10 09:33:42.000
29957e3c-5c9c-4a35-846f-bfbb329791a8,USH,SVC_002,2026-01-10 10:32:31.000,2026-01-10 11:02:31.000
c6fe6a85-ff21-49c8-a435-33e10cc5e571,DAJ,SVC_001,2026-01-10 11:04:19.000,2026-01-10 11:34:19.000
71be0d1f-26b4-4bc0-b45d-c69136dc7d8e,ZSX,SVC_002,2026-01-10 11:06:40.000,2026-01-10 11:36:40.000
70a12e9c-cc0a-43f6-b699-b4bb9c041bbf,FYN,SVC_002,2026-01-10 11:17:48.000,2026-01-10 11:47:48.000
2afae2f8-4a92-405b-869e-8e2aaa2bdf8c,VSV,SVC_001,2026-01-10 11:20:56.000,2026-01-10 11:50:56.000
8f4a5579-847d-46f2-8f06-0785222dccac,TEB,SVC_002,2026-01-10 12:54:28.000,2026-01-10 13:24:28.000
df949a84-3117-4239-b3b4-58823521d9ef,PWQ,SVC_001,2026-01-10 15:12:41.000,2026-01-10 15:42:41.000
52325308-cdb8-4b7a-940e-1e9c1a1f8ebc,HCJ,SVC_001,2026-01-10 15:13:35.000,2026-01-10 15:43:35.000
7a9db26c-6a3f-4ccb-b2f3-18420fc73bd2,XNK,SVC_002,2026-01-10 15:29:34.000,2026-01-10 15:59:34.000
229673bd-76d7-4968-b304-9924257a7770,ESM,SVC_001,2026-01-10 15:39:51.000,2026-01-10 16:09:51.000
4ba206ec-f7d9-44a6-af35-e03306c42ecf,NTK,SVC_002,2026-01-10 16:44:19.000,2026-01-10 17:14:19.000
b0377f90-d933-4610-af2b-4bcadc63d99f,CLU,SVC_001,2026-01-10 16:52:27.000,2026-01-10 17:22:27.000
aa0db120-ae0f-4eb6-8ec5-7e0950d1685c,MIT,SVC_002,2026-01-10 17:03:11.000,2026-01-10 17:33:11.000
10ad0ae3-7eef-4119-9aa1-a20d635fdddb,OGD,SVC_001,2026-01-10 17:19:13.000,2026-01-10 17:49:13.000
a2e767dd-10a6-43aa-b8d9-8a38d1184c0c,WYI,SVC_001,2026-01-10 17:47:02.000,2026-01-10 18:17:02.000
35b05113-ebfa-42f0-a2d8-3de0ce63c758,CVW,SVC_001,2026-01-10 18:58:50.000,2026-01-10 19:28:50.000
9af26082-a24b-4394-8f0a-ac0bcb98c679,LXO,SVC_001,2026-01-10 20:45:23.000,2026-01-10 21:15:23.000
19644369-53dd-4804-95e4-961760003810,CBW,SVC_001,2026-01-10 22:07:33.000,2026-01-10 22:37:33.000
fcb99995-3d85-4e46-9c0d-0938b733cd69,LDM,SVC_002,2026-01-10 22:16:39.000,2026-01-10 22:46:39.000
ed74138c-5f81-4d38-a238-e4f46e095163,LFL,SVC_001,2026-01-10 22:31:16.000,2026-01-10 23:01:16.000
2141d15d-73d1-4ffa-9124-bee5066c47bb,SYR,SVC_002,2026-01-10 23:05:10.000,2026-01-10 23:35:10.000
eaabc8ee-4d86-4832-b9b8-44a24936db3d,YYI,SVC_002,2026-01-10 23:23:37.000,2026-01-10 23:53:37.000
df6d6a83-a21b-4cb6-b16a-c2eed844d4ef,EYX,SVC_001,2026-01-10 23:54:48.000,2026-01-11 00:24:48.000
b503f356-2d11-44bf-ba48-82eabdf69eae,TWY,SVC_001,2026-01-11 00:12:24.000,2026-01-11 00:42:24.000
5ba371b5-6482-45d1-92a5-461fc52d6650,LIW,SVC_001,2026-01-11 00:14:37.000,2026-01-11 00:44:37.000
76e2e943-a592-49dd-bfb5-1fe611d9eb7e,QGO,SVC_002,2026-01-11 01:19:01.000,2026-01-11 01:49:01.000
fc89720d-9d0e-4efb-b503-29d8d6f6a819,XIJ,SVC_001,2026-01-11 01:21:40.000,2026-01-11 01:51:40.000
e6df3782-7bb7-4eb5-8179-d3e5d22d701f,UWO,SVC_001,2026-01-11 01:55:20.000,2026-01-11 02:25:20.000
d4fb21a9-ba4e-45a0-9ba0-5dbca22a3934,OIK,SVC_001,2026-01-11 04:29:26.000,2026-01-11 04:59:26.000
316a4588-4de3-4f1a-a842-c5e6b10421bf,SMT,SVC_001,2026-01-11 05:13:03.000,2026-01-11 05:43:03.000
f809e1d9-111d-41a4-bea9-f46022ec9374,FVH,SVC_001,2026-01-11 05:34:41.000,2026-01-11 06:04:41.000
4158c5f5-d545-42c8-ab55-1596cc62127d,OGG,SVC_002,2026-01-11 06:24:25.000,2026-01-11 06:54:25.000
5bc602da-d965-482c-954d-d7dd894a5ef1,YMS,SVC_001,2026-01-11 06:51:21.000,2026-01-11 07:21:21.000
920494b9-b2ce-4303-8982-0e6f057421d6,ELV,SVC_002,2026-01-11 09:22:40.000,2026-01-11 09:52:40.000
33047961-0321-406e-9fe6-dea0a665b83f,PAO,SVC_001,2026-01-11 09:25:50.000,2026-01-11 09:55:50.000
4d9cbf42-3710-4ec0-baa5-3b8a7d6f1c8f,BBG,SVC_001,2026-01-11 09:27:44.000,2026-01-11 09:57:44.000
a4ae84d2-89e0-4c64-9c0b-45375bee7169,MNM,SVC_002,2026-01-11 10:29:21.000,2026-01-11 10:59:21.000
02bdd31b-9abf-465b-9bf9-ca2dbaaf1072,FSV,SVC_001,2026-01-11 10:37:13.000,2026-01-11 11:07:13.000
4c4e2d58-d363-4107-8898-b5ebddcadc53,POX,SVC_002,2026-01-11 11:09:31.000,2026-01-11 11:39:31.000
7591c679-0f38-4771-a77d-3a1cd8cfbf87,DAR,SVC_001,2026-01-11 11:42:28.000,2026-01-11 12:12:28.000
1c3f06ee-b1d6-49d6-a9bc-de55ccc255cb,DJS,SVC_002,2026-01-11 12:18:22.000,2026-01-11 12:48:22.000
d06f89c4-ab67-4f4a-be03-db890e44b461,WOE,SVC_001,2026-01-11 12:49:22.000,2026-01-11 13:19:22.000
a9b77856-23d5-44db-baaf-ce0d7a4503a1,GOP,SVC_001,2026-01-11 12:51:21.000,2026-01-11 13:21:21.000
ed378eb5-b198-417f-b12f-d129485ba220,XNN,SVC_001,2026-01-11 13:08:54.000,2026-01-11 13:38:54.000
7ce0cc10-5838-4687-a8c9-f2888ac50caf,LRS,SVC_001,2026-01-11 13:22:38.000,2026-01-11 13:52:38.000
ce043edc-4a92-427f-bb41-3bbcf034b690,SJN,SVC_001,2026-01-11 13:48:33.000,2026-01-11 14:18:33.000
dfa7cfd3-a211-4bbc-9e02-c1c0eac2c478,GNY,SVC_001,2026-01-11 14:26:22.000,2026-01-11 14:56:22.000
546f0139-ebf3-449d-a188-b780fe50ff0d,VTZ,SVC_001,2026-01-11 14:48:42.000,2026-01-11 15:18:42.000
974efbe0-0510-446d-9250-33a5509a1eda,BAZ,SVC_002,2026-01-11 14:56:11.000,2026-01-11 15:26:11.000
c65fd54e-4b8d-49b9-a6a0-a91eecb7d9ad,XQV,SVC_001,2026-01-11 15:53:11.000,2026-01-11 16:23:11.000
8414da4c-a80e-469c-81c5-b978d75e5131,UIL,SVC_001,2026-01-11 16:10:10.000,2026-01-11 16:40:10.000
926db8bb-cd03-4de7-8c0a-d56af24369f6,VEF,SVC_002,2026-01-11 16:45:27.000,2026-01-11 17:15:27.000
764f73eb-ecd0-4dad-a2d3-f2175926b680,OYC,SVC_002,2026-01-11 17:00:02.000,2026-01-11 17:30:02.000
e47b543f-dc41-4137-9539-7509f3f89f37,DPU,SVC_001,2026-01-11 17:15:41.000,2026-01-11 17:45:41.000
43f2da62-48df-4475-86dc-51b27844947c,YTR,SVC_002,2026-01-11 17:21:51.000,2026-01-11 17:51:51.000
d01d888e-fd18-424e-b6b5-97c6e57cd4d7,HMQ,SVC_001,2026-01-11 17:32:52.000,2026-01-11 18:02:52.000
dc796209-5268-481d-8210-ccb481503977,NBV,SVC_001,2026-01-11 18:07:32.000,2026-01-11 18:37:32.000
be8fb69c-4c51-439b-b447-7ae5db70b249,OZC,SVC_001,2026-01-11 19:29:06.000,2026-01-11 19:59:06.000
5f90b20e-407c-413e-8f93-b19bc8eb438f,PCZ,SVC_001,2026-01-11 20:32:46.000,2026-01-11 21:02:46.000
ef005215-df90-4d74-a87d-042a202b50f0,KQT,SVC_001,2026-01-11 21:05:37.000,2026-01-11 21:35:37.000
095b8b68-2b42-4c19-9bb9-09c5bf8ca753,FDR,SVC_002,2026-01-11 21:13:00.000,2026-01-11 21:43:00.000
737ffe20-5d2e-4c2b-b95c-3e41519db604,YKT,SVC_001,2026-01-11 21:55:32.000,2026-01-11 22:25:32.000
df507083-eb5f-4838-afe0-69a62667e6c7,BPT,SVC_001,2026-01-11 22:25:56.000,2026-01-11 22:55:56.000
53d3d85c-2d9a-43d5-923c-50f81770a32a,DJC,SVC_001,2026-01-11 22:55:51.000,2026-01-11 23:25:51.000
71a5e7fa-57e2-4643-92cf-2e6bcf52e328,BQA,SVC_002,2026-01-11 22:56:53.000,2026-01-11 23:26:53.000
84ba80b3-8964-4ae5-8fa3-a0e9742ba06b,SRY,SVC_002,2026-01-11 23:32:46.000,2026-01-12 00:02:46.000
29710862-b7fa-4fb3-91c9-48416afcbe73,LGY,SVC_002,2026-01-12 00:07:39.000,2026-01-12 00:37:39.000
5ae689a7-e02c-4995-8faf-918089fbf905,SAO,SVC_001,2026-01-12 00:37:57.000,2026-01-12 01:07:57.000
3f91b166-9687-4c2c-be35-b940b9bfda14,JFA,SVC_002,2026-01-12 01:04:33.000,2026-01-12 01:34:33.000
d33fde62-160c-46e3-8dc5-e8c8dc2682b6,LWV,SVC_001,2026-01-12 01:08:05.000,2026-01-12 01:38:05.000
92d0c469-034f-41d5-a888-0c253b43bf4d,NDU,SVC_002,2026-01-12 01:13:50.000,2026-01-12 01:43:50.000
9e1fc081-a642-4e14-bb26-20ea29ed1e04,CHU,SVC_001,2026-01-12 01:28:07.000,2026-01-12 01:58:07.000
4b93df1b-4818-4a48-a6ea-6ac8fd3d7f21,KNX,SVC_001,2026-01-12 01:36:01.000,2026-01-12 02:06:01.000
93e8d83d-c699-4f36-ab15-4b1e5afa5494,ARZ,SVC_001,2026-01-12 02:32:00.000,2026-01-12 03:02:00.000
5f679515-6484-4bcb-8cbe-95a1202b166a,PJA,SVC_002,2026-01-12 02:44:05.000,2026-01-12 03:14:05.000
476eb9eb-fb6c-45cd-b12a-3855e0183f12,PSJ,SVC_001,2026-01-12 04:06:21.000,2026-01-12 04:36:21.000
d4684e3e-68ae-4b4d-8527-9666e91136e0,SVB,SVC_002,2026-01-12 07:09:17.000,2026-01-12 07:39:17.000
e27684b8-4943-41c5-a4f5-566564b09a1d,TAY,SVC_002,2026-01-12 07:12:05.000,2026-01-12 07:42:05.000
6904ba1e-7255-4185-9fba-1540600caa6c,RPD,SVC_002,2026-01-12 08:27:16.000,2026-01-12 08:57:16.000
01839844-09cd-4d4b-a973-3512c4a50ab5,PVU,SVC_002,2026-01-12 09:26:48.000,2026-01-12 09:56:48.000
c80366b5-50d9-4194-8a0b-c3cd074614f8,ZDH,SVC_002,2026-01-12 09:32:51.000,2026-01-12 10:02:51.000
e4b9b591-0f8f-464d-95a4-dc7762825b9a,YOO,SVC_002,2026-01-12 10:33:03.000,2026-01-12 11:03:03.000
ef235f77-2dd5-4211-8945-0c0507365b47,HYF,SVC_002,2026-01-12 11:06:46.000,2026-01-12 11:36:46.000
ccd03c7a-ab22-4672-929c-9c0a822652fb,GBT,SVC_001,2026-01-12 11:24:31.000,2026-01-12 11:54:31.000
b1076840-3efe-4199-a598-af5b0b8cc000,AZY,SVC_002,2026-01-12 12:09:17.000,2026-01-12 12:39:17.000
0eabe263-4fba-4579-a4df-55c2addcbd3a,DPM,SVC_001,2026-01-12 13:29:47.000,2026-01-12 13:59:47.000
a7a066ec-3aef-44a0-a2bf-1eaab75144de,MBP,SVC_001,2026-01-12 15:58:27.000,2026-01-12 16:28:27.000
428df5b9-ccfc-4def-86ec-e78e58f86012,LSC,SVC_002,2026-01-12 16:10:45.000,2026-01-12 16:40:45.000
1910b066-d5e4-4ec6-b728-80f3773a5e06,WAF,SVC_001,2026-01-12 16:14:01.000,2026-01-12 16:44:01.000
7adbca6f-2d99-4e1d-9df3-04f1315029ed,WNY,SVC_001,2026-01-12 17:17:42.000,2026-01-12 17:47:42.000
3b471c75-17bc-4f7f-9d47-cc4087169022,IGW,SVC_001,2026-01-12 18:18:30.000,2026-01-12 18:48:30.000
2bc0cabd-ff4f-488f-a1e7-f63bf09a1ef4,WQA,SVC_002,2026-01-12 18:27:30.000,2026-01-12 18:57:30.000
89bd2fe6-3ad5-466e-876c-71686cd4a834,SHG,SVC_002,2026-01-12 18:38:03.000,2026-01-12 19:08:03.000
a20fae02-a265-4b67-8cfb-2f80fe8a4474,AJX,SVC_001,2026-01-12 19:23:44.000,2026-01-12 19:53:44.000
7bd7a01d-275e-4f42-9c1f-7275c8b910b1,OTL,SVC_002,2026-01-12 19:55:46.000,2026-01-12 20:25:46.000
91382b43-918e-4167-b7bd-0d7cc60c59cb,XIB,SVC_002,2026-01-12 20:34:28.000,2026-01-12 21:04:28.000
f5157039-a5f0-4489-877a-e95fdd186fdb,PUJ,SVC_001,2026-01-12 21:13:54.000,2026-01-12 21:43:54.000
5d0e0e82-00f3-45b0-b265-511db4d0ccde,LEG,SVC_002,2026-01-12 21:48:03.000,2026-01-12 22:18:03.000
fc1bb3d9-fd10-4fa7-ac51-7ff9f71872df,VDV,SVC_001,2026-01-12 22:54:23.000,2026-01-12 23:24:23.000
081436b2-471c-48c7-86e3-66514c456f73,LCO,SVC_002,2026-01-13 00:22:14.000,2026-01-13 00:52:14.000
3fb665ea-837a-4947-afb6-999278e674bb,DUD,SVC_002,2026-01-13 01:13:26.000,2026-01-13 01:43:26.000
091784ba-e8b2-4aeb-a821-3e3ee468170b,AXU,SVC_001,2026-01-13 01:46:19.000,2026-01-13 02:16:19.000
66bdcfcb-98f0-44a4-be7b-bdb7bc3cc5c2,FLH,SVC_001,2026-01-13 02:20:23.000,2026-01-13 02:50:23.000
a13e91d0-8a4f-499d-b17c-2a4bc80c3b58,MLB,SVC_002,2026-01-13 03:06:20.000,2026-01-13 03:36:20.000
db5a2f0e-1db3-411a-a188-8b68b0154320,NVR,SVC_002,2026-01-13 03:12:40.000,2026-01-13 03:42:40.000
86b1a794-5608-41ee-80af-1f7141787c9a,CPW,SVC_002,2026-01-13 03:14:17.000,2026-01-13 03:44:17.000
3217c9f7-13d7-4cbf-afa1-287614342e75,ZSM,SVC_002,2026-01-13 03:26:26.000,2026-01-13 03:56:26.000
d3aeabed-b702-4dcc-9206-c592fab2f71d,NKC,SVC_001,2026-01-13 03:35:41.000,2026-01-13 04:05:41.000
c1d5c5bc-6cb7-4b30-aaad-eff78ab6ff5a,MFC,SVC_002,2026-01-13 03:42:07.000,2026-01-13 04:12:07.000
cdfb3f29-909e-4172-96d7-3acd260bba73,VHZ,SVC_002,2026-01-13 04:00:26.000,2026-01-13 04:30:26.000
a337e695-a16a-48c7-91f7-216a4698b53a,MFK,SVC_001,2026-01-13 04:02:11.000,2026-01-13 04:32:11.000
cfddab4e-d294-4e23-8dae-d72d0c376d26,SAO,SVC_002,2026-01-13 05:37:11.000,2026-01-13 06:07:11.000
c6ca1e6a-a99a-4c2c-840f-82e5ecfae66b,JWR,SVC_001,2026-01-13 06:13:21.000,2026-01-13 06:43:21.000
d9a1ecde-b3cd-45e9-84eb-f8af4103fa50,LLG,SVC_001,2026-01-13 06:27:47.000,2026-01-13 06:57:47.000
00151dd6-32b7-479e-9663-198a1f7013e8,FOI,SVC_001,2026-01-13 06:51:12.000,2026-01-13 07:21:12.000
92566f37-98ce-483b-a1c3-42577cf1619f,UUP,SVC_002,2026-01-13 07:00:14.000,2026-01-13 07:30:14.000
6f13f3a9-e457-427a-a1a7-23bc1b42bea5,VXL,SVC_002,2026-01-13 07:12:55.000,2026-01-13 07:42:55.000
39c18c96-13c5-4952-8132-549064a45435,VXL,SVC_001,2026-01-13 09:03:44.000,2026-01-13 09:33:44.000
1931a368-10c7-428a-83be-b5dd24d184f8,CPN,SVC_002,2026-01-13 10:32:26.000,2026-01-13 11:02:26.000
230dc914-136b-4824-88b1-1346c4c6eebc,DWA,SVC_001,2026-01-13 10:35:49.000,2026-01-13 11:05:49.000
07dc3794-31db-4786-b171-89c3cef3a16b,ZKL,SVC_001,2026-01-13 11:09:15.000,2026-01-13 11:39:15.000
bdde4b50-4461-4485-a9d0-33ceb1bb1a8c,ZQA,SVC_001,2026-01-13 11:49:29.000,2026-01-13 12:19:29.000
2915840d-4c37-4c63-8b1d-515b57d6dee9,UBP,SVC_001,2026-01-13 12:14:51.000,2026-01-13 12:44:51.000
956205bd-7197-4baf-9441-08c8a7ff503e,MXA,SVC_001,2026-01-13 12:16:26.000,2026-01-13 12:46:26.000
12766a97-ef95-4ff2-bef6-81371fbe97d2,RPO,SVC_001,2026-01-13 12:19:56.000,2026-01-13 12:49:56.000
0d898c03-35ec-46f1-9730-b6d5e70d8dc3,BST,SVC_002,2026-01-13 12:28:32.000,2026-01-13 12:58:32.000
8b5a98e0-09c7-4381-92da-76d98363be13,SSO,SVC_002,2026-01-13 12:39:36.000,2026-01-13 13:09:36.000
f3e59716-55b9-4247-a097-c15a55569491,GZB,SVC_001,2026-01-13 13:34:46.000,2026-01-13 14:04:46.000
5004e680-fcf4-4fca-a904-0c958291b7c3,EGP,SVC_002,2026-01-13 15:06:27.000,2026-01-13 15:36:27.000
2e1923b7-0e96-4822-b26a-2870eda8506e,VHV,SVC_001,2026-01-13 15:15:14.000,2026-01-13 15:45:14.000
01d7b32d-eb02-486a-9946-aae182cb715c,MXU,SVC_002,2026-01-13 15:26:55.000,2026-01-13 15:56:55.000
097d2854-6499-4f93-b10f-3c6bd4cf6b97,ZQQ,SVC_001,2026-01-13 15:45:52.000,2026-01-13 16:15:52.000
01f2ae8e-ee30-46cd-8080-e101bfe50b5f,MLD,SVC_002,2026-01-13 16:04:02.000,2026-01-13 16:34:02.000
4d162354-a76c-47d8-abdf-d804d578f519,JOH,SVC_001,2026-01-13 16:15:12.000,2026-01-13 16:45:12.000
7348e142-62e7-4984-94d3-16b02e675486,XYD,SVC_002,2026-01-13 17:46:17.000,2026-01-13 18:16:17.000
ddb19f0b-244a-4855-a609-350f1bead821,HBM,SVC_001,2026-01-13 18:15:50.000,2026-01-13 18:45:50.000
fec34e44-de0a-4d10-bf39-7a094028dade,GVT,SVC_001,2026-01-13 19:38:08.000,2026-01-13 20:08:08.000
7ec415dc-6dde-4a80-88a5-23ac15f66150,ETZ,SVC_001,2026-01-13 19:52:28.000,2026-01-13 20:22:28.000
dd4dc3c7-f7f6-4bf9-bf45-d712ace92b9f,PHO,SVC_002,2026-01-13 20:50:14.000,2026-01-13 21:20:14.000
38c160c9-2dbf-43f0-bb3c-f528cb2d0191,ZLA,SVC_001,2026-01-13 20:59:41.000,2026-01-13 21:29:41.000
f5550704-8c04-4aae-8342-12622d8fc519,VGW,SVC_002,2026-01-13 21:18:25.000,2026-01-13 21:48:25.000
d2bb6c78-4cd8-4355-ba60-6af029330367,ZRA,SVC_002,2026-01-13 21:38:46.000,2026-01-13 22:08:46.000
71eba64b-b774-4a56-9fcd-3bf35eda5827,BLX,SVC_002,2026-01-13 21:56:14.000,2026-01-13 22:26:14.000
52f9a1bc-54cc-4931-9a99-9d0bccbd8959,ECB,SVC_001,2026-01-13 22:52:40.000,2026-01-13 23:22:40.000
467eb058-7a29-434a-9208-d6ac0353dba2,RRQ,SVC_001,2026-01-13 23:17:30.000,2026-01-13 23:47:30.000
85db9c9f-c597-45b5-a8e2-d1d4513d5d7f,QCY,SVC_002,2026-01-13 23:36:36.000,2026-01-14 00:06:36.000
19ccbecc-8c19-478d-a564-2e40bd11406f,YUG,SVC_001,2026-01-13 23:37:22.000,2026-01-14 00:07:22.000
6168c11b-7d8e-49c9-9f2c-e7cbc2364985,SPN,SVC_001,2026-01-14 02:33:23.000,2026-01-14 03:03:23.000
6dba0b6e-fe20-477a-9654-411ec740b835,XUL,SVC_001,2026-01-14 02:40:21.000,2026-01-14 03:10:21.000
d93b79b2-7430-442c-8f77-d699e94891fa,XCL,SVC_001,2026-01-14 04:27:49.000,2026-01-14 04:57:49.000
67bb262c-09d3-4015-a183-cf570b2f8f04,TNQ,SVC_001,2026-01-14 06:13:52.000,2026-01-14 06:43:52.000
0e868822-c9a4-4afe-8910-3e1cb6ba2ecf,YNV,SVC_001,2026-01-14 06:27:02.000,2026-01-14 06:57:02.000
cc2dec04-04d1-466c-959e-c032824f527b,BOK,SVC_001,2026-01-14 06:34:08.000,2026-01-14 07:04:08.000
9334c936-64ed-4c1f-aabe-4621986f430f,HDT,SVC_001,2026-01-14 06:35:48.000,2026-01-14 07:05:48.000
6d11939f-fa70-4864-9d13-75afe46fbf47,YWN,SVC_002,2026-01-14 07:25:14.000,2026-01-14 07:55:14.000
03af26f4-d32f-46eb-9a11-f76d05ef4b2e,YOL,SVC_001,2026-01-14 07:37:31.000,2026-01-14 08:07:31.000
9dfdd3f7-1a3d-4984-af67-651bb3cedfa0,JYO,SVC_002,2026-01-14 09:03:12.000,2026-01-14 09:33:12.000
577d814f-7acf-4165-916f-b3a5396589d5,VGB,SVC_002,2026-01-14 09:53:09.000,2026-01-14 10:23:09.000
e4650c8e-0160-452e-b924-14d6bc55630f,IRV,SVC_002,2026-01-14 11:00:34.000,2026-01-14 11:30:34.000
c4db85bf-f6f0-442a-bc70-3a9e0db7f6f7,VJC,SVC_001,2026-01-14 11:57:42.000,2026-01-14 12:27:42.000
0963e2c6-4254-4ec7-b367-b232853527e9,KTR,SVC_001,2026-01-14 12:01:45.000,2026-01-14 12:31:45.000
b684ed26-ad9b-4206-bf97-bcfae1b14944,NMV,SVC_002,2026-01-14 12:07:18.000,2026-01-14 12:37:18.000
78679dc1-aaa8-47f2-b1a1-6695e265a402,UPL,SVC_002,2026-01-14 12:15:14.000,2026-01-14 12:45:14.000
1bcc0d88-787d-456a-8f81-c3a1b1f573f2,DSK,SVC_001,2026-01-14 16:26:49.000,2026-01-14 16:56:49.000
60b1be01-a6cb-4d41-b68b-071d36295d11,YMQ,SVC_002,2026-01-14 16:33:21.000,2026-01-14 17:03:21.000
74fc53e4-1d4b-42f3-bea7-35461774af02,BJS,SVC_001,2026-01-14 17:05:28.000,2026-01-14 17:35:28.000
d69581c9-f990-4b95-bcca-d70d6855aff6,XCP,SVC_002,2026-01-14 18:10:47.000,2026-01-14 18:40:47.000
1dd643fc-eedd-4971-b055-4091c4a1699e,JBX,SVC_001,2026-01-14 18:26:09.000,2026-01-14 18:56:09.000
255d53af-01af-4cbd-bfd2-3c5ea2e81bd6,GMR,SVC_001,2026-01-14 18:36:53.000,2026-01-14 19:06:53.000
29a57fe5-dc1e-4d4e-b2c0-4fd6a5385b8c,ROI,SVC_001,2026-01-14 18:48:28.000,2026-01-14 19:18:28.000
a89ed408-4833-4c94-ad34-593359bfb778,JUL,SVC_001,2026-01-14 18:57:20.000,2026-01-14 19:27:20.000
76d048e3-a62f-4352-a016-ba87ec66f0b7,WRQ,SVC_001,2026-01-14 20:20:26.000,2026-01-14 20:50:26.000
1c0b06f1-bca6-47db-b990-e2bf720fa409,HBP,SVC_002,2026-01-14 21:49:57.000,2026-01-14 22:19:57.000
b75bfae7-390c-45a3-b416-5884d98b3877,SHP,SVC_001,2026-01-14 22:01:27.000,2026-01-14 22:31:27.000
6e17588b-1498-440b-8bed-0644732e79de,OSY,SVC_002,2026-01-14 22:36:22.000,2026-01-14 23:06:22.000
94f10f4f-1423-437e-aa5b-99e6fe87f6bb,ALI,SVC_001,2026-01-14 23:07:32.000,2026-01-14 23:37:32.000
3c4f506e-7e6c-47bc-881b-ce2ea63b5e58,LDI,SVC_002,2026-01-15 01:05:32.000,2026-01-15 01:35:32.000
548139ff-850f-47ac-bba1-77f0677565ed,DZJ,SVC_001,2026-01-15 03:32:34.000,2026-01-15 04:02:34.000
9869eedc-3594-4039-ba22-0936a5f82a59,GQH,SVC_002,2026-01-15 03:32:58.000,2026-01-15 04:02:58.000
f01aa877-91e7-4570-9a76-98ba93d13fac,DNO,SVC_001,2026-01-15 03:38:28.000,2026-01-15 04:08:28.000
c8dbf6ec-5135-4d66-a6c5-a92b0c545f35,UGK,SVC_002,2026-01-15 04:36:21.000,2026-01-15 05:06:21.000
2e711bfa-243c-4b6f-8d3b-775a08d835d5,NPW,SVC_001,2026-01-15 05:34:51.000,2026-01-15 06:04:51.000
253ba993-b89a-4fa0-b338-8cf3aec91a39,ZKD,SVC_001,2026-01-15 05:50:48.000,2026-01-15 06:20:48.000
ba9187f5-431c-4e0e-b350-338798c72e01,NPB,SVC_001,2026-01-15 06:15:51.000,2026-01-15 06:45:51.000
8951ab1d-1b2a-432e-b623-dfc913500191,QBH,SVC_002,2026-01-15 06:35:57.000,2026-01-15 07:05:57.000
cc7f05d3-53f1-4e88-9fc4-7397b69a6815,ZCX,SVC_001,2026-01-15 07:22:53.000,2026-01-15 07:52:53.000
b7c24ca0-4a99-4146-8029-8e6e77cbe0fb,GRZ,SVC_002,2026-01-15 08:43:43.000,2026-01-15 09:13:43.000
10ff795b-3e0b-4dc8-a583-b8795d176edf,VZW,SVC_001,2026-01-15 09:06:58.000,2026-01-15 09:36:58.000
b1afe4c4-c045-483e-a34c-6fe1817b4c12,KGM,SVC_002,2026-01-15 09:42:42.000,2026-01-15 10:12:42.000
7ff36919-8c31-4fdb-802a-93e64faefd60,XIZ,SVC_001,2026-01-15 11:36:41.000,2026-01-15 12:06:41.000
f6fd1204-48d3-4740-9204-a099bffd381d,XIN,SVC_001,2026-01-15 12:48:35.000,2026-01-15 13:18:35.000
4b33b5db-8c92-4f46-9a35-8d5fefa6350e,IVA,SVC_001,2026-01-15 13:06:24.000,2026-01-15 13:36:24.000
42971045-4097-4372-886a-1c86d404f20d,JYT,SVC_002,2026-01-15 13:17:28.000,2026-01-15 13:47:28.000
db0d2600-ff16-4d74-8756-8a9d6f6cd15c,DDC,SVC_002,2026-01-15 13:46:59.000,2026-01-15 14:16:59.000
33a180b7-8812-45d4-a9d4-211939681c0e,QWS,SVC_002,2026-01-15 14:52:36.000,2026-01-15 15:22:36.000
1ee047ba-e2bf-4516-8f89-52ae43fcc443,AOK,SVC_002,2026-01-15 16:29:38.000,2026-01-15 16:59:38.000
4f1c180e-bbd8-4a3b-ad5b-d04c0620b709,MTX,SVC_002,2026-01-15 16:45:26.000,2026-01-15 17:15:26.000
baa8b569-55ec-4678-8785-009acd42c7a6,BNS,SVC_001,2026-01-15 17:05:04.000,2026-01-15 17:35:04.000
bfefc87b-0229-48ed-9853-11caf06a2769,NTQ,SVC_002,2026-01-15 18:00:17.000,2026-01-15 18:30:17.000
acb6e39c-3907-4bf0-9b5e-94b15c45ca33,OXA,SVC_001,2026-01-15 18:34:13.000,2026-01-15 19:04:13.000
1da7f860-7b87-412c-8123-1411b7a66ad4,MOC,SVC_001,2026-01-15 19:48:02.000,2026-01-15 20:18:02.000
373209ea-2abd-42d5-bc5c-851ee6a08bed,LKW,SVC_002,2026-01-15 20:08:26.000,2026-01-15 20:38:26.000
c3741926-9773-4e32-98f5-9ef546d05f52,UVQ,SVC_002,2026-01-15 22:49:46.000,2026-01-15 23:19:46.000
e0e35125-53a8-4829-bb63-7e87be581706,QYO,SVC_001,2026-01-15 23:47:41.000,2026-01-16 00:17:41.000
26cc0539-7cb2-4cbc-8808-88e26b596e99,RQX,SVC_001,2026-01-16 00:21:22.000,2026-01-16 00:51:22.000
b207dd3b-3d35-4bb9-a0f0-a693373b6848,ZKQ,SVC_002,2026-01-16 00:50:16.000,2026-01-16 01:20:16.000
faf1244f-ee14-4424-957e-cbb98df89b3e,INO,SVC_002,2026-01-16 01:33:19.000,2026-01-16 02:03:19.000
288950e0-b0cf-4ab0-8207-3e7eb9b874e4,XCI,SVC_001,2026-01-16 01:35:59.000,2026-01-16 02:05:59.000
e214aef0-6ca1-420a-a9e4-2655bf881e43,ZUB,SVC_002,2026-01-16 01:38:04.000,2026-01-16 02:08:04.000
6614ef60-ec24-4c6b-b82e-cb372d8f75d4,PSR,SVC_002,2026-01-16 01:47:35.000,2026-01-16 02:17:35.000
9a456aef-d611-4772-af7e-96563dc9ef5a,VUZ,SVC_001,2026-01-16 02:19:16.000,2026-01-16 02:49:16.000
3cd11116-4491-417a-b3ac-a16e44f08edf,SJS,SVC_001,2026-01-16 02:32:09.000,2026-01-16 03:02:09.000
270f9349-9d5d-4494-9f1a-3fed1d80ad9d,CMK,SVC_001,2026-01-16 03:03:38.000,2026-01-16 03:33:38.000
e8b417ae-4332-44bf-9caf-b5758dbfb1b8,BVN,SVC_002,2026-01-16 03:44:32.000,2026-01-16 04:14:32.000
19d02bb0-b78f-448b-8564-f0b3d2be025f,OKK,SVC_002,2026-01-16 04:02:05.000,2026-01-16 04:32:05.000
b4c05171-cde8-4cdd-a992-759bec503553,KSD,SVC_002,2026-01-16 04:05:55.000,2026-01-16 04:35:55.000
86b9acfd-5602-4ebe-8557-0eb22c79d152,PIP,SVC_001,2026-01-16 05:05:52.000,2026-01-16 05:35:52.000
951a6792-ec05-490e-95c0-b1ad97ed4c83,MBP,SVC_001,2026-01-16 05:09:18.000,2026-01-16 05:39:18.000
58b326b6-a482-46f8-ab35-00b942ff6ee6,OUH,SVC_001,2026-01-16 06:11:35.000,2026-01-16 06:41:35.000
42119537-7ab6-40fc-a7ea-12ae6b13fa42,GBX,SVC_001,2026-01-16 08:36:20.000,2026-01-16 09:06:20.000
c0c9a9eb-ab30-4258-91ba-d3c577ce932d,RHX,SVC_002,2026-01-16 08:45:09.000,2026-01-16 09:15:09.000
a24de2ed-99a3-4199-a681-88888e292612,OLM,SVC_001,2026-01-16 09:18:04.000,2026-01-16 09:48:04.000
1b57ce89-4d61-4499-b15e-b10e1eecc573,ILE,SVC_002,2026-01-16 09:44:14.000,2026-01-16 10:14:14.000
b52e1682-4eba-443d-8255-7cbed3b8557c,UIL,SVC_002,2026-01-16 09:53:17.000,2026-01-16 10:23:17.000
438a3a9c-af11-434d-b299-bc2fcbc59c44,MLN,SVC_002,2026-01-16 11:06:57.000,2026-01-16 11:36:57.000
9af95f89-74b5-47b5-8111-9ab6a767c65c,OUI,SVC_001,2026-01-16 11:21:34.000,2026-01-16 11:51:34.000
0cae5444-dc19-4d8a-9470-f6c7459474fa,ZEN,SVC_001,2026-01-16 11:50:54.000,2026-01-16 12:20:54.000
62ccf687-2bb3-47db-b5a4-e7965ec088a7,ADW,SVC_001,2026-01-16 12:12:16.000,2026-01-16 12:42:16.000
14ccba21-4e8f-49f5-8fd3-8c2060208ad6,GKJ,SVC_001,2026-01-16 14:09:42.000,2026-01-16 14:39:42.000
7d23b7de-487b-4623-b964-773f553d84af,WEK,SVC_002,2026-01-16 14:39:34.000,2026-01-16 15:09:34.000
8a3d7679-c8b8-4ecf-b8fd-8b1d3e39f947,HCQ,SVC_001,2026-01-16 14:42:29.000,2026-01-16 15:12:29.000
a96ce534-f320-4cca-98ce-854237fdbabc,PFB,SVC_002,2026-01-16 14:46:07.000,2026-01-16 15:16:07.000
63da74a1-2acd-46ae-92ce-bd4ed3bd86d4,YLW,SVC_001,2026-01-16 15:36:37.000,2026-01-16 16:06:37.000
0c69b41a-4473-46a8-876c-99540505d3e5,EHZ,SVC_001,2026-01-16 15:52:47.000,2026-01-16 16:22:47.000
a2a37c72-9229-4196-9b60-4d03d52cf5ef,LZM,SVC_002,2026-01-16 16:19:29.000,2026-01-16 16:49:29.000
871dc0c9-f21b-457d-83b1-e9ca20ae2b50,MKT,SVC_002,2026-01-16 17:13:59.000,2026-01-16 17:43:59.000
ff06c4a7-a18d-4b7b-829a-aea8ddce46de,BAC,SVC_002,2026-01-16 17:40:31.000,2026-01-16 18:10:31.000
d91d2b20-2ecf-4c5e-afb2-0e7a9a2f7cb4,SCJ,SVC_002,2026-01-16 18:00:18.000,2026-01-16 18:30:18.000
cd5a8522-3713-48cf-82a6-161baf5d2496,NYN,SVC_001,2026-01-16 18:15:36.000,2026-01-16 18:45:36.000
2e726414-be39-48da-a756-68ee1a0a4a82,QZA,SVC_002,2026-01-16 19:00:07.000,2026-01-16 19:30:07.000
3c9e907a-54c8-432e-bed9-1a9488e05591,AMN,SVC_002,2026-01-16 19:47:36.000,2026-01-16 20:17:36.000
7f9d3af9-5821-4a14-9b23-f8166e7af6bf,MMO,SVC_001,2026-01-16 19:57:30.000,2026-01-16 20:27:30.000
953984b6-89be-4fbe-be37-45ab7e90f6a7,WEP,SVC_002,2026-01-16 20:32:47.000,2026-01-16 21:02:47.000
3db0df90-4727-412c-8841-26d3e5b4db49,LUA,SVC_001,2026-01-16 20:42:26.000,2026-01-16 21:12:26.000
645bc5c0-6363-426a-991c-efab03a52b92,HDS,SVC_002,2026-01-16 20:51:07.000,2026-01-16 21:21:07.000
9b031d6a-4878-4392-abc3-196e3b2f29e1,GEV,SVC_001,2026-01-16 21:04:00.000,2026-01-16 21:34:00.000
f67dc6b0-faea-4c2c-b8de-c7c9b68f92e5,DCE,SVC_001,2026-01-16 22:04:02.000,2026-01-16 22:34:02.000
3b85ef88-b3f9-4db5-b4e1-3395eb1548c4,NFT,SVC_001,2026-01-16 22:09:53.000,2026-01-16 22:39:53.000
e625c20b-e78d-4231-916c-9c388f90fdeb,ILS,SVC_001,2026-01-16 22:50:46.000,2026-01-16 23:20:46.000
c26af9b6-4609-4df5-a8aa-c7c696ba2ecf,KTB,SVC_001,2026-01-16 23:07:31.000,2026-01-16 23:37:31.000
7f33802a-ef29-427a-8659-f1356608d309,JVE,SVC_001,2026-01-16 23:11:31.000,2026-01-16 23:41:31.000
17e70603-36e1-49b5-b2e7-2e5eb8de3875,YED,SVC_002,2026-01-16 23:39:27.000,2026-01-17 00:09:27.000
1b4a72e9-2177-40cf-ad93-2044ad821d2b,OTN,SVC_001,2026-01-17 01:33:19.000,2026-01-17 02:03:19.000
da15b4b3-0090-46f5-9732-d0294514e78c,JTY,SVC_002,2026-01-17 01:48:52.000,2026-01-17 02:18:52.000
3dc27c11-35cc-4e95-b481-8ce4e77fd5ab,AYG,SVC_001,2026-01-17 01:49:49.000,2026-01-17 02:19:49.000
d6dd1882-042e-4391-ab3c-8e4108d4e542,JQI,SVC_002,2026-01-17 03:24:58.000,2026-01-17 03:54:58.000
882e65cf-d26c-44b0-8fc4-bdb03a9bbad1,WVB,SVC_002,2026-01-17 04:49:16.000,2026-01-17 05:19:16.000
65806757-28bf-4607-9a62-1175bcaca66f,YES,SVC_001,2026-01-17 05:12:40.000,2026-01-17 05:42:40.000
40c7123e-501a-4f4f-8aef-8fcb6a83fb52,HNT,SVC_001,2026-01-17 06:26:42.000,2026-01-17 06:56:42.000
909843b2-7783-42c6-bfe5-f3313986d53a,ZRQ,SVC_002,2026-01-17 06:52:07.000,2026-01-17 07:22:07.000
84d6550d-fef4-4853-9c8c-54c36826d245,ZLX,SVC_002,2026-01-17 07:04:52.000,2026-01-17 07:34:52.000
592ef7d6-f155-4e3a-b42d-48a97f5c5b52,TGH,SVC_001,2026-01-17 07:20:17.000,2026-01-17 07:50:17.000
dec9ce43-9b52-4895-b515-63e08fcba8e5,REE,SVC_002,2026-01-17 07:43:38.000,2026-01-17 08:13:38.000
2340411d-9884-4363-9b8c-4031f9bf38d1,WOJ,SVC_002,2026-01-17 07:54:27.000,2026-01-17 08:24:27.000
479d8388-e26e-42b0-99ef-64595d36415a,VXJ,SVC_002,2026-01-17 09:39:29.000,2026-01-17 10:09:29.000
b2d94f42-96d3-48b7-99e1-13d1e03df21b,RBW,SVC_001,2026-01-17 10:15:53.000,2026-01-17 10:45:53.000
4a897b3d-19cd-4e1c-9efa-fdd10444ded7,UZV,SVC_002,2026-01-17 10:17:46.000,2026-01-17 10:47:46.000
4d920b64-c0c2-4e51-b2ba-a0a6db0a69a0,IQA,SVC_001,2026-01-17 10:22:35.000,2026-01-17 10:52:35.000
413bb9e3-cc42-4649-9e12-c82302be840f,ZZI,SVC_002,2026-01-17 10:40:12.000,2026-01-17 11:10:12.000
65c23511-45c7-4a89-bedf-38dfe6524946,NDQ,SVC_002,2026-01-17 11:08:49.000,2026-01-17 11:38:49.000
3ba31e1e-a8f3-4937-b256-98c06642dc41,IFH,SVC_001,2026-01-17 12:57:00.000,2026-01-17 13:27:00.000
ff1c8040-060f-4154-a76f-8c3e1198b173,WWU,SVC_001,2026-01-17 14:31:33.000,2026-01-17 15:01:33.000
1f92e5bb-cd77-40ba-b35b-73f04abfbef4,CBW,SVC_002,2026-01-17 14:42:07.000,2026-01-17 15:12:07.000
03f39b09-7d42-4850-bec6-77886848d841,MHX,SVC_001,2026-01-17 14:48:41.000,2026-01-17 15:18:41.000
ec0f3a7e-5708-4385-9c94-0a26fab48316,LZH,SVC_001,2026-01-17 14:50:44.000,2026-01-17 15:20:44.000
ab5f4499-3a34-4e98-8ade-1ac775d58d10,XYG,SVC_002,2026-01-17 15:23:27.000,2026-01-17 15:53:27.000
3f5af69b-d0e0-4e47-8cd2-12992ac1cb0c,BNV,SVC_002,2026-01-17 15:44:38.000,2026-01-17 16:14:38.000
0777ffa9-0af8-45a2-bdc6-be560cdad272,RMQ,SVC_002,2026-01-17 16:35:55.000,2026-01-17 17:05:55.000
35c04d1b-d5ca-4571-a0f7-13fa54ceb585,SOA,SVC_001,2026-01-17 16:38:59.000,2026-01-17 17:08:59.000
1e0bcabe-6d4c-4c28-be87-5ae02fb908c7,QXS,SVC_002,2026-01-17 17:12:40.000,2026-01-17 17:42:40.000
39d50911-8b63-4de4-9918-7c77570e9c0c,GPD,SVC_001,2026-01-17 18:18:43.000,2026-01-17 18:48:43.000
7cf498e4-ad52-472c-b60e-620e00238a68,YNG,SVC_001,2026-01-17 18:57:58.000,2026-01-17 19:27:58.000
587c7a1c-8cb5-4fad-9a37-33fe8fdaca3b,TUO,SVC_001,2026-01-17 20:39:48.000,2026-01-17 21:09:48.000
d1459970-d90e-461e-83fe-d602082a515a,ZNU,SVC_001,2026-01-17 21:14:10.000,2026-01-17 21:44:10.000
c062c9a9-fa17-4b43-a674-9e1c8ba0fc06,RBZ,SVC_002,2026-01-17 21:34:02.000,2026-01-17 22:04:02.000
79f59a31-6d11-4b0a-8771-90aa2c759dcf,MSV,SVC_001,2026-01-17 22:12:30.000,2026-01-17 22:42:30.000
86c34fda-bb74-4d3e-9012-aa6a468a0c93,HLD,SVC_001,2026-01-17 23:30:28.000,2026-01-18 00:00:28.000
b0f3a759-eba5-4843-83e6-9cae7f897b9a,GVW,SVC_001,2026-01-18 00:09:43.000,2026-01-18 00:39:43.000
b16867c4-8b91-48ff-b364-53a680a6e11d,OZS,SVC_002,2026-01-18 00:44:02.000,2026-01-18 01:14:02.000
0a7463c2-fe7e-4b6e-b1f7-8cc44c7aea99,GXV,SVC_002,2026-01-18 01:01:17.000,2026-01-18 01:31:17.000
ebe24b84-b36a-4af7-a720-51603df1f221,FLN,SVC_001,2026-01-18 02:24:37.000,2026-01-18 02:54:37.000
1a9c7967-7052-444b-8f1f-92e0b661c965,OCZ,SVC_001,2026-01-18 04:22:39.000,2026-01-18 04:52:39.000
54cb8c92-72c4-48b3-bf3b-9333912df7be,RMK,SVC_001,2026-01-18 04:39:01.000,2026-01-18 05:09:01.000
23af2d89-417c-494a-afc8-3b9f8f579e21,EWF,SVC_002,2026-01-18 06:06:01.000,2026-01-18 06:36:01.000
10ee2889-0edb-4263-a59e-5eccd490486f,NNB,SVC_002,2026-01-18 06:48:48.000,2026-01-18 07:18:48.000
23f634a7-1180-451e-9bcf-615d26dbb904,OFD,SVC_002,2026-01-18 07:44:01.000,2026-01-18 08:14:01.000
cb86a41b-9d0c-4604-a150-c9fb6386a72f,VAF,SVC_002,2026-01-18 08:05:07.000,2026-01-18 08:35:07.000
7093d67c-146a-4db4-b6c0-4f201f35d783,ARK,SVC_002,2026-01-18 09:04:09.000,2026-01-18 09:34:09.000
ae035aae-e6a9-4750-86f8-ed9ead8324bf,JBA,SVC_002,2026-01-18 09:34:16.000,2026-01-18 10:04:16.000
a000ddf1-7bb8-4dc7-a115-ba1e7e1d9ad4,QRO,SVC_001,2026-01-18 10:11:08.000,2026-01-18 10:41:08.000
70387add-06c1-4d4e-9ed3-c00ea04f9050,RSD,SVC_001,2026-01-18 10:33:41.000,2026-01-18 11:03:41.000
78341b1b-4b40-42e2-9b40-6a2a86ed8e73,CHJ,SVC_001,2026-01-18 10:34:58.000,2026-01-18 11:04:58.000
0a985a61-2264-40be-91e9-7de8d31e845c,CBS,SVC_001,2026-01-18 11:35:56.000,2026-01-18 12:05:56.000
b278b9e7-2261-4e0b-a361-3a0853996b07,HIG,SVC_002,2026-01-18 11:39:10.000,2026-01-18 12:09:10.000
1fa605a0-83a2-465d-ba11-2d466faad452,PTU,SVC_002,2026-01-18 13:29:11.000,2026-01-18 13:59:11.000
883f5d75-d745-4585-a347-229d2dfd92c6,KTW,SVC_001,2026-01-18 13:30:37.000,2026-01-18 14:00:37.000
5296470e-f974-4897-b58c-39e70c617d95,DIK,SVC_001,2026-01-18 13:31:17.000,2026-01-18 14:01:17.000
9b024418-4e0a-48ab-97d5-42e740ed459f,IRC,SVC_002,2026-01-18 14:12:34.000,2026-01-18 14:42:34.000
edb42ada-69ab-4fef-a609-8eda798582fb,FUA,SVC_001,2026-01-18 14:32:28.000,2026-01-18 15:02:28.000
1a49e43e-fe2d-40b0-b140-14705432e54f,TXA,SVC_002,2026-01-18 15:19:26.000,2026-01-18 15:49:26.000
68d327a4-b358-4c6f-b21c-23e5bce1fc68,VYY,SVC_002,2026-01-18 16:11:24.000,2026-01-18 16:41:24.000
ec26ec43-ef5b-43ba-878d-10d62f668b40,JVI,SVC_002,2026-01-18 17:06:27.000,2026-01-18 17:36:27.000
831103c1-096b-481c-8749-1f78a672be1c,BLX,SVC_001,2026-01-18 17:06:10.000,2026-01-18 17:36:10.000
2eeba2c5-7884-464e-94fd-53d12336b6ce,KCA,SVC_001,2026-01-18 17:58:30.000,2026-01-18 18:28:30.000
ac68c0a0-3305-49f1-9368-e7994a912fc7,KJW,SVC_001,2026-01-18 19:43:52.000,2026-01-18 20:13:52.000
cd02d202-a3ee-4e61-b358-a7addcf5c55d,CVZ,SVC_002,2026-01-18 19:48:49.000,2026-01-18 20:18:49.000
43ce44a1-18d4-4f3a-8bd6-36d607f5d74c,ZAL,SVC_002,2026-01-18 20:10:37.000,2026-01-18 20:40:37.000
e53bcd81-34bf-4720-b690-b43557c34818,CPX,SVC_001,2026-01-18 20:15:04.000,2026-01-18 20:45:04.000
b161bdb2-7a1a-4011-b87f-dace95a93fa8,GQB,SVC_002,2026-01-18 20:27:24.000,2026-01-18 20:57:24.000
07d91483-3e41-47d0-86fa-8cb75b9d9a76,AUT,SVC_001,2026-01-18 21:50:39.000,2026-01-18 22:20:39.000
239e87c4-9951-45f9-b97a-bb3b427324b2,KFO,SVC_002,2026-01-18 22:16:10.000,2026-01-18 22:46:10.000
98b1949b-d842-4ffe-afc7-782a03eea8fe,NOQ,SVC_001,2026-01-18 22:18:25.000,2026-01-18 22:48:25.000
ff3fd7cc-cc24-4e95-b284-1bcaa19e10c8,KLA,SVC_002,2026-01-18 22:56:22.000,2026-01-18 23:26:22.000
876ed1b5-d555-4d37-9da1-74fdffa8490a,OON,SVC_001,2026-01-19 00:03:13.000,2026-01-19 00:33:13.000
4cf7c730-09e0-45cd-9866-84b676c03a94,OMZ,SVC_002,2026-01-19 00:08:42.000,2026-01-19 00:38:42.000
e4ab2908-b0ba-4472-a86d-fe1b54a1d121,QUB,SVC_002,2026-01-19 02:21:16.000,2026-01-19 02:51:16.000
17ee74f8-ce62-4757-a36d-8a5a4b886f6d,JPE,SVC_001,2026-01-19 03:08:19.000,2026-01-19 03:38:19.000
923ca996-077d-4f28-8535-ba1e087c6be8,VOX,SVC_002,2026-01-19 03:18:22.000,2026-01-19 03:48:22.000
0a377c19-1ea6-4b29-9f19-d40f71dfa812,SGA,SVC_001,2026-01-19 04:00:43.000,2026-01-19 04:30:43.000
4f8e9e44-5e62-4db2-8d70-c271c28b6c51,DWT,SVC_001,2026-01-19 04:03:32.000,2026-01-19 04:33:32.000
b6b7fb7c-a39f-43d8-a509-58d36139688d,LZN,SVC_001,2026-01-19 05:19:21.000,2026-01-19 05:49:21.000
2cd61dca-3312-47c3-938c-3ab5d3fc78d3,VEA,SVC_002,2026-01-19 06:13:37.000,2026-01-19 06:43:37.000
f06d493b-ca12-4b63-84f0-ffd9de64f45e,OAY,SVC_001,2026-01-19 06:52:28.000,2026-01-19 07:22:28.000
d33d60a7-f758-43ba-bf91-e64d77770931,JDB,SVC_002,2026-01-19 06:55:11.000,2026-01-19 07:25:11.000
0dc3857b-8200-4178-8759-da18c8ee1064,JNZ,SVC_001,2026-01-19 07:16:58.000,2026-01-19 07:46:58.000
bdf185c0-3697-42bd-853d-aa561954613b,LLS,SVC_001,2026-01-19 07:29:40.000,2026-01-19 07:59:40.000
848fd508-f037-4b35-a73e-e06205bd5ad9,TMK,SVC_002,2026-01-19 08:10:14.000,2026-01-19 08:40:14.000
8f95fabf-ae36-4dc8-b5b7-28ac250d6cf2,UCR,SVC_002,2026-01-19 08:18:48.000,2026-01-19 08:48:48.000
ad1dae8c-b88c-4ce5-95e0-162984d202de,QDC,SVC_002,2026-01-19 10:02:00.000,2026-01-19 10:32:00.000
7e96f10d-f014-40b1-a388-b96aa6fdbf67,PYL,SVC_001,2026-01-19 10:44:50.000,2026-01-19 11:14:50.000
c76689ce-4696-4590-87e6-eb97cdcac250,EPM,SVC_002,2026-01-19 11:04:27.000,2026-01-19 11:34:27.000
638ce666-0aac-48f9-9c9d-a59ab5188973,PLV,SVC_002,2026-01-19 11:10:54.000,2026-01-19 11:40:54.000
566ef84e-1b34-47b9-b03b-c52c5b31a1ac,SJX,SVC_002,2026-01-19 12:27:58.000,2026-01-19 12:57:58.000
b96f2cfb-d518-421c-932c-930b850e2119,VJH,SVC_002,2026-01-19 13:32:38.000,2026-01-19 14:02:38.000
437a372a-e2eb-4c5e-9c07-f259fef06cc5,VBL,SVC_002,2026-01-19 14:12:13.000,2026-01-19 14:42:13.000
02773367-c504-4cb4-8700-844bbe6d749a,DVD,SVC_002,2026-01-19 14:17:49.000,2026-01-19 14:47:49.000
fe37c82f-7d1b-44d3-bca4-0a21b21e5346,WMA,SVC_002,2026-01-19 15:26:27.000,2026-01-19 15:56:27.000
50f94434-9ccc-4f09-9f36-6d9d11d61285,ATB,SVC_001,2026-01-19 15:34:33.000,2026-01-19 16:04:33.000
3a457ac5-0172-4e42-bd33-493320458d86,FSI,SVC_001,2026-01-19 16:10:14.000,2026-01-19 16:40:14.000
e9fcc401-5865-4db6-979b-5d94f850823a,YLF,SVC_002,2026-01-19 17:47:23.000,2026-01-19 18:17:23.000
5b73eef5-91bf-43dd-a1f1-b75740ef2e35,HWZ,SVC_002,2026-01-19 18:37:35.000,2026-01-19 19:07:35.000
63d09b8a-16ae-4a29-b0c2-918a2852cdcb,EOI,SVC_002,2026-01-19 19:01:21.000,2026-01-19 19:31:21.000
3f046276-7444-4098-8550-afcb54402274,XHB,SVC_001,2026-01-19 19:21:40.000,2026-01-19 19:51:40.000
9888b66c-ebff-4a13-b2b8-c1180a5c154e,NYV,SVC_001,2026-01-19 19:27:50.000,2026-01-19 19:57:50.000
a421e7a3-010c-4a88-98bb-54774a60edfe,EGL,SVC_002,2026-01-19 19:56:23.000,2026-01-19 20:26:23.000
e3cacaba-2cdd-4cdb-afe4-1680f8effc89,DKK,SVC_001,2026-01-19 20:11:32.000,2026-01-19 20:41:32.000
e9da6d95-0a0f-43fc-a15e-84e5d6e68bc2,YUJ,SVC_001,2026-01-19 20:11:43.000,2026-01-19 20:41:43.000
0bc7b625-e3bb-4f31-a6ea-5fcc0758dd79,BUY,SVC_002,2026-01-19 21:00:27.000,2026-01-19 21:30:27.000
85076e0c-5202-4bb5-a843-47aa5a9fec1d,SYC,SVC_001,2026-01-19 21:05:49.000,2026-01-19 21:35:49.000
b812c667-a0fd-40e4-a644-cdd689cd1e2a,JAE,SVC_002,2026-01-19 21:37:21.000,2026-01-19 22:07:21.000
92d922dc-bf8d-4714-9c4d-d66ec68c5466,XCV,SVC_002,2026-01-19 21:43:15.000,2026-01-19 22:13:15.000
348220cb-a443-4d2b-a6de-5130801adc8f,ILT,SVC_002,2026-01-19 22:44:07.000,2026-01-19 23:14:07.000
a717f68e-dcdb-4b4f-b908-0b623f24d355,TFV,SVC_001,2026-01-19 23:07:32.000,2026-01-19 23:37:32.000
dea75b70-5a10-4dad-9274-7bcd2c1c111c,LVD,SVC_002,2026-01-19 23:41:39.000,2026-01-20 00:11:39.000
1806dc46-6ff9-49b1-896f-213ade1e6637,ABL,SVC_002,2026-01-20 01:27:33.000,2026-01-20 01:57:33.000
fff2c738-9156-4fde-88ff-d47dd7ad9bdf,RAM,SVC_001,2026-01-20 01:57:36.000,2026-01-20 02:27:36.000
8980704f-ba5e-4c74-94d6-4b07f9e143cc,VQW,SVC_002,2026-01-20 02:36:49.000,2026-01-20 03:06:49.000
4575017c-9ba8-440a-bcea-50558b3114be,UOI,SVC_001,2026-01-20 04:49:40.000,2026-01-20 05:19:40.000
38e360c8-4464-4d5c-b536-380c488bc375,FQU,SVC_001,2026-01-20 04:55:51.000,2026-01-20 05:25:51.000
16064f91-b268-4dfd-9b1a-4e2a4225b41e,MPO,SVC_001,2026-01-20 06:29:16.000,2026-01-20 06:59:16.000
3b02d152-cf75-4287-ab91-0ebb2b8e4ee1,WIP,SVC_001,2026-01-20 06:57:29.000,2026-01-20 07:27:29.000
9fdf8277-bd74-4d7c-8c1c-268dbe5b3cef,YTK,SVC_002,2026-01-20 08:29:56.000,2026-01-20 08:59:56.000
88751829-408c-48d2-8329-a9a9592ceaff,CQS,SVC_001,2026-01-20 09:05:43.000,2026-01-20 09:35:43.000
7e202998-1433-4a84-8803-2f7966856610,ZFI,SVC_002,2026-01-20 09:35:57.000,2026-01-20 10:05:57.000
936e3d61-450b-43ed-aede-21a67590389a,CXS,SVC_002,2026-01-20 09:48:04.000,2026-01-20 10:18:04.000
e4aac947-b7eb-4ddc-b305-932231de61e0,AID,SVC_002,2026-01-20 10:55:21.000,2026-01-20 11:25:21.000
38da0f3d-5278-46a6-bbb4-27011b39fbf6,OPF,SVC_002,2026-01-20 10:58:34.000,2026-01-20 11:28:34.000
95220157-bacd-4880-a0b1-a71a469499b7,BXF,SVC_002,2026-01-20 12:03:10.000,2026-01-20 12:33:10.000
255e68d1-effd-41b1-8361-216dc4efd4d8,UJG,SVC_002,2026-01-20 12:24:37.000,2026-01-20 12:54:37.000
b202d570-8860-4e73-bd6c-d65a20c54cd8,WGW,SVC_002,2026-01-20 14:26:04.000,2026-01-20 14:56:04.000
69452db7-35ce-43d5-a10f-b107f04ea06a,KBW,SVC_002,2026-01-20 14:49:10.000,2026-01-20 15:19:10.000
eb186516-c60b-4dc9-8fe6-3c1c2485107c,LTL,SVC_001,2026-01-20 14:56:08.000,2026-01-20 15:26:08.000
428560f6-3803-49af-bc69-fd2cc84a46de,OZZ,SVC_002,2026-01-20 15:02:15.000,2026-01-20 15:32:15.000
d7736a42-30a7-4feb-b3a1-c9466f6b43f6,YNO,SVC_002,2026-01-20 15:11:28.000,2026-01-20 15:41:28.000
83ae1a48-d3fe-433c-b874-9f8031e2f0ef,IFX,SVC_002,2026-01-20 15:21:41.000,2026-01-20 15:51:41.000
249334fd-2eea-4105-af6a-ca1480e25e96,XZH,SVC_002,2026-01-20 15:35:52.000,2026-01-20 16:05:52.000
34793198-d92a-4a5d-a03e-cfc9be86f9fe,OIB,SVC_002,2026-01-20 16:06:23.000,2026-01-20 16:36:23.000
9d3a0290-7451-49c9-a673-20edde967d60,LHB,SVC_002,2026-01-20 16:26:17.000,2026-01-20 16:56:17.000
da49459e-47c3-4831-84f4-bd3104e79c61,LIC,SVC_001,2026-01-20 16:40:20.000,2026-01-20 17:10:20.000
6d5b8f8d-eb01-497b-bfbd-a8095d760f4d,EOS,SVC_001,2026-01-20 16:50:30.000,2026-01-20 17:20:30.000
cdc45714-72c9-48b5-8295-1073ff736799,POI,SVC_001,2026-01-20 17:28:44.000,2026-01-20 17:58:44.000
7e9dd72d-af85-499f-9a20-1d4c196a1db2,IBQ,SVC_001,2026-01-20 17:39:02.000,2026-01-20 18:09:02.000
ccc76779-7032-43f5-aff2-22826e77ab07,SRP,SVC_001,2026-01-20 18:17:01.000,2026-01-20 18:47:01.000
56dc869e-afe0-4c70-9100-801b4c62644e,CCC,SVC_001,2026-01-20 18:59:40.000,2026-01-20 19:29:40.000
7f714ae8-b6ae-4293-ad40-e7322235ffde,NKP,SVC_001,2026-01-20 19:25:09.000,2026-01-20 19:55:09.000
108da71d-b679-4474-b31e-f21f8ec92e6e,AIH,SVC_001,2026-01-20 19:57:54.000,2026-01-20 20:27:54.000
0b1174b5-e211-4e50-acf8-24ed109c1452,RBS,SVC_002,2026-01-20 20:04:50.000,2026-01-20 20:34:50.000
165823db-b1f0-41f3-882c-40948db961fe,QKQ,SVC_002,2026-01-20 21:15:24.000,2026-01-20 21:45:24.000
a0066254-09e4-40d5-b951-da9e6ad779b9,IXG,SVC_002,2026-01-20 22:23:40.000,2026-01-20 22:53:40.000
196e3e5f-7e3a-46ff-90c0-dc306d8fe5c6,RZX,SVC_002,2026-01-20 23:11:18.000,2026-01-20 23:41:18.000
3af22c46-2791-457c-980d-0a0d81e4d2d8,DLI,SVC_001,2026-01-20 23:15:33.000,2026-01-20 23:45:33.000
669efb8b-94c4-48ed-8fae-d9e9c5d79a64,XJZ,SVC_002,2026-01-20 23:29:01.000,2026-01-20 23:59:01.000
d9359b6a-a39f-404d-a105-d71a019d1fdf,EKV,SVC_002,2026-01-21 00:01:13.000,2026-01-21 00:31:13.000
9afcbb42-8808-4bfa-b1f4-69d9a7d15375,CCF,SVC_001,2026-01-21 01:20:29.000,2026-01-21 01:50:29.000
3a53ffb3-3e3c-4b0a-a6b1-e31833ae2770,YXJ,SVC_002,2026-01-21 01:29:36.000,2026-01-21 01:59:36.000
5e65c017-1566-458f-8c6c-f39f6e284f98,RRG,SVC_002,2026-01-21 01:42:26.000,2026-01-21 02:12:26.000
9462b918-cb00-4fcf-b19f-b4147f672221,XIL,SVC_001,2026-01-21 02:03:53.000,2026-01-21 02:33:53.000
dda6c388-f6e4-4ad0-823b-044aac9f50ed,YMT,SVC_001,2026-01-21 04:38:04.000,2026-01-21 05:08:04.000
20068f23-ce04-43dd-bf77-4c83841f448b,EDP,SVC_002,2026-01-21 06:23:57.000,2026-01-21 06:53:57.000
016a7574-f9de-4c00-a62a-6cc5ad978740,YSP,SVC_002,2026-01-21 07:07:46.000,2026-01-21 07:37:46.000
78149437-2c9c-4038-b1bd-48885814e9bf,QXR,SVC_002,2026-01-21 07:10:42.000,2026-01-21 07:40:42.000
91bdbc67-839e-445b-b598-fa6b7aef25dd,BAK,SVC_001,2026-01-21 07:11:25.000,2026-01-21 07:41:25.000
005e3525-577c-4093-930a-73f9b4597c26,QZU,SVC_001,2026-01-21 07:21:25.000,2026-01-21 07:51:25.000
8ee3acdd-02c7-403d-b969-476c01ebf7f8,FXD,SVC_001,2026-01-21 08:36:24.000,2026-01-21 09:06:24.000
d145cf0f-96ef-49e5-a440-505d48b41ecf,JYW,SVC_002,2026-01-21 10:14:07.000,2026-01-21 10:44:07.000
519189bb-5329-4ca6-8b31-c43953ddd569,BPZ,SVC_001,2026-01-21 10:42:29.000,2026-01-21 11:12:29.000
7ecfb707-d01c-41c8-84fc-c3a8913eb6db,BOQ,SVC_002,2026-01-21 11:28:11.000,2026-01-21 11:58:11.000
0cacf31e-b87b-4c9d-a267-f9318ae121f3,YZI,SVC_002,2026-01-21 11:41:43.000,2026-01-21 12:11:43.000
210685dd-e437-48fb-87ce-eef147602351,QEO,SVC_001,2026-01-21 11:58:13.000,2026-01-21 12:28:13.000
46fe871e-25e0-4be1-b632-b501a455e661,TGJ,SVC_001,2026-01-21 13:02:49.000,2026-01-21 13:32:49.000
aa4c21b9-6b48-45c1-afd0-75577a518029,IBK,SVC_001,2026-01-21 13:07:46.000,2026-01-21 13:37:46.000
fc22c232-464a-4f41-9993-a644f3033571,BZO,SVC_001,2026-01-21 13:43:07.000,2026-01-21 14:13:07.000
a94ca689-d842-44c7-bdfc-299b2770a489,AAO,SVC_001,2026-01-21 13:45:24.000,2026-01-21 14:15:24.000
3bef9048-3d9f-48ef-9ec0-a9ef8b738427,OBK,SVC_002,2026-01-21 13:49:40.000,2026-01-21 14:19:40.000
6f4671d6-2da4-40de-bc3c-db54324262b5,MBS,SVC_002,2026-01-21 14:01:10.000,2026-01-21 14:31:10.000
252fcff0-dcee-4d0a-89bc-dd0838b0eafb,ZNS,SVC_001,2026-01-21 14:08:54.000,2026-01-21 14:38:54.000
64bd954d-efd6-4914-a3d6-8e4ee5cf4abe,SYR,SVC_002,2026-01-21 15:59:33.000,2026-01-21 16:29:33.000
8a24a623-f639-4460-9757-4ebc29cb87ad,WHS,SVC_002,2026-01-21 16:28:08.000,2026-01-21 16:58:08.000
5a32a694-5c1e-4608-9526-f88745f0be49,WAK,SVC_001,2026-01-21 17:11:54.000,2026-01-21 17:41:54.000
ee5cd584-7966-4de2-ab70-9b5b8c957ae9,JWE,SVC_001,2026-01-21 17:34:58.000,2026-01-21 18:04:58.000
87b0c48a-2613-46b8-a5a9-8c20ee8b8c7a,AEJ,SVC_002,2026-01-21 18:01:13.000,2026-01-21 18:31:13.000
1a8fe17d-daa8-47e6-b5f3-64534180fa13,BFJ,SVC_001,2026-01-21 18:17:49.000,2026-01-21 18:47:49.000
163879e2-678a-4c5f-9d19-0cfd13791992,DKH,SVC_001,2026-01-21 18:21:11.000,2026-01-21 18:51:11.000
645baf62-984d-4e41-83b2-5db480211360,NEB,SVC_002,2026-01-21 19:09:57.000,2026-01-21 19:39:57.000
ddc2e48f-747e-464a-b39f-f2a3c92797c6,ROU,SVC_001,2026-01-21 19:17:37.000,2026-01-21 19:47:37.000
b756ea5f-800a-43c3-86fd-f8e827a4c3e9,UIW,SVC_002,2026-01-21 19:49:14.000,2026-01-21 20:19:14.000
10077a33-2b01-4092-a070-6238025918a8,AUO,SVC_002,2026-01-21 21:13:52.000,2026-01-21 21:43:52.000
c59610f5-0222-46cf-9480-0e261ce9699e,XKR,SVC_001,2026-01-21 21:39:41.000,2026-01-21 22:09:41.000
332030ea-a109-4914-be8b-cc131d61b7b4,GQY,SVC_002,2026-01-21 22:20:07.000,2026-01-21 22:50:07.000
e9dfed11-dde8-4645-a95c-a203a4706990,XNG,SVC_001,2026-01-21 22:27:02.000,2026-01-21 22:57:02.000
28e816ac-27ce-4295-8423-75741e0e3962,XDJ,SVC_002,2026-01-21 22:46:44.000,2026-01-21 23:16:44.000
759d86c9-2f5d-4ef4-9d7d-f541b482b633,FDY,SVC_001,2026-01-21 23:34:39.000,2026-01-22 00:04:39.000
a7a0c83e-c7e3-4fc5-9264-1f092cc78ef4,XIZ,SVC_001,2026-01-22 00:24:32.000,2026-01-22 00:54:32.000
eb1301b4-c6ba-4cab-a9f0-f843c0b4d29b,IWO,SVC_001,2026-01-22 01:09:19.000,2026-01-22 01:39:19.000
6ab3aace-9045-4c5c-8dee-904eb105f452,ZLW,SVC_002,2026-01-22 01:53:48.000,2026-01-22 02:23:48.000
0348e7e2-3f58-4c90-9a63-de4175f56ece,EET,SVC_001,2026-01-22 03:00:42.000,2026-01-22 03:30:42.000
fe1b21cc-dd42-49dc-8de4-54be4f24c54c,LEB,SVC_001,2026-01-22 03:06:17.000,2026-01-22 03:36:17.000
d470e622-c1af-428f-acea-bd5140a6ede5,GRW,SVC_001,2026-01-22 03:50:53.000,2026-01-22 04:20:53.000
50854ba9-990f-40c1-a99b-c61989ef5e1e,ASL,SVC_001,2026-01-22 04:08:21.000,2026-01-22 04:38:21.000
0710cbfb-31eb-4960-80bd-7521f4f3e6f6,NCM,SVC_002,2026-01-22 05:23:32.000,2026-01-22 05:53:32.000
6836d438-2ab3-4a2c-93bc-e665ca547c0c,XSD,SVC_002,2026-01-22 06:55:58.000,2026-01-22 07:25:58.000
24f6094d-797e-4c68-b61f-d597a5098ba8,CUV,SVC_001,2026-01-22 08:28:58.000,2026-01-22 08:58:58.000
0a21ca08-8188-4b56-a89d-45e42a3293bc,SOE,SVC_002,2026-01-22 11:05:57.000,2026-01-22 11:35:57.000
0c3d50ac-f586-4121-b468-0c40c1fec80c,SEQ,SVC_002,2026-01-22 12:13:07.000,2026-01-22 12:43:07.000
586b816d-c476-45ce-88a9-cc97933b729d,SEJ,SVC_002,2026-01-22 13:41:17.000,2026-01-22 14:11:17.000
264a7a80-205e-422f-83eb-68f9bbb0dfa9,UNX,SVC_002,2026-01-22 13:52:12.000,2026-01-22 14:22:12.000
9111e51f-591f-4d22-84e1-b7531fee33b0,AJC,SVC_001,2026-01-22 14:17:05.000,2026-01-22 14:47:05.000
ee14d96e-b7f0-44c1-8960-4478c62e2c4d,UNF,SVC_001,2026-01-22 14:46:08.000,2026-01-22 15:16:08.000
d3b7c10b-aba6-448b-b030-96efb152901a,IOS,SVC_001,2026-01-22 15:01:54.000,2026-01-22 15:31:54.000
2be8dfe2-4a13-49b3-9856-f8ea1eec8274,OMZ,SVC_002,2026-01-22 18:04:36.000,2026-01-22 18:34:36.000
69a38648-2497-499e-a793-ca65454b5ebb,SCO,SVC_001,2026-01-22 18:57:48.000,2026-01-22 19:27:48.000
5229981c-0a28-4300-a395-e3b615dc9382,STU,SVC_001,2026-01-22 20:24:03.000,2026-01-22 20:54:03.000
ecdc53d4-f023-45b0-89b3-f1a726398abc,MTS,SVC_002,2026-01-22 20:37:08.000,2026-01-22 21:07:08.000
f51a0474-668a-4406-a591-35c4be2d968e,FOJ,SVC_001,2026-01-22 20:42:17.000,2026-01-22 21:12:17.000
aae3515e-11aa-44eb-8b48-928fa9bce60c,NPX,SVC_001,2026-01-22 20:47:30.000,2026-01-22 21:17:30.000
7eb035a2-57a7-469b-b08b-4e65f49db528,NIW,SVC_002,2026-01-22 21:26:33.000,2026-01-22 21:56:33.000
c07fdedc-b500-488e-a3b3-df30856363c6,BCN,SVC_001,2026-01-22 21:41:20.000,2026-01-22 22:11:20.000
251659f9-8128-439f-a264-ddbd7140e89a,SMA,SVC_002,2026-01-22 23:30:59.000,2026-01-23 00:00:59.000
564b07ea-43a6-426b-b564-43f88d808413,OPN,SVC_002,2026-01-23 01:23:20.000,2026-01-23 01:53:20.000
7557c09d-b05b-411a-b9a5-445b39fb9bef,YZD,SVC_002,2026-01-23 02:06:17.000,2026-01-23 02:36:17.000
89942f31-3c42-4260-8a6d-d044f808cfd7,BCH,SVC_002,2026-01-23 02:07:02.000,2026-01-23 02:37:02.000
b660ec12-da5c-487c-9208-e5edf103e0bf,RTY,SVC_001,2026-01-23 02:38:37.000,2026-01-23 03:08:37.000
e499f076-ed90-4cb8-9e83-833e433c1d47,NCK,SVC_001,2026-01-23 03:47:40.000,2026-01-23 04:17:40.000
7fd0441a-61b4-4aa4-8ceb-d2df70870875,PSS,SVC_002,2026-01-23 03:55:29.000,2026-01-23 04:25:29.000
0c51d397-6f2b-4e60-ab08-35d81f89fa2b,DQA,SVC_001,2026-01-23 04:42:51.000,2026-01-23 05:12:51.000
90b41d7f-6536-4682-8a39-d715e6c39b0e,QZH,SVC_002,2026-01-23 05:07:23.000,2026-01-23 05:37:23.000
0d8ad7c4-635d-4902-a95b-ab0a8fe59b3b,SFD,SVC_001,2026-01-23 06:03:14.000,2026-01-23 06:33:14.000
ec9a0a1b-6bcc-4395-86cb-92ef376b7b2e,LJY,SVC_002,2026-01-23 08:03:55.000,2026-01-23 08:33:55.000
f5f0b31b-996f-4805-877c-d4f9b1a0dbbd,WGS,SVC_001,2026-01-23 08:11:52.000,2026-01-23 08:41:52.000
e962f772-67c7-4f8b-8daf-826654f032ab,XTN,SVC_002,2026-01-23 08:21:35.000,2026-01-23 08:51:35.000
cacf7575-54f3-43ac-b02d-9538b8acaac7,IBG,SVC_001,2026-01-23 08:38:45.000,2026-01-23 09:08:45.000
48d45d88-a487-4c28-9a7c-e3aed5a411f5,AZB,SVC_001,2026-01-23 09:05:18.000,2026-01-23 09:35:18.000
fa962aa0-1ed3-4f2c-91db-2d8267fddd4f,UGV,SVC_002,2026-01-23 09:19:21.000,2026-01-23 09:49:21.000
895e36a1-0cb2-4f2b-8ca4-9031a5ddc96c,LKP,SVC_001,2026-01-23 09:25:30.000,2026-01-23 09:55:30.000
33f7a36a-d942-4488-a20d-95704215ae84,NDB,SVC_001,2026-01-23 10:14:35.000,2026-01-23 10:44:35.000
f41b7115-48bf-4604-8e63-8c42b1d6264c,QZC,SVC_002,2026-01-23 11:27:13.000,2026-01-23 11:57:13.000
ba7a26bb-e866-4cb2-b08c-703177a11be5,WRT,SVC_001,2026-01-23 12:01:45.000,2026-01-23 12:31:45.000
40c11f4f-5a75-4f21-9f1c-fca79bbc4a22,HWB,SVC_001,2026-01-23 12:54:53.000,2026-01-23 13:24:53.000
e496d756-b8c2-4cdc-9d99-0ea38ee39524,PYF,SVC_001,2026-01-23 13:15:18.000,2026-01-23 13:45:18.000
facffb04-2067-4516-9279-f31859a52b3b,AGZ,SVC_001,2026-01-23 13:36:13.000,2026-01-23 14:06:13.000
980309b1-b2a9-47b7-9d2b-d63dc6800828,VBK,SVC_001,2026-01-23 14:50:43.000,2026-01-23 15:20:43.000
27d51752-f4a7-4d9b-a204-ba3af8bbaed1,DCW,SVC_002,2026-01-23 17:47:00.000,2026-01-23 18:17:00.000
7bdb12a7-347a-489f-8807-498eae007c83,KAB,SVC_001,2026-01-23 18:07:41.000,2026-01-23 18:37:41.000
22275e75-4e97-4981-9e25-440e4c08f494,OJV,SVC_001,2026-01-23 18:42:41.000,2026-01-23 19:12:41.000
dd1b71a2-4be1-4a3f-8d53-10feca37e153,ZKY,SVC_001,2026-01-23 19:45:45.000,2026-01-23 20:15:45.000
0bf40837-471d-4682-9c14-1132a58fd57b,JSY,SVC_001,2026-01-23 20:33:26.000,2026-01-23 21:03:26.000
62561958-6651-4692-b7db-9b42e7b11889,OUJ,SVC_002,2026-01-23 20:43:55.000,2026-01-23 21:13:55.000
0ec7598b-5c18-45ed-a09a-6bc4dadd7ae6,HHT,SVC_002,2026-01-23 21:13:37.000,2026-01-23 21:43:37.000
9f5f805f-82af-498f-ab45-698e98e16822,HAZ,SVC_001,2026-01-23 21:46:59.000,2026-01-23 22:16:59.000
82b5382e-faff-4b96-8846-353001b52e48,ZRP,SVC_002,2026-01-23 22:59:40.000,2026-01-23 23:29:40.000
2e04c12c-788f-4e20-987b-4e1b5dd9e52a,SOI,SVC_002,2026-01-23 23:14:50.000,2026-01-23 23:44:50.000
23ef9b1e-8d94-47e8-9442-9be8361c1697,QJL,SVC_002,2026-01-23 23:39:29.000,2026-01-24 00:09:29.000
6628cdc1-37c3-490b-840c-7ab8163e1289,WKL,SVC_002,2026-01-23 23:42:37.000,2026-01-24 00:12:37.000
70df5846-ddde-4734-8e9e-38d9cc28e356,DHD,SVC_002,2026-01-23 23:56:37.000,2026-01-24 00:26:37.000
45202127-0c7b-4631-bc6c-2b02951ec79b,URX,SVC_001,2026-01-24 00:06:48.000,2026-01-24 00:36:48.000
e67124a3-e1ba-44c4-95c5-3635e85dc5af,IRS,SVC_002,2026-01-24 00:56:37.000,2026-01-24 01:26:37.000
352b2704-fbf3-4efb-b780-dd0a429bff55,RCN,SVC_001,2026-01-24 01:05:38.000,2026-01-24 01:35:38.000
a3c677fd-3b38-4d5c-b363-705452a28e32,QYN,SVC_001,2026-01-24 01:44:16.000,2026-01-24 02:14:16.000
7970468e-1ca6-4873-b2c3-5c71eb7b8d81,YPR,SVC_002,2026-01-24 02:09:03.000,2026-01-24 02:39:03.000
076d7678-c748-4dbb-ab22-646304cc1279,TYD,SVC_002,2026-01-24 03:12:07.000,2026-01-24 03:42:07.000
89c74550-a765-46a5-b63c-391ff96e53ee,SXS,SVC_001,2026-01-24 03:52:35.000,2026-01-24 04:22:35.000
ca7ce77c-e35f-41b3-b118-79d853d6d714,PRG,SVC_001,2026-01-24 03:52:33.000,2026-01-24 04:22:33.000
0b23548e-9174-4615-b7bd-5de7770c9efa,OUX,SVC_002,2026-01-24 04:05:18.000,2026-01-24 04:35:18.000
d87dab0c-b01e-4258-8121-c2603aabfb08,ZZY,SVC_001,2026-01-24 04:54:07.000,2026-01-24 05:24:07.000
da916ef8-1bd0-4095-8dd2-17e5fdc4971a,XRJ,SVC_002,2026-01-24 05:25:40.000,2026-01-24 05:55:40.000
107deb50-0a45-4a7f-9f9d-ce736149363e,FGF,SVC_002,2026-01-24 06:40:18.000,2026-01-24 07:10:18.000
de9c8724-9144-4964-99ca-f1d688bb6ec9,ARC,SVC_001,2026-01-24 07:41:07.000,2026-01-24 08:11:07.000
2426c4da-bf5c-4029-a147-010492b7ba44,VWN,SVC_002,2026-01-24 08:13:57.000,2026-01-24 08:43:57.000
560c3240-75d1-483b-9255-0fe69053ee4f,AZG,SVC_001,2026-01-24 09:47:21.000,2026-01-24 10:17:21.000
75a0d87b-4a04-49f4-9e17-8fb11a152b46,MSX,SVC_001,2026-01-24 10:07:37.000,2026-01-24 10:37:37.000
a8220529-70d7-44c6-8891-ed962f2e54e5,RMU,SVC_001,2026-01-24 10:39:28.000,2026-01-24 11:09:28.000
5e35dd35-2791-411f-8ba5-47c25cfccdf3,PXU,SVC_002,2026-01-24 10:39:45.000,2026-01-24 11:09:45.000
4fc6f046-6e21-400c-b799-5fd197d1232a,SYX,SVC_001,2026-01-24 10:46:25.000,2026-01-24 11:16:25.000
dad2b5d0-01e6-4bf9-9d6d-4f386d3d7dd6,YJG,SVC_002,2026-01-24 10:58:53.000,2026-01-24 11:28:53.000
065fd476-b618-4a2a-9541-a5f9bf0d8f6c,OZH,SVC_002,2026-01-24 11:03:22.000,2026-01-24 11:33:22.000
c17a4326-e978-41a8-9f83-7f5860154c58,YPN,SVC_001,2026-01-24 11:19:51.000,2026-01-24 11:49:51.000
7468c563-9013-48e6-a687-90da5e338c1f,BFH,SVC_002,2026-01-24 11:40:43.000,2026-01-24 12:10:43.000
fa678cb4-1043-44ff-aca4-8f6d271e0db9,EHA,SVC_001,2026-01-24 13:18:43.000,2026-01-24 13:48:43.000
5dedf9f8-8c7c-4b84-acaf-afe34c0c73be,XOY,SVC_002,2026-01-24 14:58:39.000,2026-01-24 15:28:39.000
4bff8e0f-e1ec-4dd8-b0ed-0ede907229c5,XHC,SVC_002,2026-01-24 14:58:31.000,2026-01-24 15:28:31.000
755bb2ec-89c3-4bad-9d24-e10450ef2c90,EKD,SVC_002,2026-01-24 15:05:17.000,2026-01-24 15:35:17.000
fe94ce84-d574-4ba8-a358-90e412682a68,YOK,SVC_002,2026-01-24 15:38:03.000,2026-01-24 16:08:03.000
016b818a-b526-4930-93e6-212e7d6a2d29,LCX,SVC_001,2026-01-24 15:37:22.000,2026-01-24 16:07:22.000
c6808a1e-bbe8-44b1-9bc7-4f59955085fb,LZD,SVC_001,2026-01-24 16:19:17.000,2026-01-24 16:49:17.000
587c5516-5162-45be-affa-0244ac6cfc7d,UPD,SVC_002,2026-01-24 16:27:03.000,2026-01-24 16:57:03.000
006534ac-6312-4703-851b-5516f6bd2f8a,KYH,SVC_001,2026-01-24 17:17:55.000,2026-01-24 17:47:55.000
4dd2552e-61ef-469c-96ea-6057f5932ced,YQP,SVC_002,2026-01-24 17:31:53.000,2026-01-24 18:01:53.000
9b0fe6bf-a873-493e-959c-6aa5564d5f8e,UEK,SVC_001,2026-01-24 17:42:08.000,2026-01-24 18:12:08.000
78f9bc1b-00ce-4913-bed8-4031bb89b1a6,HII,SVC_001,2026-01-24 17:59:19.000,2026-01-24 18:29:19.000
ad025faf-a42c-4ff4-a4d8-6c2f75db026e,VLK,SVC_002,2026-01-24 18:29:07.000,2026-01-24 18:59:07.000
90e88878-96ed-46c6-919a-e52f21f56127,UFY,SVC_001,2026-01-24 19:35:13.000,2026-01-24 20:05:13.000
5b17b850-a427-4858-949e-7017192f6401,XAQ,SVC_002,2026-01-24 19:50:56.000,2026-01-24 20:20:56.000
507260aa-cf5d-4ffc-9e2f-921d9cd85dd8,DYV,SVC_001,2026-01-24 19:59:28.000,2026-01-24 20:29:28.000
45a2e410-1298-4ed8-9d81-b2f325836e5d,DDJ,SVC_001,2026-01-24 20:10:58.000,2026-01-24 20:40:58.000
b9aecd58-6a36-4798-a970-313eb40e4116,LXO,SVC_002,2026-01-24 21:13:25.000,2026-01-24 21:43:25.000
1d0c6a0d-394d-4341-ba0a-48439902936c,EJZ,SVC_002,2026-01-24 22:21:03.000,2026-01-24 22:51:03.000
4e60dadf-686b-449e-94e4-5861f3ef5393,TEX,SVC_002,2026-01-24 22:48:21.000,2026-01-24 23:18:21.000
3d3ed351-a29c-442b-99c9-cee526caedd7,UGV,SVC_002,2026-01-24 23:47:52.000,2026-01-25 00:17:52.000
dc782ed2-e247-4b1d-a7d8-5dd996d4f243,XMC,SVC_002,2026-01-25 00:25:48.000,2026-01-25 00:55:48.000
f97e13e5-8e03-4613-b685-41f156f5ad07,QEQ,SVC_002,2026-01-25 01:05:51.000,2026-01-25 01:35:51.000
215a3ad8-6431-40ce-a4d5-0684ea9f366c,RRK,SVC_002,2026-01-25 01:08:26.000,2026-01-25 01:38:26.000
2cf870cf-e32b-438a-b38a-de75264183d1,WVF,SVC_002,2026-01-25 02:21:12.000,2026-01-25 02:51:12.000
66cea5a8-dbe1-4378-ab65-42cee4149afd,MDL,SVC_002,2026-01-25 02:44:33.000,2026-01-25 03:14:33.000
b252df38-7950-4f90-af21-a9bc2392cb9a,IEM,SVC_001,2026-01-25 03:41:24.000,2026-01-25 04:11:24.000
a30579c3-d9ed-4968-9eba-6a6816fddc11,HBV,SVC_001,2026-01-25 04:11:18.000,2026-01-25 04:41:18.000
47ca1331-568b-4bc2-8cf0-2186b3751af7,QJD,SVC_002,2026-01-25 04:27:20.000,2026-01-25 04:57:20.000
91e03448-90bc-4ce6-aea6-18908e7b4ec2,YBY,SVC_002,2026-01-25 05:32:39.000,2026-01-25 06:02:39.000
21f54f42-da15-4c32-9e3b-09503f1081b0,INZ,SVC_001,2026-01-25 06:13:32.000,2026-01-25 06:43:32.000
2d992eab-054f-4a45-9a5b-d0aac9f5b679,ADW,SVC_001,2026-01-25 06:19:54.000,2026-01-25 06:49:54.000
cc67d43e-b1fc-4983-9826-3a97b46a831b,SBE,SVC_002,2026-01-25 06:55:51.000,2026-01-25 07:25:51.000
06f47cde-06ec-430d-b2ce-51e7597d050d,RYD,SVC_001,2026-01-25 08:38:05.000,2026-01-25 09:08:05.000
2519651f-57d5-4745-99a2-f2c8a127733a,PFO,SVC_002,2026-01-25 08:44:20.000,2026-01-25 09:14:20.000
e671b3c8-c812-48ce-9f37-83cbb943d9ee,DXT,SVC_001,2026-01-25 10:25:53.000,2026-01-25 10:55:53.000
0b4f9736-66a7-4688-a98c-da60004e03da,USM,SVC_002,2026-01-25 11:26:12.000,2026-01-25 11:56:12.000
001d67da-941a-4cf4-84c4-856100166eb5,XFF,SVC_002,2026-01-25 11:57:10.000,2026-01-25 12:27:10.000
85564a60-760d-4ab3-9fbf-ca3f9e7dcd3c,ISN,SVC_002,2026-01-25 12:09:59.000,2026-01-25 12:39:59.000
5b6bf454-e548-4667-8331-326bef86422c,ESP,SVC_001,2026-01-25 12:52:56.000,2026-01-25 13:22:56.000
e029cdcb-f6ca-43ef-83fc-f13327b78d61,OQM,SVC_001,2026-01-25 12:56:26.000,2026-01-25 13:26:26.000
ef50e353-156c-4ba8-b39a-0259b213ba76,ISZ,SVC_001,2026-01-25 14:13:54.000,2026-01-25 14:43:54.000
0a096284-7d56-48f0-98ed-62de8ea6801f,VWR,SVC_001,2026-01-25 15:05:06.000,2026-01-25 15:35:06.000
0176e576-7b0d-4fad-9bed-51c17d9fe61d,DDS,SVC_001,2026-01-25 15:20:37.000,2026-01-25 15:50:37.000
32b8f96c-2b6c-4f3f-ac0a-f87d185f6572,LSE,SVC_002,2026-01-25 15:49:15.000,2026-01-25 16:19:15.000
e1375c22-cc88-423c-87cb-199e9b3e4e75,PEH,SVC_001,2026-01-25 16:05:29.000,2026-01-25 16:35:29.000
facba4be-d69a-4ac6-8632-21bbca0c6b59,MSX,SVC_001,2026-01-25 16:44:09.000,2026-01-25 17:14:09.000
ef5332e1-f814-407d-ba46-073864296e08,FJD,SVC_002,2026-01-25 17:28:21.000,2026-01-25 17:58:21.000
a8c57f8a-df0b-4551-87e5-43de21828ea4,LNZ,SVC_001,2026-01-25 18:08:48.000,2026-01-25 18:38:48.000
86e47570-5ad7-47bf-8417-85fef743f416,KXO,SVC_002,2026-01-25 18:50:26.000,2026-01-25 19:20:26.000
2c63bcf1-882d-4797-9291-b343bc2671c0,BEP,SVC_002,2026-01-25 19:08:46.000,2026-01-25 19:38:46.000
0a344a29-e64b-4141-bdde-6a6eb3e08315,YTU,SVC_002,2026-01-25 19:52:01.000,2026-01-25 20:22:01.000
f402f4ca-fb9c-4e0b-8d62-170248da0582,WJC,SVC_002,2026-01-25 22:14:20.000,2026-01-25 22:44:20.000
b72ce7c9-d309-4fb0-b579-01e474bf9771,DKJ,SVC_002,2026-01-25 22:54:57.000,2026-01-25 23:24:57.000
60ffae49-4560-4677-aefe-bc4353f81eef,YZF,SVC_001,2026-01-26 02:08:51.000,2026-01-26 02:38:51.000
cafb43db-77ee-4c08-8dba-22145a964d87,RQE,SVC_001,2026-01-26 02:36:39.000,2026-01-26 03:06:39.000
638517e1-fbd9-448b-abde-927df41a8e46,ZMU,SVC_002,2026-01-26 04:05:44.000,2026-01-26 04:35:44.000
6a79d158-b20c-4f0f-beee-766a52c2394c,LSG,SVC_001,2026-01-26 04:27:35.000,2026-01-26 04:57:35.000
2af27cd8-68cc-41bb-95f2-fdd5d35caeab,GKF,SVC_002,2026-01-26 05:54:33.000,2026-01-26 06:24:33.000
5f6825c0-c44f-4b17-9a50-8b490019db85,TDF,SVC_002,2026-01-26 06:26:52.000,2026-01-26 06:56:52.000
c855c7f7-e89e-42a8-b077-90ffcbfde011,ZZD,SVC_001,2026-01-26 06:55:38.000,2026-01-26 07:25:38.000
2d7a2036-4473-4216-8f1a-7e57f481e8ab,XNQ,SVC_002,2026-01-26 07:54:07.000,2026-01-26 08:24:07.000
b4b52ad4-c4f6-4fa7-a659-00411a1a8c68,PGE,SVC_001,2026-01-26 08:10:04.000,2026-01-26 08:40:04.000
2c753bb7-3427-4c9a-9be9-dde128b47dc6,ZWO,SVC_002,2026-01-26 08:50:33.000,2026-01-26 09:20:33.000
01309bdf-3b8d-472a-b65f-1a190ab6f37e,VZQ,SVC_001,2026-01-26 09:03:00.000,2026-01-26 09:33:00.000
6a21fceb-e757-43a0-871f-e6aa8eeeb268,EYK,SVC_001,2026-01-26 09:39:25.000,2026-01-26 10:09:25.000
d95f7176-4067-4cd8-b93a-40f098508e0a,EXZ,SVC_002,2026-01-26 09:40:51.000,2026-01-26 10:10:51.000
29d27010-669f-4413-a98c-542447691a21,FRX,SVC_001,2026-01-26 10:29:30.000,2026-01-26 10:59:30.000
8e6cc76f-5320-43ee-84b0-dcb74d3210b4,VQS,SVC_001,2026-01-26 11:44:19.000,2026-01-26 12:14:19.000
5c5d6be0-4d3e-4f44-addb-b0679023e6b2,UBQ,SVC_002,2026-01-26 11:58:59.000,2026-01-26 12:28:59.000
4a2a3e23-6ddc-4e0e-885d-129c9440a3cc,BKU,SVC_001,2026-01-26 12:10:51.000,2026-01-26 12:40:51.000
8ee4eac0-9821-45f1-843e-0ba6e72cd562,CGM,SVC_002,2026-01-26 12:26:12.000,2026-01-26 12:56:12.000
741dd970-9339-4c3e-8929-681378389782,FOH,SVC_002,2026-01-26 13:20:35.000,2026-01-26 13:50:35.000
00d012a5-4dd2-420c-94d2-b5ebbab04b03,QIA,SVC_002,2026-01-26 13:22:43.000,2026-01-26 13:52:43.000
6d28921b-d024-4ec6-a581-87d7f5e83e57,BUE,SVC_001,2026-01-26 13:28:00.000,2026-01-26 13:58:00.000
dc02395a-7c3e-4f83-8525-9241df9f7c8e,BUR,SVC_002,2026-01-26 13:46:14.000,2026-01-26 14:16:14.000
83af2b0c-ae15-4891-bf70-e4c0efd0ffbe,OSR,SVC_002,2026-01-26 16:10:37.000,2026-01-26 16:40:37.000
5cecf062-1923-4fe6-a386-cfcfd450f67c,BSU,SVC_002,2026-01-26 16:15:45.000,2026-01-26 16:45:45.000
4ffd969b-d3cf-4ef7-8997-58520f26b35d,JGB,SVC_001,2026-01-26 17:36:04.000,2026-01-26 18:06:04.000
deb8f31b-5021-4a4e-9cd2-ee9f10e220c4,YRJ,SVC_001,2026-01-26 17:54:56.000,2026-01-26 18:24:56.000
79a3711e-bb3c-481d-b3be-09e17b6fcdce,ZGC,SVC_002,2026-01-26 18:36:03.000,2026-01-26 19:06:03.000
bcd801f9-07b8-49f1-bfdd-afa21b48620c,XIL,SVC_002,2026-01-26 19:18:52.000,2026-01-26 19:48:52.000
43bc959c-5080-437e-be04-a7c5105ebe3e,ORO,SVC_002,2026-01-26 19:44:47.000,2026-01-26 20:14:47.000
27079f9d-51c3-4aff-b437-31f4bbc5a754,PFI,SVC_001,2026-01-26 20:13:55.000,2026-01-26 20:43:55.000
91761739-1f16-4ab5-9dd2-2a31254e4f11,MUB,SVC_001,2026-01-26 20:50:13.000,2026-01-26 21:20:13.000
7cf6e6d9-3302-489c-9b1f-e4c5bf339ce2,ADG,SVC_001,2026-01-26 21:14:00.000,2026-01-26 21:44:00.000
efd491c6-2bc8-4eaf-920f-ef87a70a708e,ZRB,SVC_001,2026-01-26 21:14:47.000,2026-01-26 21:44:47.000
60f92d2c-1469-471f-85cc-32588187b69b,QCS,SVC_002,2026-01-26 21:32:59.000,2026-01-26 22:02:59.000
75b83320-5c7b-4057-bb91-8e98d7e95614,DBF,SVC_001,2026-01-26 21:53:36.000,2026-01-26 22:23:36.000
fcab9416-5451-4338-ab94-014368eb3e3e,TLY,SVC_001,2026-01-26 22:08:35.000,2026-01-26 22:38:35.000
72467825-4c38-46c6-8c8d-bfe6e05198e9,MOL,SVC_002,2026-01-26 22:18:03.000,2026-01-26 22:48:03.000
92257e28-1930-437e-b67d-c5c00845abc1,ONF,SVC_001,2026-01-26 22:50:55.000,2026-01-26 23:20:55.000
51e76379-4fcc-4211-b5eb-82b6b0bc3949,LXG,SVC_002,2026-01-27 00:02:17.000,2026-01-27 00:32:17.000
ce3ddb8f-78f1-47ef-acca-90a57908462f,PUD,SVC_001,2026-01-27 00:03:48.000,2026-01-27 00:33:48.000
b0d74563-3cb8-4439-a578-31401002bd58,KTL,SVC_001,2026-01-27 00:21:32.000,2026-01-27 00:51:32.000
2992eb50-bf90-4c16-abb5-6f242585810d,SZN,SVC_002,2026-01-27 00:33:27.000,2026-01-27 01:03:27.000
4f9e9ac1-f5c0-4335-aafc-fc49d8dd1909,QKG,SVC_001,2026-01-27 00:44:43.000,2026-01-27 01:14:43.000
5ba8be77-a85d-4196-b80e-0f2f7c3ed1f1,YYR,SVC_002,2026-01-27 01:16:04.000,2026-01-27 01:46:04.000
cd447df0-7a44-4592-b197-2446bcd7b627,SFP,SVC_001,2026-01-27 03:57:59.000,2026-01-27 04:27:59.000
2f6e1df1-9162-4d8f-8ebe-29611dd452b6,UIE,SVC_002,2026-01-27 04:19:26.000,2026-01-27 04:49:26.000
618948b4-9465-4036-877f-c249a274b0f9,RUQ,SVC_001,2026-01-27 04:26:31.000,2026-01-27 04:56:31.000
68b2c6fc-144e-4f8e-beeb-b3a43906c8f8,GDE,SVC_001,2026-01-27 04:46:51.000,2026-01-27 05:16:51.000
39a3bf8b-3bac-4309-9420-f42c205f7146,BVU,SVC_001,2026-01-27 05:08:02.000,2026-01-27 05:38:02.000
1041a907-c216-44e1-8718-9a40c92ab220,UHH,SVC_001,2026-01-27 05:18:15.000,2026-01-27 05:48:15.000
9d26d8ce-f6e9-41f5-afe5-8ad258f20856,LXM,SVC_001,2026-01-27 06:40:53.000,2026-01-27 07:10:53.000
4a4f2c12-85df-4ddb-baa8-b7fa4422d535,BDZ,SVC_001,2026-01-27 07:41:05.000,2026-01-27 08:11:05.000
9728246e-9fbd-488e-af22-84b19fac4f5a,KIR,SVC_002,2026-01-27 08:24:05.000,2026-01-27 08:54:05.000
e0d8524d-50a0-4f6d-8b6a-ef413869f247,MHL,SVC_002,2026-01-27 08:52:20.000,2026-01-27 09:22:20.000
028ef741-6640-4e8e-a144-96f91a94812e,YXC,SVC_002,2026-01-27 09:26:24.000,2026-01-27 09:56:24.000
1e0ea70d-f07c-45c6-99ad-fe1d2dd27e3a,FXL,SVC_002,2026-01-27 09:29:40.000,2026-01-27 09:59:40.000
4d3330fc-d17a-4a42-a9e7-8893baf275fa,GIA,SVC_002,2026-01-27 11:42:22.000,2026-01-27 12:12:22.000
a3ff30ce-31c7-4242-b763-d922684405d8,JSM,SVC_002,2026-01-27 12:00:13.000,2026-01-27 12:30:13.000
afb570fe-d1d1-4ca5-8667-85e88db3e9e0,PKH,SVC_002,2026-01-27 12:37:09.000,2026-01-27 13:07:09.000
67509846-3596-46db-be1f-f5b3965e2d58,QZL,SVC_002,2026-01-27 12:48:58.000,2026-01-27 13:18:58.000
422edb7c-4884-4709-93bd-f8f41b1c9fa7,WOJ,SVC_001,2026-01-27 12:52:11.000,2026-01-27 13:22:11.000
93f822c1-e022-4fcd-8079-4c447a8af876,SFF,SVC_001,2026-01-27 12:54:33.000,2026-01-27 13:24:33.000
3c6b49f1-57f0-4713-bdfc-1f98227d6b73,JMA,SVC_002,2026-01-27 13:27:08.000,2026-01-27 13:57:08.000
f33c9826-f465-4003-8276-6dae8202b573,JEE,SVC_001,2026-01-27 13:38:00.000,2026-01-27 14:08:00.000
6dcac29c-ef15-48ab-af17-ac9402dbe988,RLG,SVC_001,2026-01-27 14:22:55.000,2026-01-27 14:52:55.000
5293a7b9-613e-44a9-93ac-1d7546792838,WPX,SVC_002,2026-01-27 14:53:37.000,2026-01-27 15:23:37.000
2e4f851b-59dd-4f2d-8c45-c604c415ba77,WVT,SVC_001,2026-01-27 15:16:17.000,2026-01-27 15:46:17.000
d729e415-210e-48c5-a610-743bb1858a58,KXK,SVC_002,2026-01-27 16:24:44.000,2026-01-27 16:54:44.000
9ed7ef3a-bc31-4ac5-b9c4-1a6fcfb815d7,GZT,SVC_001,2026-01-27 16:57:14.000,2026-01-27 17:27:14.000
87efb057-172b-4270-853c-a3531e184f55,XYT,SVC_002,2026-01-27 16:59:23.000,2026-01-27 17:29:23.000
41eb7a7b-79d2-4ad7-b218-cf96fd304d0c,SUU,SVC_001,2026-01-27 18:13:54.000,2026-01-27 18:43:54.000
6897e420-70cf-4102-99c7-293b1eabce38,PKY,SVC_001,2026-01-27 18:41:07.000,2026-01-27 19:11:07.000
f0304e74-b0c5-4310-85a1-b7873a8476a3,GPV,SVC_001,2026-01-27 18:45:37.000,2026-01-27 19:15:37.000
98668dc2-eabd-4fbe-8ef6-af0afa953bbe,GPH,SVC_001,2026-01-27 19:33:23.000,2026-01-27 20:03:23.000
fa885b6b-9806-4352-83be-2021345f0d34,WWG,SVC_002,2026-01-27 21:49:19.000,2026-01-27 22:19:19.000
e863d011-b5fd-4755-ae70-1acf696b610a,TVS,SVC_002,2026-01-27 22:04:01.000,2026-01-27 22:34:01.000
ee3ff75e-a752-4ae2-8695-c951ceae1ac8,DBI,SVC_002,2026-01-28 00:20:27.000,2026-01-28 00:50:27.000
1b3645eb-e638-4fe2-8d0b-3853adc7a541,DSS,SVC_002,2026-01-28 00:39:13.000,2026-01-28 01:09:13.000
4877cc17-88ae-4fe4-84e4-2c5448d2cee6,ZRN,SVC_001,2026-01-28 02:17:49.000,2026-01-28 02:47:49.000
12e1dde7-4ead-4ac6-8362-221d1c0b364c,WPY,SVC_001,2026-01-28 03:11:53.000,2026-01-28 03:41:53.000
5e0bc8a9-adfb-4a3a-a63b-289c0fa8dad5,GCA,SVC_002,2026-01-28 03:15:36.000,2026-01-28 03:45:36.000
4055e76e-3d4c-4e4c-a39e-55805bb1435e,ODR,SVC_001,2026-01-28 04:25:05.000,2026-01-28 04:55:05.000
f064576b-d6d8-47e1-a4bd-34102ffa01ce,WTM,SVC_002,2026-01-28 04:40:21.000,2026-01-28 05:10:21.000
bb52f2d8-00ac-4645-91da-2b565442880f,XNF,SVC_002,2026-01-28 05:50:48.000,2026-01-28 06:20:48.000
84ee2880-bbb3-4a08-87cc-5241d103fa2d,SKI,SVC_001,2026-01-28 06:23:11.000,2026-01-28 06:53:11.000
9d608a1c-63d3-4cb0-9dac-0bc062402550,PWD,SVC_001,2026-01-28 06:24:50.000,2026-01-28 06:54:50.000
5c9ef1c5-495b-475e-b80f-c0c4265c0ef4,AHO,SVC_002,2026-01-28 06:39:35.000,2026-01-28 07:09:35.000
50b66cca-eb36-48d0-ba2a-fddd6d7c8620,HYD,SVC_001,2026-01-28 07:10:37.000,2026-01-28 07:40:37.000
5ff52226-66cd-4f8d-a108-490e446c06c7,FBA,SVC_002,2026-01-28 07:41:23.000,2026-01-28 08:11:23.000
03e503da-2243-4801-a16f-dec85711342d,WCU,SVC_002,2026-01-28 07:56:24.000,2026-01-28 08:26:24.000
6ed3ea38-1ce2-436a-859d-2cd5ac3778d0,TLW,SVC_001,2026-01-28 08:03:15.000,2026-01-28 08:33:15.000
91bbc0a9-03e8-4bb0-9a95-f4c4b69582bd,JSK,SVC_002,2026-01-28 08:22:28.000,2026-01-28 08:52:28.000
271a8803-afc6-43ff-bb8f-866aa91c700f,PQV,SVC_002,2026-01-28 10:02:14.000,2026-01-28 10:32:14.000
196c4b24-c27f-4495-ba86-044f040b365b,OLU,SVC_002,2026-01-28 10:17:54.000,2026-01-28 10:47:54.000
f97af9ac-7e80-43e3-a49e-315183972d2a,PYG,SVC_001,2026-01-28 10:56:59.000,2026-01-28 11:26:59.000
4d69c7c9-fb59-4b2c-be39-a2a4b94b0ea0,OES,SVC_001,2026-01-28 11:51:16.000,2026-01-28 12:21:16.000
32ba399b-c056-46ad-beac-146fcb0ec7e9,KCF,SVC_002,2026-01-28 12:39:50.000,2026-01-28 13:09:50.000
47f55273-ee87-41ed-b4dd-b03bcc8f5a39,OBF,SVC_001,2026-01-28 13:08:09.000,2026-01-28 13:38:09.000
f8b14538-b534-47dd-8c75-94e9cdf5dd03,EKY,SVC_001,2026-01-28 13:35:22.000,2026-01-28 14:05:22.000
e2b1ed63-0e78-4132-a634-57adc40ac7da,DWF,SVC_001,2026-01-28 13:50:02.000,2026-01-28 14:20:02.000
bb3ac2ff-d0fb-4adf-97b3-3bc2e12c914d,HGF,SVC_001,2026-01-28 13:59:19.000,2026-01-28 14:29:19.000
cdb2c7b2-933c-4db9-b801-31fc53230485,AGL,SVC_002,2026-01-28 14:07:57.000,2026-01-28 14:37:57.000
d747a110-df7f-4b30-a4a9-2cda1585b323,KTR,SVC_001,2026-01-28 15:01:32.000,2026-01-28 15:31:32.000
b39777b7-a9d7-4396-9a52-d4722f82abf4,KVV,SVC_002,2026-01-28 15:03:27.000,2026-01-28 15:33:27.000
cff26ba4-7643-4f6d-a190-224b6bfeab7c,OXY,SVC_002,2026-01-28 15:10:52.000,2026-01-28 15:40:52.000
1fdc2157-eec2-447d-bddd-57782870d18a,SXO,SVC_001,2026-01-28 16:17:27.000,2026-01-28 16:47:27.000
1fee9563-2507-407d-a2c3-f4e17ced455f,JPB,SVC_001,2026-01-28 16:23:16.000,2026-01-28 16:53:16.000
ca061945-ab2c-4f7b-9e93-7eab9c5f07e5,QQZ,SVC_001,2026-01-28 16:53:08.000,2026-01-28 17:23:08.000
a89a4554-d182-4ea0-b634-3cccdc76de50,XBG,SVC_001,2026-01-28 17:49:50.000,2026-01-28 18:19:50.000
db6fd5e6-ddb2-4aea-931e-113d105a2a35,HVB,SVC_001,2026-01-28 18:18:30.000,2026-01-28 18:48:30.000
23fc5cec-7b3a-45c4-a372-11355e9d6ee8,NUJ,SVC_002,2026-01-28 18:18:40.000,2026-01-28 18:48:40.000
f1df6127-56f5-4b25-8966-af160f53f6c5,EVP,SVC_002,2026-01-28 18:19:47.000,2026-01-28 18:49:47.000
0124b0be-f6b4-41e3-9996-012724ac3d78,KIL,SVC_002,2026-01-28 18:29:05.000,2026-01-28 18:59:05.000
8ba8029b-2df7-4387-8cd3-87a5cc053c2b,STT,SVC_002,2026-01-28 19:27:18.000,2026-01-28 19:57:18.000
46e6e26b-04a5-4b34-8bc2-bef086785d59,FND,SVC_002,2026-01-28 20:37:56.000,2026-01-28 21:07:56.000
765f9d43-d21d-4f5d-8ffa-b67a84f70109,GDD,SVC_002,2026-01-28 20:45:10.000,2026-01-28 21:15:10.000
52dc403a-f00f-46ef-9d1f-9ea6400fbd27,OCF,SVC_001,2026-01-28 21:58:48.000,2026-01-28 22:28:48.000
4e366d81-96cd-484b-9a3e-9bbeecc918d6,FFG,SVC_001,2026-01-28 22:05:57.000,2026-01-28 22:35:57.000
dd2fa351-e65b-4c86-b494-f6efda4eba21,LTD,SVC_001,2026-01-28 22:11:58.000,2026-01-28 22:41:58.000
cd37efc6-b11e-4452-9f78-3457d870ab80,UJV,SVC_002,2026-01-28 22:12:25.000,2026-01-28 22:42:25.000
2c042245-4fde-4dd1-a2c5-994b8515e65b,WDM,SVC_002,2026-01-28 22:13:57.000,2026-01-28 22:43:57.000
20678017-9916-4a4b-bb47-0948553cf937,JVG,SVC_001,2026-01-28 22:21:09.000,2026-01-28 22:51:09.000
46a593a4-d46b-457b-9dd0-3ce711a6bc9d,BHJ,SVC_002,2026-01-28 22:58:04.000,2026-01-28 23:28:04.000
4e79f994-832a-4d23-8e79-9bf02a9831d7,CXX,SVC_002,2026-01-28 23:20:58.000,2026-01-28 23:50:58.000
b6a7468e-141e-4b1f-8342-17430758f700,PUV,SVC_001,2026-01-29 00:05:22.000,2026-01-29 00:35:22.000
24e8994f-1746-4cbd-9992-aa413b86e3bd,GFS,SVC_001,2026-01-29 00:27:49.000,2026-01-29 00:57:49.000
fbc5227f-c2cc-4207-a9b9-9c7f0ca3e341,DDH,SVC_001,2026-01-29 00:40:40.000,2026-01-29 01:10:40.000
284da366-d06f-4146-b13c-cf23218b684c,YUV,SVC_002,2026-01-29 01:00:30.000,2026-01-29 01:30:30.000
a141c86f-c87f-4087-8367-c1cd6329dee2,ZUC,SVC_002,2026-01-29 01:21:10.000,2026-01-29 01:51:10.000
5c4f2cb3-a278-486b-ab40-0e0b325def49,EEU,SVC_001,2026-01-29 03:33:18.000,2026-01-29 04:03:18.000
8cc8e58b-1ecd-4ddb-8185-9ccf2ec44878,BJL,SVC_002,2026-01-29 04:07:40.000,2026-01-29 04:37:40.000
40ce5cfc-413b-4cc7-b56a-25e8a54df57f,KVR,SVC_001,2026-01-29 04:48:11.000,2026-01-29 05:18:11.000
44469bcc-9ed1-4d13-bc84-e289f8408b43,MUC,SVC_001,2026-01-29 05:11:45.000,2026-01-29 05:41:45.000
6c049c22-8358-49fa-98ea-eee45e91e0ea,QRI,SVC_001,2026-01-29 06:30:53.000,2026-01-29 07:00:53.000
e5724648-a974-47c9-b87c-ccf84f827027,KQV,SVC_001,2026-01-29 07:33:54.000,2026-01-29 08:03:54.000
b2232781-869b-47c0-804f-1923cf576298,EGK,SVC_001,2026-01-29 07:56:12.000,2026-01-29 08:26:12.000
8af217d9-8b53-4cde-993d-117d953fcd80,ONX,SVC_002,2026-01-29 08:01:01.000,2026-01-29 08:31:01.000
641f2579-42fa-4980-9dcf-8ced318e80a2,UMD,SVC_001,2026-01-29 08:27:24.000,2026-01-29 08:57:24.000
fadf0f24-a5b6-4067-af08-46d14ca9b525,WBE,SVC_001,2026-01-29 08:33:39.000,2026-01-29 09:03:39.000
66e70aba-1549-4c42-8f5c-5f6cdaf1db24,BYU,SVC_002,2026-01-29 10:22:15.000,2026-01-29 10:52:15.000
d9d3e15a-2c5f-4680-871e-3149b269f011,KTH,SVC_002,2026-01-29 10:46:45.000,2026-01-29 11:16:45.000
6a5549ae-fbb9-44de-b303-95c79d9c8635,XSD,SVC_002,2026-01-29 10:52:41.000,2026-01-29 11:22:41.000
22d99415-91d8-486c-89b8-a1d367fa0810,MQL,SVC_001,2026-01-29 10:57:20.000,2026-01-29 11:27:20.000
742e9837-816c-4d20-89fe-59f890f779b0,YUC,SVC_001,2026-01-29 11:15:17.000,2026-01-29 11:45:17.000
9ef6f7d5-dd4c-4d05-a6f0-e995eba909ce,CBN,SVC_001,2026-01-29 12:17:03.000,2026-01-29 12:47:03.000
66563b01-bc7a-446c-9158-eecbe2ef508e,BSZ,SVC_001,2026-01-29 13:51:43.000,2026-01-29 14:21:43.000
79d45769-49d9-4f6e-8326-7d104a43e668,KXP,SVC_002,2026-01-29 15:45:48.000,2026-01-29 16:15:48.000
39e490bd-0700-490c-9609-7448a4e95108,XZB,SVC_002,2026-01-29 15:47:32.000,2026-01-29 16:17:32.000
866e1f25-5bed-463c-bd80-2d91c192a199,BVH,SVC_002,2026-01-29 16:05:46.000,2026-01-29 16:35:46.000
5c686cc9-057d-43c6-ae62-00afb907160f,UYP,SVC_002,2026-01-29 16:18:41.000,2026-01-29 16:48:41.000
f27f0d78-b854-4bd5-9e01-50ecb74e8cd9,CZQ,SVC_001,2026-01-29 17:21:20.000,2026-01-29 17:51:20.000
6594f156-d362-483e-82fc-651bf9353635,JPT,SVC_001,2026-01-29 18:19:53.000,2026-01-29 18:49:53.000
b49f6e2a-bfd1-4e24-bdea-93293a8861fd,CCE,SVC_002,2026-01-29 19:50:38.000,2026-01-29 20:20:38.000
c76ee88d-6ac0-4976-8b83-ce6cac189234,YTG,SVC_002,2026-01-29 20:03:13.000,2026-01-29 20:33:13.000
f04c093f-72fd-4dc5-b2d9-59b758a884a7,LEJ,SVC_002,2026-01-29 20:09:34.000,2026-01-29 20:39:34.000
bcb383c5-5a76-4150-8efc-941611687179,DCE,SVC_001,2026-01-29 21:06:45.000,2026-01-29 21:36:45.000
b0fe0372-9f9b-4e66-bb46-c9648dcc3580,IVP,SVC_002,2026-01-29 21:12:06.000,2026-01-29 21:42:06.000
fea45e1f-7ecb-4a8a-8884-6cbf14f56b80,JYX,SVC_002,2026-01-29 21:56:55.000,2026-01-29 22:26:55.000
aefd6773-c508-4106-adec-addb6347e5f8,TSV,SVC_002,2026-01-29 22:28:58.000,2026-01-29 22:58:58.000
fac4c4a1-02fb-4e5a-a793-d9d5ab66f561,ZHL,SVC_002,2026-01-29 22:40:01.000,2026-01-29 23:10:01.000
523e7dbd-ba11-45fc-bbc4-e49ac7a7d64a,ANN,SVC_001,2026-01-29 22:49:53.000,2026-01-29 23:19:53.000
9d641bdb-a41f-4102-a2d0-6ea34e6e3a79,PXA,SVC_001,2026-01-29 23:15:44.000,2026-01-29 23:45:44.000
d880fe28-db7a-4c76-9ff6-861cd0b8f8b5,AEW,SVC_001,2026-01-29 23:19:25.000,2026-01-29 23:49:25.000
d9a1b664-6154-4534-8ac2-bb77aa83ee15,RTR,SVC_002,2026-01-30 00:37:37.000,2026-01-30 01:07:37.000
467b3a14-bb0f-4fe5-9805-dbd6fdfba9d6,PWE,SVC_002,2026-01-30 01:57:13.000,2026-01-30 02:27:13.000
da21f663-399e-436f-8fcc-4b2ef7c1631e,LGS,SVC_002,2026-01-30 02:43:28.000,2026-01-30 03:13:28.000
10e7f21b-56ba-4f0c-929b-07aacebf82ef,KQF,SVC_002,2026-01-30 02:50:44.000,2026-01-30 03:20:44.000
c46d3e02-7b4d-4c0e-846b-8bbc2cb3b9b6,TKG,SVC_002,2026-01-30 03:03:05.000,2026-01-30 03:33:05.000
efdf1107-2f4c-4654-baf5-29ae89588ae0,XMU,SVC_001,2026-01-30 05:24:24.000,2026-01-30 05:54:24.000
ab546a85-6946-4e73-80c4-13a110d86855,XOA,SVC_001,2026-01-30 05:43:23.000,2026-01-30 06:13:23.000
1c6c5426-8819-4945-960d-01210c617749,XJC,SVC_002,2026-01-30 06:28:14.000,2026-01-30 06:58:14.000
b74d9aaa-7883-464a-9a61-95d8e99e11f2,PAJ,SVC_002,2026-01-30 06:31:41.000,2026-01-30 07:01:41.000
3fb75936-6b20-4c65-95de-4a02c8ced95a,YDH,SVC_001,2026-01-30 06:50:33.000,2026-01-30 07:20:33.000
b111cb3f-16ae-493a-8d5d-3661862a29f0,IWY,SVC_002,2026-01-30 07:19:29.000,2026-01-30 07:49:29.000
1ecef8f4-a8ae-43a3-9ee5-e0dd644662ea,FDI,SVC_001,2026-01-30 08:19:44.000,2026-01-30 08:49:44.000
aafb24c7-59c5-45ba-affb-fdfc0fb76795,RPG,SVC_001,2026-01-30 08:32:44.000,2026-01-30 09:02:44.000
ec54b5b0-e5a8-4204-b9e5-b122024480e9,MSE,SVC_001,2026-01-30 08:49:12.000,2026-01-30 09:19:12.000
487fa4ac-dae3-46bf-847a-c6cc899a4507,EQH,SVC_002,2026-01-30 08:58:53.000,2026-01-30 09:28:53.000
8e65833e-de23-4a66-b6c5-7c5c66ec1452,YBJ,SVC_001,2026-01-30 08:58:49.000,2026-01-30 09:28:49.000
4aae01d8-d02d-4696-8744-ad32305d647d,RQA,SVC_002,2026-01-30 09:03:03.000,2026-01-30 09:33:03.000
b913db02-d077-4617-b7de-b354a2ea1796,OCF,SVC_002,2026-01-30 10:13:53.000,2026-01-30 10:43:53.000
98f6b5d4-c34f-48e1-ae51-6f215b9ba2fc,FNW,SVC_001,2026-01-30 10:47:22.000,2026-01-30 11:17:22.000
d9fe5a61-cebc-414f-ad6c-24a609459caa,HNW,SVC_001,2026-01-30 11:08:05.000,2026-01-30 11:38:05.000
453e61e1-c27f-4409-9b81-c6d9f511a5b0,WBQ,SVC_001,2026-01-30 11:43:58.000,2026-01-30 12:13:58.000
aae283e4-446e-4240-839e-d1ff8d9899fc,WCV,SVC_002,2026-01-30 11:54:45.000,2026-01-30 12:24:45.000
0298979f-9ebf-451c-ba60-1535235594f5,BTN,SVC_002,2026-01-30 13:15:25.000,2026-01-30 13:45:25.000
83db4313-91e4-4f2d-9ce6-d4b0680ce208,SNW,SVC_002,2026-01-30 13:21:07.000,2026-01-30 13:51:07.000
ac821612-074c-494c-b7d7-9dd669ba2c3b,KMK,SVC_002,2026-01-30 13:29:37.000,2026-01-30 13:59:37.000
0233f3e2-d4c8-44bc-9c5d-036e39046f78,CPN,SVC_001,2026-01-30 13:30:27.000,2026-01-30 14:00:27.000
93a90cf1-461d-44d8-a7ea-8c12f4466228,OBI,SVC_002,2026-01-30 13:36:05.000,2026-01-30 14:06:05.000
9442b47d-e374-4621-b8be-f003e463fa64,TVR,SVC_002,2026-01-30 14:18:08.000,2026-01-30 14:48:08.000
27056a86-c210-46f4-8151-31e6a7d95df0,UEY,SVC_001,2026-01-30 15:10:43.000,2026-01-30 15:40:43.000
20cbf170-9df2-48b3-92eb-5a000f3e4ed7,LNG,SVC_002,2026-01-30 15:35:02.000,2026-01-30 16:05:02.000
b6eef25a-7c69-4e43-8de4-02b6cbca5f0b,NUY,SVC_001,2026-01-30 15:59:46.000,2026-01-30 16:29:46.000
47e8c83c-85d6-4133-8973-9b4b906b8744,KYK,SVC_001,2026-01-30 16:09:41.000,2026-01-30 16:39:41.000
8bad25f1-9b8b-4368-b6fe-37f671633a97,UDL,SVC_001,2026-01-30 16:25:37.000,2026-01-30 16:55:37.000
3ead29ff-073c-465f-a766-8774e23507d6,FRC,SVC_001,2026-01-30 17:02:21.000,2026-01-30 17:32:21.000
bc321aa6-ebde-4ae9-add5-75beb1cb14a5,SLD,SVC_002,2026-01-30 17:17:44.000,2026-01-30 17:47:44.000
3adfc8ff-f8f1-46a6-b179-004d73eb824c,FAR,SVC_002,2026-01-30 17:24:43.000,2026-01-30 17:54:43.000
243dd08d-ec19-4cc3-9570-d49238433244,HPN,SVC_001,2026-01-30 18:09:40.000,2026-01-30 18:39:40.000
213b2180-1ad7-40dd-826e-0fc23d42c96e,ZHM,SVC_001,2026-01-30 18:27:32.000,2026-01-30 18:57:32.000
60a5e731-b5a3-4338-96ea-03501497d5d9,XOW,SVC_002,2026-01-30 18:57:52.000,2026-01-30 19:27:52.000
ec341aa4-914d-4ef1-80cf-3face2662e62,CMP,SVC_002,2026-01-30 19:31:11.000,2026-01-30 20:01:11.000
1214f2a0-2d42-4a3e-9b92-bc7fd06366e7,VKP,SVC_001,2026-01-30 19:51:57.000,2026-01-30 20:21:57.000
0a47c7a9-1a40-4856-9a3b-0dda02ca92a9,HRC,SVC_002,2026-01-30 21:05:14.000,2026-01-30 21:35:14.000
a3b499bf-06fb-4ee3-8a98-ba2ff9244c28,NFT,SVC_002,2026-01-30 21:41:09.000,2026-01-30 22:11:09.000
12485890-fe22-47f7-adb6-ef451f7d7a2e,BWK,SVC_001,2026-01-30 22:07:15.000,2026-01-30 22:37:15.000
7e94e13a-b105-41e2-b443-49d77cd80904,TTS,SVC_002,2026-01-30 22:28:24.000,2026-01-30 22:58:24.000
39c27d0c-fc44-44cc-a62c-adb82fbcddc2,AYT,SVC_002,2026-01-30 22:34:14.000,2026-01-30 23:04:14.000
4ff4eb27-606e-4c64-8e67-4b52da029867,IOE,SVC_002,2026-01-30 22:47:52.000,2026-01-30 23:17:52.000
946f250a-4b24-47c2-983c-579dc8f84bc1,AQI,SVC_001,2026-01-31 00:21:47.000,2026-01-31 00:51:47.000
fb2b2353-d793-4d9f-936a-0656df49b721,HXX,SVC_001,2026-01-31 01:12:37.000,2026-01-31 01:42:37.000
4ed022f1-16da-4b25-b5ac-c9f2d8cf0002,SYO,SVC_002,2026-01-31 01:23:49.000,2026-01-31 01:53:49.000
68100357-862b-407e-983b-a8a52baee4c4,YVQ,SVC_002,2026-01-31 02:16:21.000,2026-01-31 02:46:21.000
76aba7bd-a0d4-46b7-a46f-10c780ecfc4e,UTB,SVC_001,2026-01-31 04:49:46.000,2026-01-31 05:19:46.000
32365c6f-e4fc-41c1-8469-f89d72ca7d04,KSE,SVC_002,2026-01-31 06:07:41.000,2026-01-31 06:37:41.000
f6eaa2f9-d588-4499-89ab-b05b6c218a81,TYW,SVC_001,2026-01-31 06:33:29.000,2026-01-31 07:03:29.000
de2e48ac-8b28-4804-b412-c5e2c0bb9d7d,VZF,SVC_001,2026-01-31 07:26:54.000,2026-01-31 07:56:54.000
477f061f-f1bb-4f33-af0d-1a6e4233568a,NXR,SVC_001,2026-01-31 07:45:14.000,2026-01-31 08:15:14.000
5c0e7ca7-a2a6-4337-839c-5e5fbd5a024a,FMX,SVC_002,2026-01-31 08:45:26.000,2026-01-31 09:15:26.000
2ad8134a-71fa-447b-bcc6-64ef96609bca,NQW,SVC_002,2026-01-31 08:47:59.000,2026-01-31 09:17:59.000
9550ec69-a696-4761-9ed7-b5c2aff8dc1f,XTT,SVC_002,2026-01-31 09:29:40.000,2026-01-31 09:59:40.000
2b4bdc3f-2121-475f-abd4-a5ca6caa4de2,KCL,SVC_002,2026-01-31 10:04:39.000,2026-01-31 10:34:39.000
08c1e505-c814-469d-9a13-494819481934,ZCZ,SVC_002,2026-01-31 10:13:52.000,2026-01-31 10:43:52.000
b84881c6-f72c-41be-9897-d13682837062,ENE,SVC_001,2026-01-31 10:15:51.000,2026-01-31 10:45:51.000
5f3dee2e-f3db-435b-b023-655a1ddf7fab,SDR,SVC_002,2026-01-31 10:48:24.000,2026-01-31 11:18:24.000
269a65f8-1db5-4023-bbd5-5c30e6e907c5,NZJ,SVC_002,2026-01-31 11:07:59.000,2026-01-31 11:37:59.000
e45c8da2-1411-4449-85f4-310f14684782,LPW,SVC_002,2026-01-31 11:23:08.000,2026-01-31 11:53:08.000
84adeb40-e107-461a-969a-c1909706b480,MST,SVC_002,2026-01-31 11:26:29.000,2026-01-31 11:56:29.000
a8a555f6-ae8b-4cc4-9c29-e32a3e771051,AYM,SVC_001,2026-01-31 13:09:31.000,2026-01-31 13:39:31.000
848c14a0-4cd0-45fb-9f31-3c9169c889e4,CBT,SVC_002,2026-01-31 14:23:43.000,2026-01-31 14:53:43.000
d2a9a391-5b36-46a2-aef1-6ffa332280f0,JPA,SVC_001,2026-01-31 15:18:41.000,2026-01-31 15:48:41.000
88e4bf01-c661-470e-8874-18f27d083dd7,NWV,SVC_002,2026-01-31 15:30:59.000,2026-01-31 16:00:59.000
f12ce597-cc27-48d7-a4bd-94c5d8df7e2c,UQM,SVC_002,2026-01-31 16:37:20.000,2026-01-31 17:07:20.000
c3bc14d1-7a3d-4dcf-805d-e92ca341c528,YDX,SVC_002,2026-01-31 16:48:55.000,2026-01-31 17:18:55.000
decae532-131f-4cea-9657-f0015c5be627,CZK,SVC_001,2026-01-31 17:01:45.000,2026-01-31 17:31:45.000
3f214131-7fc9-4189-9590-fb1245fda32d,NGS,SVC_001,2026-01-31 17:09:12.000,2026-01-31 17:39:12.000
d7df0a12-2d10-4531-9b6f-b34255215e45,RER,SVC_002,2026-01-31 17:14:42.000,2026-01-31 17:44:42.000
f5cd0fac-94d9-43c7-863c-ce91fa3ec300,VDK,SVC_001,2026-01-31 17:58:05.000,2026-01-31 18:28:05.000
3c4299f8-1e8a-473e-b4a6-9049db743919,SVN,SVC_002,2026-01-31 18:33:19.000,2026-01-31 19:03:19.000
076faa71-f7a4-42ab-9759-7b78dc500e95,EWO,SVC_002,2026-01-31 19:00:33.000,2026-01-31 19:30:33.000
11e6c112-6b35-41fe-a79f-ee8e81a5d71a,DLI,SVC_002,2026-01-31 19:45:37.000,2026-01-31 20:15:37.000
f846cb34-1a4d-45da-bef4-57bd2c7221f8,PXE,SVC_002,2026-01-31 19:48:36.000,2026-01-31 20:18:36.000
dcee4907-6197-49b2-8f04-7c58ddc6ec13,FHL,SVC_002,2026-01-31 21:09:39.000,2026-01-31 21:39:39.000
f63f9d83-10b5-4843-9253-465f4bf97820,ALH,SVC_002,2026-01-31 21:42:04.000,2026-01-31 22:12:04.000
0190a43e-79e8-410d-9307-c407f00234f4,PPL,SVC_001,2026-01-31 22:39:55.000,2026-01-31 23:09:55.000
88a39e9a-f9b3-4fe4-b6f9-fb0bb2c606e9,MTK,SVC_002,2026-01-31 22:47:50.000,2026-01-31 23:17:50.000
cb709427-d6df-4188-9a4b-c38e53293755,ZHT,SVC_002,2026-01-31 23:07:08.000,2026-01-31 23:37:08.000
41dfdb8a-dff2-4812-8c18-4e8c52d546b4,QMO,SVC_002,2026-01-31 23:32:42.000,2026-02-01 00:02:42.000
